severity_control,responder_count,realization,seed,algorithm,failed_directed_edges,incident_count,incidents,assigned,unreachable,reachability_pct,mean_response_s,median_response_s,p90_response_s,total_response_s,weighted_unmet_demand
0.1,8,0,5050,greedy,1079,10,10,8,2,80.0,1028.52510281153,1020.6803736816556,1508.9005299648468,8228.200822492241,9
0.1,8,0,5050,global_min_cost,1079,10,10,8,2,80.0,974.0913227476861,961.4579507579226,1555.6215231676683,7792.73058198149,9
0.1,10,0,5050,greedy,1079,10,10,8,2,80.0,740.0919130409105,667.124124138714,1124.3905436965629,5920.735304327285,9
0.1,10,0,5050,global_min_cost,1079,10,10,8,2,80.0,689.013574512786,639.695800859448,1002.3740905132087,5512.108596102289,9
0.1,12,0,5050,greedy,1079,10,10,8,2,80.0,666.6793206757545,667.124124138714,1100.2096661519706,5333.434565406036,9
0.1,12,0,5050,global_min_cost,1079,10,10,8,2,80.0,614.8906410827847,612.3674508640548,1060.3985443802974,4919.125128662277,9
0.1,14,0,5050,greedy,1079,10,10,8,2,80.0,651.6222648805394,667.124124138714,1032.721792036949,5212.9781190443155,9
0.1,14,0,5050,global_min_cost,1079,10,10,8,2,80.0,599.8335852875696,612.3674508640548,1008.9841696467249,4798.6686823005575,9
0.1,16,0,5050,greedy,1079,10,10,8,2,80.0,607.5965523085604,607.901701214981,994.685023053833,4860.772418468483,9
0.1,16,0,5050,global_min_cost,1079,10,10,8,2,80.0,530.5105708203128,544.6547034712853,847.4306559351598,4244.084566562502,9
0.1,20,0,5050,greedy,1079,10,10,8,2,80.0,445.6405392160105,376.7664901936379,760.1479264297988,3565.1243137280835,9
0.1,20,0,5050,global_min_cost,1079,10,10,8,2,80.0,376.23901767267085,291.8620389501831,638.1035560994546,3009.9121413813664,9
0.1,24,0,5050,greedy,1079,10,10,8,2,80.0,338.8784110462746,261.96772998709946,621.673102044747,2711.027288370197,9
0.1,24,0,5050,global_min_cost,1079,10,10,8,2,80.0,321.01100684824974,244.42809160694668,592.4323043454656,2568.088054785998,9
0.1,32,0,5050,greedy,1079,10,10,8,2,80.0,264.77888144549735,189.22087451476915,568.7875331960605,2118.2310515639783,9
0.1,32,0,5050,global_min_cost,1079,10,10,8,2,80.0,252.55434020228248,195.23063817377135,520.9947910020218,2020.4347216182598,9
0.1,8,1,5051,greedy,1129,10,10,7,3,70.0,1398.6651657668922,1415.1695708308466,2579.858168454904,9790.656160368246,8
0.1,8,1,5051,global_min_cost,1129,10,10,7,3,70.0,1176.9390944424658,647.7246978490423,2545.755524612433,8238.57366109726,8
0.1,10,1,5051,greedy,1129,10,10,8,2,80.0,1104.964824731894,960.1478718247504,2005.4006950469384,8839.718597855152,6
0.1,10,1,5051,global_min_cost,1129,10,10,8,2,80.0,942.0477042973079,639.9193901003422,1940.3787274902545,7536.381634378462,6
0.1,12,1,5051,greedy,1129,10,10,8,2,80.0,985.9755289765526,960.1478718247504,1609.8725009881543,7887.804231812421,6
0.1,12,1,5051,global_min_cost,1129,10,10,8,2,80.0,883.4741457411949,720.1271986369716,1654.8490618708624,7067.793165929559,6
0.1,14,1,5051,greedy,1129,10,10,8,2,80.0,578.1194039976219,518.0068329779625,968.5582186404779,4624.955231980975,6
0.1,14,1,5051,global_min_cost,1129,10,10,8,2,80.0,496.88881185180503,564.9318846944623,734.7382233399536,3975.1104948144402,6
0.1,16,1,5051,greedy,1129,10,10,8,2,80.0,500.16477179556773,508.8505745766397,836.4403472472046,4001.318174364542,6
0.1,16,1,5051,global_min_cost,1129,10,10,8,2,80.0,425.26405624517014,406.1301170235523,706.4684434398227,3402.112449961361,6
0.1,20,1,5051,greedy,1129,10,10,8,2,80.0,455.1198026134644,426.68325484236146,801.2834024130327,3640.9584209077148,6
0.1,20,1,5051,global_min_cost,1129,10,10,8,2,80.0,371.3439790704951,334.00710490583526,676.0200417168228,2970.7518325639608,6
0.1,24,1,5051,greedy,1129,10,10,8,2,80.0,349.57544761921883,289.41623292814586,591.8607835498862,2796.60358095375,6
0.1,24,1,5051,global_min_cost,1129,10,10,8,2,80.0,331.96592869858586,259.6558884858966,636.9960652578591,2655.7274295886873,6
0.1,32,1,5051,greedy,1129,10,10,8,2,80.0,349.57544761921883,289.41623292814586,591.8607835498862,2796.60358095375,6
0.1,32,1,5051,global_min_cost,1129,10,10,8,2,80.0,331.96592869858586,259.6558884858966,636.9960652578591,2655.7274295886873,6
0.1,8,2,5052,greedy,1102,10,10,7,3,70.0,751.3371836435387,409.75463607317715,1630.559478838254,5259.36028550477,5
0.1,8,2,5052,global_min_cost,1102,10,10,7,3,70.0,294.4411518399652,197.1568537967584,532.7098601450575,2061.088062879756,11
0.1,10,2,5052,greedy,1102,10,10,9,1,90.0,669.0439965703446,472.69570814095545,1239.8399400810063,6021.395969133102,2
0.1,10,2,5052,global_min_cost,1102,10,10,9,1,90.0,333.62061309733303,365.6249406013318,532.6196328730889,3002.5855178759975,5
0.1,12,2,5052,greedy,1102,10,10,10,0,100.0,512.1543273187833,298.61077119981695,908.2244387000823,5121.543273187834,0
0.1,12,2,5052,global_min_cost,1102,10,10,10,0,100.0,468.8343491817202,281.39089719904507,686.04093085089,4688.3434918172015,0
0.1,14,2,5052,greedy,1102,10,10,10,0,100.0,500.95937661541814,298.61077119981695,908.2244387000823,5009.593766154181,0
0.1,14,2,5052,global_min_cost,1102,10,10,10,0,100.0,460.8191047186661,241.31467488377473,686.04093085089,4608.19104718666,0
0.1,16,2,5052,greedy,1102,10,10,10,0,100.0,459.91074051638026,223.51815878717525,908.2244387000823,4599.1074051638025,0
0.1,16,2,5052,global_min_cost,1102,10,10,10,0,100.0,424.80988489365313,193.55592296080215,648.4583258141506,4248.098848936531,0
0.1,20,2,5052,greedy,1102,10,10,10,0,100.0,359.5610348021806,185.36003296387025,600.7339501308857,3595.610348021806,0
0.1,20,2,5052,global_min_cost,1102,10,10,10,0,100.0,359.5610348021806,185.36003296387025,600.7339501308857,3595.6103480218057,0
0.1,24,2,5052,greedy,1102,10,10,10,0,100.0,242.7155166295563,179.8100577976258,498.1415689337806,2427.1551662955635,0
0.1,24,2,5052,global_min_cost,1102,10,10,10,0,100.0,242.7155166295563,179.8100577976258,498.1415689337806,2427.1551662955626,0
0.1,32,2,5052,greedy,1102,10,10,10,0,100.0,215.72943044269377,153.29486197577415,498.1415689337806,2157.2943044269377,0
0.1,32,2,5052,global_min_cost,1102,10,10,10,0,100.0,215.72943044269377,153.29486197577415,498.1415689337806,2157.2943044269377,0
0.1,8,3,5053,greedy,1150,10,10,7,3,70.0,1083.1460691735963,842.3955193808773,2094.7160797193555,7582.022484215174,10
0.1,8,3,5053,global_min_cost,1150,10,10,7,3,70.0,630.0339998569881,638.483491480365,1028.5410446981068,4410.237998998917,8
0.1,10,3,5053,greedy,1150,10,10,9,1,90.0,831.5488579516099,674.5657715502691,1764.8238153550953,7483.939721564489,3
0.1,10,3,5053,global_min_cost,1150,10,10,9,1,90.0,731.3334083727963,659.2780707662819,1395.775395534982,6582.000675355165,3
0.1,12,3,5053,greedy,1150,10,10,9,1,90.0,664.1939597369358,534.8981180688533,1449.2268391371817,5977.745637632422,3
0.1,12,3,5053,global_min_cost,1150,10,10,9,1,90.0,594.7845404031569,534.8981180688533,1395.775395534982,5353.060863628411,3
0.1,14,3,5053,greedy,1150,10,10,9,1,90.0,526.3415402299261,445.95193250190323,913.6752686431323,4737.073862069335,3
0.1,14,3,5053,global_min_cost,1150,10,10,9,1,90.0,508.0056023679578,503.74698628672496,952.701067255348,4572.05042131162,3
0.1,16,3,5053,greedy,1150,10,10,9,1,90.0,500.16651733050253,381.61939505310664,913.6752686431323,4501.498655974523,3
0.1,16,3,5053,global_min_cost,1150,10,10,9,1,90.0,479.7274256619398,337.388178351162,952.701067255348,4317.546830957458,3
0.1,20,3,5053,greedy,1150,10,10,9,1,90.0,492.3198063738739,326.60262127842566,913.6752686431323,4430.878257364866,3
0.1,20,3,5053,global_min_cost,1150,10,10,9,1,90.0,473.98386851190565,326.60262127842566,952.701067255348,4265.8548166071505,3
0.1,24,3,5053,greedy,1150,10,10,9,1,90.0,397.0500597885658,296.52242122497796,805.31866917608,3573.4505380970922,3
0.1,24,3,5053,global_min_cost,1150,10,10,9,1,90.0,372.8630434825074,176.67357779813926,767.787131979518,3355.767391342567,3
0.1,32,3,5053,greedy,1150,10,10,9,1,90.0,393.85162926535935,296.52242122497796,805.31866917608,3544.6646633882337,3
0.1,32,3,5053,global_min_cost,1150,10,10,9,1,90.0,369.6646129593009,176.67357779813926,767.787131979518,3326.9815166337085,3
0.1,8,4,5054,greedy,1070,10,10,6,4,60.0,525.2500806771162,528.3916160197927,949.4460563391617,3151.5004840626975,14
0.1,8,4,5054,global_min_cost,1070,10,10,6,4,60.0,280.5884601756413,200.6477327595083,592.3166101730471,1683.5307610538475,10
0.1,10,4,5054,greedy,1070,10,10,8,2,80.0,588.6652844725601,457.417849309104,1134.7109273309422,4709.322275780481,7
0.1,10,4,5054,global_min_cost,1070,10,10,8,2,80.0,387.53872748255134,284.69016182998894,795.0394169215731,3100.309819860411,7
0.1,12,4,5054,greedy,1070,10,10,10,0,100.0,780.1895465820211,714.0592702928952,1637.4229215428281,7801.89546582021,0
0.1,12,4,5054,global_min_cost,1070,10,10,10,0,100.0,622.4010677331581,413.49814963864344,1243.5927850140738,6224.010677331581,0
0.1,14,4,5054,greedy,1070,10,10,10,0,100.0,604.0965300203469,387.4762197960929,1420.5243563827366,6040.965300203469,0
0.1,14,4,5054,global_min_cost,1070,10,10,10,0,100.0,399.5628204187503,287.9411877435806,784.8281587695086,3995.6282041875033,0
0.1,16,4,5054,greedy,1070,10,10,10,0,100.0,438.4955232470162,287.9411877435806,857.3688536753543,4384.955232470162,0
0.1,16,4,5054,global_min_cost,1070,10,10,10,0,100.0,339.42510057751906,287.9411877435806,597.0780326374276,3394.2510057751906,0
0.1,20,4,5054,greedy,1070,10,10,10,0,100.0,302.44326102324754,236.46384070893737,504.62162673341754,3024.432610232476,0
0.1,20,4,5054,global_min_cost,1070,10,10,10,0,100.0,295.9901139327301,283.74871699608116,468.1210395230777,2959.9011393273017,0
0.1,24,4,5054,greedy,1070,10,10,10,0,100.0,292.681912312421,221.35788808029776,501.23327681390236,2926.8191231242104,0
0.1,24,4,5054,global_min_cost,1070,10,10,10,0,100.0,286.22876522190353,283.74871699608116,468.1210395230777,2862.2876522190354,0
0.1,32,4,5054,greedy,1070,10,10,10,0,100.0,155.69704582095707,142.21766237472443,241.57426242738822,1556.9704582095708,0
0.1,32,4,5054,global_min_cost,1070,10,10,10,0,100.0,151.7797408248021,142.21766237472443,254.42197682311252,1517.797408248021,0
0.1,8,5,5055,greedy,1158,10,10,8,2,80.0,903.129185921914,447.45989273627157,2430.6037107709544,7225.033487375311,8
0.1,8,5,5055,global_min_cost,1158,10,10,8,2,80.0,761.2648086776637,448.81632122777114,1815.2753216877888,6090.11846942131,7
0.1,10,5,5055,greedy,1158,10,10,9,1,90.0,661.4804714983214,436.8739059242729,1690.7291362680135,5953.324243484893,4
0.1,10,5,5055,global_min_cost,1158,10,10,9,1,90.0,570.4273385229626,533.0798593316786,1115.3490353993363,5133.846046706663,4
0.1,12,5,5055,greedy,1158,10,10,9,1,90.0,297.91894494847065,296.27895651224185,494.41865234274735,2681.270504536236,4
0.1,12,5,5055,global_min_cost,1158,10,10,9,1,90.0,294.3176799193976,294.6744592692854,521.2942919640079,2648.859119274579,4
0.1,14,5,5055,greedy,1158,10,10,9,1,90.0,247.15797049798468,265.66194381549906,396.1351017593179,2224.421734481862,4
0.1,14,5,5055,global_min_cost,1158,10,10,9,1,90.0,247.15797049798468,239.01345899361775,417.45388961682295,2224.421734481862,4
0.1,16,5,5055,greedy,1158,10,10,9,1,90.0,188.31283084089813,215.86439863365175,310.5226169048849,1694.815477568083,4
0.1,16,5,5055,global_min_cost,1158,10,10,9,1,90.0,188.31283084089816,215.86439863365175,315.8523138692612,1694.8154775680835,4
0.1,20,5,5055,greedy,1158,10,10,9,1,90.0,172.64274995497385,215.86439863365175,294.9953587178767,1553.7847495947647,4
0.1,20,5,5055,global_min_cost,1158,10,10,9,1,90.0,172.64274995497385,215.86439863365175,294.9953587178767,1553.7847495947644,4
0.1,24,5,5055,greedy,1158,10,10,9,1,90.0,162.19512752160924,144.98485709333636,294.9953587178767,1459.7561476944832,4
0.1,24,5,5055,global_min_cost,1158,10,10,9,1,90.0,162.19512752160924,144.98485709333636,294.9953587178767,1459.756147694483,4
0.1,32,5,5055,greedy,1158,10,10,9,1,90.0,150.36736565660146,107.50198935243671,294.9953587178767,1353.306290909413,4
0.1,32,5,5055,global_min_cost,1158,10,10,9,1,90.0,150.36736565660146,107.50198935243671,294.9953587178767,1353.3062909094128,4
0.1,8,6,5056,greedy,1139,10,10,6,4,60.0,813.4896115274441,757.4480271516502,1334.7648635941077,4880.937669164665,12
0.1,8,6,5056,global_min_cost,1139,10,10,6,4,60.0,474.7880303191683,348.2559438365745,869.6046674577901,2848.72818191501,14
0.1,10,6,5056,greedy,1139,10,10,8,2,80.0,883.5202741857096,688.006253263188,1674.0816421393397,7068.162193485678,5
0.1,10,6,5056,global_min_cost,1139,10,10,8,2,80.0,780.0961692731784,555.2295374576595,1550.0613404727223,6240.769354185427,5
0.1,12,6,5056,greedy,1139,10,10,8,2,80.0,714.7833725243829,667.920978120387,1065.257996702606,5718.266980195063,5
0.1,12,6,5056,global_min_cost,1139,10,10,8,2,80.0,581.7733797679366,502.6459159633741,1124.0447992696584,4654.187038143493,5
0.1,14,6,5056,greedy,1139,10,10,8,2,80.0,552.7838798197545,500.24223363842833,914.6708576877495,4422.271038558036,5
0.1,14,6,5056,global_min_cost,1139,10,10,8,2,80.0,477.70388474121415,237.11625149761667,958.834060704743,3821.6310779297132,5
0.1,16,6,5056,greedy,1139,10,10,8,2,80.0,545.5596065731322,500.24223363842833,874.2149275066649,4364.476852585058,5
0.1,16,6,5056,global_min_cost,1139,10,10,8,2,80.0,470.63609317425136,237.11625149761667,956.8427348911974,3765.088745394011,5
0.1,20,6,5056,greedy,1139,10,10,8,2,80.0,385.8120562612676,271.38882289663206,697.5153189215831,3086.4964500901415,5
0.1,20,6,5056,global_min_cost,1139,10,10,8,2,80.0,356.8376442436826,206.19124582563205,900.2708984188141,2854.7011539494606,5
0.1,24,6,5056,greedy,1139,10,10,8,2,80.0,360.4416504392846,213.39530970799018,697.5153189215831,2883.533203514277,5
0.1,24,6,5056,global_min_cost,1139,10,10,8,2,80.0,343.74868121306474,213.39530970799018,779.9721872350782,2749.9894497045184,5
0.1,32,6,5056,greedy,1139,10,10,8,2,80.0,355.0503949110461,213.39530970799018,697.5153189215831,2840.4031592883694,5
0.1,32,6,5056,global_min_cost,1139,10,10,8,2,80.0,327.40733970062666,183.6171538867945,779.9721872350782,2619.2587176050133,5
0.1,8,7,5057,greedy,1145,10,10,7,3,70.0,503.6488484043064,511.46544671854383,890.8093493331421,3525.5419388301448,6
0.1,8,7,5057,global_min_cost,1145,10,10,7,3,70.0,390.1261023821084,245.3482607150816,778.9980710685298,2730.8827166747587,7
0.1,10,7,5057,greedy,1145,10,10,9,1,90.0,531.8200255785904,571.7051177841156,902.127242366503,4786.380230207313,3
0.1,10,7,5057,global_min_cost,1145,10,10,9,1,90.0,513.5428067063425,422.39126315352866,1021.2829084945014,4621.885260357083,3
0.1,12,7,5057,greedy,1145,10,10,9,1,90.0,475.00859962710024,473.0595888536236,844.3350913635447,4275.077396643902,3
0.1,12,7,5057,global_min_cost,1145,10,10,9,1,90.0,410.6590574991632,391.3865767632517,856.0918175300675,3695.9315174924695,3
0.1,14,7,5057,greedy,1145,10,10,9,1,90.0,451.05287558154237,420.7410257124969,826.5202546505417,4059.475880233881,3
0.1,14,7,5057,global_min_cost,1145,10,10,9,1,90.0,377.2947127439245,362.23360905708796,838.5417031969552,3395.6524146953197,3
0.1,16,7,5057,greedy,1145,10,10,9,1,90.0,419.413003693688,420.7410257124969,801.343897767797,3774.7170332431924,3
0.1,16,7,5057,global_min_cost,1145,10,10,9,1,90.0,316.68617792252724,157.56981114371268,840.3752229827248,2850.1756013027452,3
0.1,20,7,5057,greedy,1145,10,10,9,1,90.0,371.03065662182644,347.611452023574,801.343897767797,3339.2759095964384,3
0.1,20,7,5057,global_min_cost,1145,10,10,9,1,90.0,305.54342847716714,140.93756243685363,840.3752229827248,2749.8908562945044,3
0.1,24,7,5057,greedy,1145,10,10,9,1,90.0,323.69691926151546,215.9806980003637,801.343897767797,2913.2722733536393,3
0.1,24,7,5057,global_min_cost,1145,10,10,9,1,90.0,296.70397738484394,157.56981114371268,840.3752229827248,2670.3357964635957,3
0.1,32,7,5057,greedy,1145,10,10,9,1,90.0,299.73029781849357,180.95282306312228,801.343897767797,2697.572680366442,3
0.1,32,7,5057,global_min_cost,1145,10,10,9,1,90.0,287.17201018200706,166.73512013767052,806.4463864674818,2584.5480916380634,3
0.1,8,8,5058,greedy,1130,10,10,7,3,70.0,889.0950381340599,603.8582773056859,1526.803155794717,6223.66526693842,7
0.1,8,8,5058,global_min_cost,1130,10,10,7,3,70.0,799.008997059716,603.8582773056859,1389.1027444345257,5593.062979418011,7
0.1,10,8,5058,greedy,1130,10,10,7,3,70.0,491.95794836066074,436.3631902977251,772.8876534880766,3443.705638524625,7
0.1,10,8,5058,global_min_cost,1130,10,10,7,3,70.0,451.5037958525124,436.3631902977251,787.4242394011279,3160.5265709675873,7
0.1,12,8,5058,greedy,1130,10,10,7,3,70.0,396.5058409182307,409.7727533222228,596.0108783467355,2775.540886427615,7
0.1,12,8,5058,global_min_cost,1130,10,10,7,3,70.0,358.96745612610806,436.3631902977251,515.8757194678508,2512.772192882757,7
0.1,14,8,5058,greedy,1130,10,10,7,3,70.0,386.0436177113419,409.7727533222228,554.6853405307858,2702.3053239793926,7
0.1,14,8,5058,global_min_cost,1130,10,10,7,3,70.0,342.1960376293886,360.97331143943615,546.248566200759,2395.3722634057203,7
0.1,16,8,5058,greedy,1130,10,10,7,3,70.0,386.0436177113419,409.7727533222228,554.6853405307858,2702.3053239793926,7
0.1,16,8,5058,global_min_cost,1130,10,10,7,3,70.0,342.1960376293886,360.97331143943615,483.55780251473226,2395.3722634057203,7
0.1,20,8,5058,greedy,1130,10,10,7,3,70.0,386.0436177113419,409.7727533222228,554.6853405307858,2702.3053239793926,7
0.1,20,8,5058,global_min_cost,1130,10,10,7,3,70.0,337.8178769862851,362.6689669964642,487.6348851362438,2364.7251389039957,7
0.1,24,8,5058,greedy,1130,10,10,7,3,70.0,289.03833504867373,284.0121209880097,381.51048152676765,2023.268345340716,7
0.1,24,8,5058,global_min_cost,1130,10,10,7,3,70.0,289.03833504867373,272.71476974055787,415.2880261994557,2023.268345340716,7
0.1,32,8,5058,greedy,1130,10,10,7,3,70.0,223.5920147291165,236.245727395786,287.5435314439469,1565.1441031038155,7
0.1,32,8,5058,global_min_cost,1130,10,10,7,3,70.0,221.33976928118142,207.00157047132114,328.320992117065,1549.37838496827,7
0.1,8,9,5059,greedy,1129,10,10,8,2,80.0,2113.8592556411445,1006.8077032934111,5025.931791179809,16910.874045129156,8
0.1,8,9,5059,global_min_cost,1129,10,10,8,2,80.0,914.8454793630716,667.3910209982783,1668.9899855627518,7318.763834904573,9
0.1,10,9,5059,greedy,1129,10,10,9,1,90.0,1993.9305973851622,1022.0758374362765,4957.677932201938,17945.375376466458,4
0.1,10,9,5059,global_min_cost,1129,10,10,9,1,90.0,1383.4377273591654,769.3670685336801,3456.099050049374,12450.939546232488,4
0.1,12,9,5059,greedy,1129,10,10,9,1,90.0,1949.111573593414,1022.0758374362765,4894.135838033628,17542.00416234073,4
0.1,12,9,5059,global_min_cost,1129,10,10,9,1,90.0,1350.383958005292,698.1050773294817,3456.099050049374,12153.455622047628,4
0.1,14,9,5059,greedy,1129,10,10,9,1,90.0,1297.3038966409931,576.7584732587173,3751.4677319030966,11675.73506976894,4
0.1,14,9,5059,global_min_cost,1129,10,10,9,1,90.0,1261.553538617497,680.47656703635,3418.958476373461,11353.98184755747,4
0.1,16,9,5059,greedy,1129,10,10,9,1,90.0,493.4128918481818,523.8176325681936,716.807608594873,4440.716026633636,4
0.1,16,9,5059,global_min_cost,1129,10,10,9,1,90.0,475.1028072528239,546.0682976909519,712.3574755703214,4275.925265275415,4
0.1,20,9,5059,greedy,1129,10,10,9,1,90.0,455.9819254549119,420.2637245687025,712.3574755703214,4103.837329094207,4
0.1,20,9,5059,global_min_cost,1129,10,10,9,1,90.0,437.671840859554,483.48129765508014,608.168245870893,3939.0465677359857,4
0.1,24,9,5059,greedy,1129,10,10,9,1,90.0,381.80972712316856,396.82553616842404,615.2801923137099,3436.287544108517,4
0.1,24,9,5059,global_min_cost,1129,10,10,9,1,90.0,381.80972712316856,420.2637245687025,578.543586208223,3436.287544108517,4
0.1,32,9,5059,greedy,1129,10,10,10,0,100.0,348.8757799203706,368.48006910459173,558.265430016997,3488.757799203706,0
0.1,32,9,5059,global_min_cost,1129,10,10,10,0,100.0,348.8757799203706,368.48006910459173,558.265430016997,3488.757799203706,0
0.1,8,10,5060,greedy,1137,10,10,7,3,70.0,725.3390269477541,320.33122878677375,1708.8610233352756,5077.3731886342775,9
0.1,8,10,5060,global_min_cost,1137,10,10,7,3,70.0,508.21105113092574,310.77676025614613,1106.0529165812086,3557.47735791648,11
0.1,10,10,5060,greedy,1137,10,10,9,1,90.0,688.6313128042816,449.68955157575124,1309.772834185418,6197.681815238535,2
0.1,10,10,5060,global_min_cost,1137,10,10,9,1,90.0,563.3214460595564,638.5261662333602,965.6352439811333,5069.893014536007,5
0.1,12,10,5060,greedy,1137,10,10,10,0,100.0,756.9568793743914,385.0103901812625,1595.255743497688,7569.568793743914,0
0.1,12,10,5060,global_min_cost,1137,10,10,10,0,100.0,530.1662390380983,385.0103901812625,930.6321131081285,5301.662390380982,0
0.1,14,10,5060,greedy,1137,10,10,10,0,100.0,504.02977624318726,385.0103901812625,953.8851124197154,5040.297762431872,0
0.1,14,10,5060,global_min_cost,1137,10,10,10,0,100.0,503.1335334131798,479.42869751006697,868.393702056177,5031.335334131798,0
0.1,16,10,5060,greedy,1137,10,10,10,0,100.0,504.02977624318726,385.0103901812625,953.8851124197154,5040.297762431872,0
0.1,16,10,5060,global_min_cost,1137,10,10,10,0,100.0,495.740781137302,470.5459351086723,953.8851124197154,4957.40781137302,0
0.1,20,10,5060,greedy,1137,10,10,10,0,100.0,446.81597516278623,374.3438964699327,833.0427118470823,4468.159751627862,0
0.1,20,10,5060,global_min_cost,1137,10,10,10,0,100.0,445.9197323327787,374.3438964699327,833.0427118470823,4459.197323327787,0
0.1,24,10,5060,greedy,1137,10,10,10,0,100.0,446.81597516278623,374.3438964699327,833.0427118470823,4468.159751627862,0
0.1,24,10,5060,global_min_cost,1137,10,10,10,0,100.0,445.9197323327787,374.3438964699327,715.3473720264054,4459.197323327787,0
0.1,32,10,5060,greedy,1137,10,10,10,0,100.0,322.4626855033754,255.042567871548,609.4804927006362,3224.6268550337536,0
0.1,32,10,5060,global_min_cost,1137,10,10,10,0,100.0,321.56644267336793,275.54158831191,584.5673556434152,3215.6644267336796,0
0.1,8,11,5061,greedy,1166,10,10,8,2,80.0,1210.8239749652696,937.5865561107394,2251.3050772695665,9686.591799722155,6
0.1,8,11,5061,global_min_cost,1166,10,10,8,2,80.0,1042.0763495239182,943.9936417543101,2071.8348785199437,8336.610796191348,3
0.1,10,11,5061,greedy,1166,10,10,9,1,90.0,704.2159730183275,289.83506483488077,1613.7390606986532,6337.943757164947,2
0.1,10,11,5061,global_min_cost,1166,10,10,9,1,90.0,631.5759068368418,492.5775674212068,1357.0354001434282,5684.183161531576,2
0.1,12,11,5061,greedy,1166,10,10,9,1,90.0,534.3876476069393,289.83506483488077,1094.298693492851,4809.488828462453,2
0.1,12,11,5061,global_min_cost,1166,10,10,9,1,90.0,497.9790670194157,448.8140977696203,1105.3319835444997,4481.811603174741,2
0.1,14,11,5061,greedy,1166,10,10,9,1,90.0,268.5216651426302,227.9335136609501,489.3723366849654,2416.694986283672,2
0.1,14,11,5061,global_min_cost,1166,10,10,9,1,90.0,268.5216651426302,227.9335136609501,489.3723366849654,2416.6949862836723,2
0.1,16,11,5061,greedy,1166,10,10,9,1,90.0,213.50683925158918,227.9335136609501,356.15879811277136,1921.5615532643026,2
0.1,16,11,5061,global_min_cost,1166,10,10,9,1,90.0,203.7472808445713,227.9335136609501,306.4370703653946,1833.7255276011417,2
0.1,20,11,5061,greedy,1166,10,10,9,1,90.0,201.29416369552112,227.9335136609501,314.9199038180133,1811.64747325969,2
0.1,20,11,5061,global_min_cost,1166,10,10,9,1,90.0,193.60378369189266,227.9335136609501,288.17877549057306,1742.4340532270342,2
0.1,24,11,5061,greedy,1166,10,10,9,1,90.0,171.74531482938426,159.68304735458148,288.17877549057306,1545.7078334644584,2
0.1,24,11,5061,global_min_cost,1166,10,10,9,1,90.0,171.74531482938426,159.68304735458148,288.17877549057306,1545.7078334644582,2
0.1,32,11,5061,greedy,1166,10,10,9,1,90.0,171.74531482938426,159.68304735458148,288.17877549057306,1545.7078334644584,2
0.1,32,11,5061,global_min_cost,1166,10,10,9,1,90.0,171.74531482938426,159.68304735458148,288.17877549057306,1545.7078334644582,2
0.1,8,12,5062,greedy,1185,10,10,8,2,80.0,1831.1353654810073,466.4731977124367,4395.316331454085,14649.082923848058,5
0.1,8,12,5062,global_min_cost,1185,10,10,8,2,80.0,1602.380815916916,542.9145997245081,4105.410668925285,12819.046527335326,7
0.1,10,12,5062,greedy,1185,10,10,10,0,100.0,1502.5573378862964,394.36822056477075,4283.26515488018,15025.573378862962,0
0.1,10,12,5062,global_min_cost,1185,10,10,10,0,100.0,1391.25270062296,542.9145997245081,4084.439852788204,13912.527006229599,0
0.1,12,12,5062,greedy,1185,10,10,10,0,100.0,1263.4456642741866,394.36822056477075,3146.2463131950453,12634.456642741865,0
0.1,12,12,5062,global_min_cost,1185,10,10,10,0,100.0,1173.5003650783103,434.5463976768454,4028.722954682725,11735.003650783103,0
0.1,14,12,5062,greedy,1185,10,10,10,0,100.0,1263.4456642741866,394.36822056477075,3146.2463131950453,12634.456642741865,0
0.1,14,12,5062,global_min_cost,1185,10,10,10,0,100.0,1173.5003650783103,434.5463976768454,3079.797947282318,11735.003650783103,0
0.1,16,12,5062,greedy,1185,10,10,10,0,100.0,861.8248025056483,327.3861838519922,1533.8503142049126,8618.248025056484,0
0.1,16,12,5062,global_min_cost,1185,10,10,10,0,100.0,771.8795033097724,395.80914115148437,1443.6773879246655,7718.795033097725,0
0.1,20,12,5062,greedy,1185,10,10,10,0,100.0,314.0375704719347,274.90617001089964,703.0075805492505,3140.3757047193467,0
0.1,20,12,5062,global_min_cost,1185,10,10,10,0,100.0,299.1476419280161,352.236904565402,505.81238971383084,2991.4764192801613,0
0.1,24,12,5062,greedy,1185,10,10,10,0,100.0,281.0903665763998,267.4753255963338,481.357916598152,2810.9036657639977,0
0.1,24,12,5062,global_min_cost,1185,10,10,10,0,100.0,276.6055840340716,353.24638752982605,452.1696179898816,2766.0558403407163,0
0.1,32,12,5062,greedy,1185,10,10,10,0,100.0,221.92402208268325,189.22757868142818,448.8841707510704,2219.2402208268322,0
0.1,32,12,5062,global_min_cost,1185,10,10,10,0,100.0,221.92402208268325,189.22757868142818,448.8841707510704,2219.2402208268322,0
0.1,8,13,5063,greedy,1117,10,10,7,3,70.0,807.3244748394839,472.9013421160713,1861.8786843398302,5651.271323876386,10
0.1,8,13,5063,global_min_cost,1117,10,10,7,3,70.0,771.1707371591629,472.9013421160713,1826.421708654425,5398.19516011414,13
0.1,10,13,5063,greedy,1117,10,10,9,1,90.0,1050.5775869111505,744.4469886395287,1934.4949587087233,9455.198282200356,5
0.1,10,13,5063,global_min_cost,1117,10,10,9,1,90.0,1037.943775757213,729.6002450516713,1972.501971835648,9341.493981814916,5
0.1,12,13,5063,greedy,1117,10,10,9,1,90.0,922.698120661868,744.4469886395287,1747.9375997647367,8304.283085956811,5
0.1,12,13,5063,global_min_cost,1117,10,10,9,1,90.0,901.7381498601308,690.8594931864069,1730.9921000044965,8115.643348741177,5
0.1,14,13,5063,greedy,1117,10,10,9,1,90.0,699.8869572513398,472.9013421160713,1342.0423561765228,6298.982615262058,5
0.1,14,13,5063,global_min_cost,1117,10,10,9,1,90.0,686.8581676228952,650.1914130893811,1321.4165464445978,6181.723508606057,5
0.1,16,13,5063,greedy,1117,10,10,9,1,90.0,644.112719737654,472.9013421160713,1283.9535459370472,5797.014477638885,5
0.1,16,13,5063,global_min_cost,1117,10,10,9,1,90.0,578.9477531149194,618.2359554227598,808.9814333530342,5210.529778034274,5
0.1,20,13,5063,greedy,1117,10,10,10,0,100.0,392.88127656078314,410.1653950693885,706.9359727164797,3928.812765607832,0
0.1,20,13,5063,global_min_cost,1117,10,10,10,0,100.0,248.98326151032103,127.39970595915251,659.6298290427322,2489.8326151032106,0
0.1,24,13,5063,greedy,1117,10,10,10,0,100.0,241.21636465845268,195.54924650955454,467.1560655344256,2412.1636465845268,0
0.1,24,13,5063,global_min_cost,1117,10,10,10,0,100.0,193.07872149618282,127.39970595915251,416.12142381860207,1930.7872149618283,0
0.1,32,13,5063,greedy,1117,10,10,10,0,100.0,143.22689120273998,118.4380315269125,218.85758097388472,1432.2689120274,0
0.1,32,13,5063,global_min_cost,1117,10,10,10,0,100.0,134.9094125818417,114.21513119233991,220.03342439834964,1349.094125818417,0
0.1,8,14,5064,greedy,1148,10,10,8,2,80.0,631.2368195893292,606.2285057114269,1098.041987643285,5049.894556714634,4
0.1,8,14,5064,global_min_cost,1148,10,10,8,2,80.0,574.8108617610351,515.6500938209889,1033.4039810052632,4598.486894088281,4
0.1,10,14,5064,greedy,1148,10,10,8,2,80.0,507.99959108321,445.24337101283925,913.4063175248069,4063.99672866568,4
0.1,10,14,5064,global_min_cost,1148,10,10,8,2,80.0,470.9070873510694,354.6649591224013,965.2495586535266,3767.2566988085555,4
0.1,12,14,5064,greedy,1148,10,10,8,2,80.0,496.7618553811118,445.24337101283925,886.4357518397711,3974.0948430488943,4
0.1,12,14,5064,global_min_cost,1148,10,10,8,2,80.0,459.44172024231625,420.8584980050323,791.5289881565369,3675.53376193853,4
0.1,14,14,5064,greedy,1148,10,10,8,2,80.0,405.77825614300076,445.24337101283925,641.1474140623484,3246.2260491440056,4
0.1,14,14,5064,global_min_cost,1148,10,10,8,2,80.0,396.3746601413425,263.33988009500905,853.4362550916628,3170.99728113074,4
0.1,16,14,5064,greedy,1148,10,10,8,2,80.0,397.7352647065509,445.24337101283925,621.8442346148687,3181.882117652407,4
0.1,16,14,5064,global_min_cost,1148,10,10,8,2,80.0,358.8363613603288,263.33988009500905,690.5714174376795,2870.6908908826304,4
0.1,20,14,5064,greedy,1148,10,10,8,2,80.0,342.35709966297094,354.6649591224013,540.6053663859258,2738.8567973037675,4
0.1,20,14,5064,global_min_cost,1148,10,10,8,2,80.0,269.97897517884184,203.09713094738163,441.2872882672193,2159.8318014307347,4
0.1,24,14,5064,greedy,1148,10,10,8,2,80.0,275.9147171358378,244.69963722764214,428.5590693429294,2207.3177370867024,4
0.1,24,14,5064,global_min_cost,1148,10,10,8,2,80.0,256.62961564689385,203.09713094738163,441.2872882672193,2053.036925175151,4
0.1,32,14,5064,greedy,1148,10,10,8,2,80.0,236.34011907551786,188.62947050636234,405.75623946841733,1890.720952604143,4
0.1,32,14,5064,global_min_cost,1148,10,10,8,2,80.0,230.44951881968157,203.09713094738163,405.75623946841733,1843.5961505574526,4
0.1,8,15,5065,greedy,1154,10,10,8,2,80.0,845.5886339493635,695.3257854923663,1565.522030368196,6764.709071594907,7
0.1,8,15,5065,global_min_cost,1154,10,10,8,2,80.0,684.4564666718752,792.6354306378738,1006.8924946968999,5475.651733375002,5
0.1,10,15,5065,greedy,1154,10,10,9,1,90.0,817.0906102830975,726.5186682438675,1445.8132761318584,7353.8154925478775,3
0.1,10,15,5065,global_min_cost,1154,10,10,9,1,90.0,763.4812943442664,814.9086827023199,1145.1191357165314,6871.331649098399,3
0.1,12,15,5065,greedy,1154,10,10,9,1,90.0,817.0906102830975,726.5186682438675,1445.8132761318584,7353.8154925478775,3
0.1,12,15,5065,global_min_cost,1154,10,10,9,1,90.0,763.4812943442664,814.9086827023199,1142.0324757443911,6871.331649098398,3
0.1,14,15,5065,greedy,1154,10,10,9,1,90.0,695.5867816816361,726.5186682438675,1281.1145639886556,6260.281035134726,3
0.1,14,15,5065,global_min_cost,1154,10,10,9,1,90.0,658.1141350738346,735.453128355615,1176.5735918603975,5923.027215664513,3
0.1,16,15,5065,greedy,1154,10,10,9,1,90.0,555.4718396702135,366.92359331998716,1155.609670430796,4999.246557031921,3
0.1,16,15,5065,global_min_cost,1154,10,10,9,1,90.0,530.6037762735597,680.0415735843342,898.4596718240781,4775.433986462037,3
0.1,20,15,5065,greedy,1154,10,10,9,1,90.0,533.6268143959154,366.92359331998716,1155.609670430796,4802.641329563238,3
0.1,20,15,5065,global_min_cost,1154,10,10,9,1,90.0,508.7587509992615,366.92359331998716,1051.3045743255964,4578.828758993353,3
0.1,24,15,5065,greedy,1154,10,10,9,1,90.0,478.4362638535881,294.5117524913807,1102.7834252995715,4305.926374682293,3
0.1,24,15,5065,global_min_cost,1154,10,10,9,1,90.0,459.7652647921244,294.5117524913807,800.8101901141192,4137.887383129119,3
0.1,32,15,5065,greedy,1154,10,10,9,1,90.0,437.68621861245657,294.5117524913807,1057.5461699974433,3939.1759675121098,3
0.1,32,15,5065,global_min_cost,1154,10,10,9,1,90.0,428.24396642447346,362.89659289735323,1057.5461699974433,3854.1956978202606,3
0.1,8,16,5066,greedy,1129,10,10,8,2,80.0,1236.5770601371864,849.9509443991097,2824.638269143572,9892.616481097491,3
0.1,8,16,5066,global_min_cost,1129,10,10,8,2,80.0,664.8987792895217,496.4303346170923,1547.8939224814617,5319.190234316174,4
0.1,10,16,5066,greedy,1129,10,10,10,0,100.0,1275.6537893845907,849.9509443991097,2948.567112914039,12756.537893845907,0
0.1,10,16,5066,global_min_cost,1129,10,10,10,0,100.0,940.6765789825655,787.7627136635689,1937.1170484641757,9406.765789825655,0
0.1,12,16,5066,greedy,1129,10,10,10,0,100.0,794.253531215993,707.437932313464,1663.6788230938132,7942.53531215993,0
0.1,12,16,5066,global_min_cost,1129,10,10,10,0,100.0,738.3996373919938,652.5917535196047,1701.8499842674833,7383.9963739199375,0
0.1,14,16,5066,greedy,1129,10,10,10,0,100.0,548.3546237967628,377.4859901987816,961.0841126370913,5483.546237967628,0
0.1,14,16,5066,global_min_cost,1129,10,10,10,0,100.0,470.71315862873564,455.92290761550345,838.4800423000083,4707.131586287356,0
0.1,16,16,5066,greedy,1129,10,10,10,0,100.0,396.4342083665796,289.77897549388115,812.8787703817238,3964.342083665795,0
0.1,16,16,5066,global_min_cost,1129,10,10,10,0,100.0,357.2290239575759,228.0906090361037,741.9464780872402,3572.290239575759,0
0.1,20,16,5066,greedy,1129,10,10,10,0,100.0,338.7318768267198,228.0906090361037,684.174315492516,3387.3187682671983,0
0.1,20,16,5066,global_min_cost,1129,10,10,10,0,100.0,334.07557619839184,228.0906090361037,617.1814227945544,3340.7557619839185,0
0.1,24,16,5066,greedy,1129,10,10,10,0,100.0,315.02516467614475,205.5129564210242,617.1814227945544,3150.251646761448,0
0.1,24,16,5066,global_min_cost,1129,10,10,10,0,100.0,315.02516467614475,205.5129564210242,617.1814227945544,3150.251646761448,0
0.1,32,16,5066,greedy,1129,10,10,10,0,100.0,313.2082359723804,196.42831290220224,617.1814227945544,3132.0823597238036,0
0.1,32,16,5066,global_min_cost,1129,10,10,10,0,100.0,313.2082359723804,196.42831290220224,617.1814227945544,3132.0823597238036,0
0.1,8,17,5067,greedy,1156,10,10,7,3,70.0,883.5474225864544,1018.091274510242,1644.740022903701,6184.831958105182,8
0.1,8,17,5067,global_min_cost,1156,10,10,7,3,70.0,772.3649883805728,516.7113554792531,1590.465455107624,5406.554918664009,8
0.1,10,17,5067,greedy,1156,10,10,9,1,90.0,947.0754107165724,854.839962687738,2138.5200006453024,8523.678696449151,2
0.1,10,17,5067,global_min_cost,1156,10,10,9,1,90.0,730.764840074633,522.8189376800151,1566.8686992359835,6576.883560671697,2
0.1,12,17,5067,greedy,1156,10,10,9,1,90.0,532.1451431892472,413.85153955102743,996.1046428415879,4789.306288703225,2
0.1,12,17,5067,global_min_cost,1156,10,10,9,1,90.0,441.67206367156246,413.85153955102743,824.6581714305485,3975.0485730440623,2
0.1,14,17,5067,greedy,1156,10,10,9,1,90.0,483.54993098943817,413.85153955102743,904.445808227048,4351.949378904944,2
0.1,14,17,5067,global_min_cost,1156,10,10,9,1,90.0,420.12324915956214,413.85153955102743,788.4459473371296,3781.1092424360595,2
0.1,16,17,5067,greedy,1156,10,10,9,1,90.0,472.46576291539526,413.85153955102743,834.9423662066661,4252.191866238557,2
0.1,16,17,5067,global_min_cost,1156,10,10,9,1,90.0,406.76658021314597,413.85153955102743,785.8703053089479,3660.8992219183133,2
0.1,20,17,5067,greedy,1156,10,10,9,1,90.0,262.6386364726361,194.25152865435953,473.3061289809129,2363.7477282537247,2
0.1,20,17,5067,global_min_cost,1156,10,10,9,1,90.0,262.6386364726361,194.25152865435953,473.3061289809129,2363.7477282537247,2
0.1,24,17,5067,greedy,1156,10,10,9,1,90.0,215.85554522551504,194.25152865435953,330.1944712215891,1942.6999070296354,2
0.1,24,17,5067,global_min_cost,1156,10,10,9,1,90.0,215.85554522551504,194.25152865435953,330.1944712215891,1942.6999070296354,2
0.1,32,17,5067,greedy,1156,10,10,9,1,90.0,209.02845781790032,194.25152865435953,307.78502788848306,1881.2561203611028,2
0.1,32,17,5067,global_min_cost,1156,10,10,9,1,90.0,209.02845781790032,194.25152865435953,307.78502788848306,1881.2561203611028,2
0.1,8,18,5068,greedy,1092,10,10,8,2,80.0,1127.151214903411,859.6298532348065,2308.0957053361176,9017.209719227289,5
0.1,8,18,5068,global_min_cost,1092,10,10,8,2,80.0,660.6110824196827,539.5643808144696,1337.0775632381074,5284.888659357462,6
0.1,10,18,5068,greedy,1092,10,10,9,1,90.0,721.2520053787701,535.4370303740911,1375.2770344320252,6491.2680484089315,4
0.1,10,18,5068,global_min_cost,1092,10,10,9,1,90.0,641.5062046779594,514.3914689357803,1280.9746238376372,5773.555842101634,4
0.1,12,18,5068,greedy,1092,10,10,9,1,90.0,590.4968486183081,514.3914689357803,1189.1577829302648,5314.471637564773,4
0.1,12,18,5068,global_min_cost,1092,10,10,9,1,90.0,574.2681516255757,523.8552424929824,1136.3797380630779,5168.413364630182,4
0.1,14,18,5068,greedy,1092,10,10,9,1,90.0,519.8210742303802,387.661503521402,1136.3797380630779,4678.3896680734215,4
0.1,14,18,5068,global_min_cost,1092,10,10,9,1,90.0,487.13572562817126,387.661503521402,1136.3797380630779,4384.221530653542,4
0.1,16,18,5068,greedy,1092,10,10,9,1,90.0,519.8210742303802,387.661503521402,1136.3797380630779,4678.3896680734215,4
0.1,16,18,5068,global_min_cost,1092,10,10,9,1,90.0,487.13572562817126,387.661503521402,1136.3797380630779,4384.221530653542,4
0.1,20,18,5068,greedy,1092,10,10,9,1,90.0,400.38878300819295,330.6826749527695,824.0126210300823,3603.4990470737366,4
0.1,20,18,5068,global_min_cost,1092,10,10,9,1,90.0,400.38878300819295,330.6826749527695,824.0126210300823,3603.499047073736,4
0.1,24,18,5068,greedy,1092,10,10,9,1,90.0,358.84698952013724,330.6826749527695,749.237392751582,3229.6229056812354,4
0.1,24,18,5068,global_min_cost,1092,10,10,9,1,90.0,358.84698952013724,330.6826749527695,749.237392751582,3229.622905681235,4
0.1,32,18,5068,greedy,1092,10,10,9,1,90.0,324.69280660099207,273.41622447005886,749.237392751582,2922.2352594089293,4
0.1,32,18,5068,global_min_cost,1092,10,10,9,1,90.0,324.69280660099207,273.41622447005886,749.237392751582,2922.235259408929,4
0.1,8,19,5069,greedy,1166,10,10,7,3,70.0,1123.3487100888872,957.9173194848602,1893.5910319224545,7863.440970622211,11
0.1,8,19,5069,global_min_cost,1166,10,10,7,3,70.0,1015.3756457389551,957.9173194848602,1893.5910319224545,7107.629520172685,9
0.1,10,19,5069,greedy,1166,10,10,7,3,70.0,903.985299053123,957.9173194848602,1483.3211710209516,6327.897093371861,11
0.1,10,19,5069,global_min_cost,1166,10,10,8,2,80.0,965.2568034142994,1036.4983302525147,1691.3636922489277,7722.054427314395,8
0.1,12,19,5069,greedy,1166,10,10,7,3,70.0,648.1113743629608,446.35485948202154,1099.1950156805551,4536.779620540726,11
0.1,12,19,5069,global_min_cost,1166,10,10,8,2,80.0,649.1079329333398,610.8977952435957,1184.6195551476167,5192.863463466719,8
0.1,14,19,5069,greedy,1166,10,10,7,3,70.0,530.516873940689,441.93567108856615,755.3176640278361,3713.6181175848237,11
0.1,14,19,5069,global_min_cost,1166,10,10,8,2,80.0,492.7050527734135,519.3329316654679,752.6770318785154,3941.640422187308,8
0.1,16,19,5069,greedy,1166,10,10,7,3,70.0,530.516873940689,441.93567108856615,755.3176640278361,3713.6181175848237,11
0.1,16,19,5069,global_min_cost,1166,10,10,8,2,80.0,492.70505277341357,544.7472102244499,752.6770318785154,3941.640422187309,8
0.1,20,19,5069,greedy,1166,10,10,8,2,80.0,341.88272886090544,312.2158193063735,626.9563381479257,2735.0618308872436,8
0.1,20,19,5069,global_min_cost,1166,10,10,8,2,80.0,329.1658976707106,249.75127085454454,626.9563381479257,2633.3271813656847,8
0.1,24,19,5069,greedy,1166,10,10,8,2,80.0,292.1418725381155,241.4127617744199,595.742437972609,2337.134980304924,8
0.1,24,19,5069,global_min_cost,1166,10,10,8,2,80.0,284.7927033274964,204.23113805211148,595.742437972609,2278.341626619971,8
0.1,32,19,5069,greedy,1166,10,10,8,2,80.0,237.39681869763191,195.276558622486,542.9870856704765,1899.1745495810553,8
0.1,32,19,5069,global_min_cost,1166,10,10,8,2,80.0,229.98620662518115,186.40742856029476,441.5849085474122,1839.8896530014495,8
0.1,8,20,5070,greedy,1142,10,10,8,2,80.0,576.0150835684441,368.6444027406443,1182.7482706243243,4608.120668547553,8
0.1,8,20,5070,global_min_cost,1142,10,10,8,2,80.0,322.32437358892963,215.7834282515011,616.9255389692157,2578.594988711437,8
0.1,10,20,5070,greedy,1142,10,10,8,2,80.0,314.72117824175075,229.0260994310599,639.1115605901012,2517.769425934006,8
0.1,10,20,5070,global_min_cost,1142,10,10,8,2,80.0,306.3786016487527,215.7834282515011,578.655686312791,2451.028813190021,8
0.1,12,20,5070,greedy,1142,10,10,8,2,80.0,314.72117824175075,229.0260994310599,639.1115605901012,2517.769425934006,8
0.1,12,20,5070,global_min_cost,1142,10,10,8,2,80.0,306.3786016487527,215.7834282515011,639.1115605901012,2451.0288131900215,8
0.1,14,20,5070,greedy,1142,10,10,8,2,80.0,314.72117824175075,229.0260994310599,639.1115605901012,2517.769425934006,8
0.1,14,20,5070,global_min_cost,1142,10,10,8,2,80.0,306.3786016487527,215.7834282515011,639.1115605901012,2451.0288131900215,8
0.1,16,20,5070,greedy,1142,10,10,9,1,90.0,287.2067590802397,142.08416657126097,623.0928958284628,2584.860831722157,4
0.1,16,20,5070,global_min_cost,1142,10,10,9,1,90.0,279.79113544201914,142.08416657126097,623.0928958284628,2518.1202189781725,4
0.1,20,20,5070,greedy,1142,10,10,9,1,90.0,259.05295296791934,142.08416657126097,544.252640310316,2331.476576711274,4
0.1,20,20,5070,global_min_cost,1142,10,10,9,1,90.0,259.05295296791934,142.08416657126097,544.252640310316,2331.476576711274,4
0.1,24,20,5070,greedy,1142,10,10,9,1,90.0,237.13295413551904,140.07885865562918,510.4226219006843,2134.1965872196715,4
0.1,24,20,5070,global_min_cost,1142,10,10,9,1,90.0,237.13295413551904,140.07885865562918,504.2415159305529,2134.196587219671,4
0.1,32,20,5070,greedy,1142,10,10,10,0,100.0,205.07304005833586,108.38398738291417,480.3201728980733,2050.7304005833585,0
0.1,32,20,5070,global_min_cost,1142,10,10,10,0,100.0,203.43942916258794,118.93674416356578,480.3201728980733,2034.3942916258798,0
0.1,8,21,5071,greedy,1141,10,10,7,3,70.0,1087.7457148796243,1037.1572384790768,2054.5559328494915,7614.22000415737,9
0.1,8,21,5071,global_min_cost,1141,10,10,7,3,70.0,785.00614722008,579.5618184342783,1565.7676762007163,5495.04303054056,7
0.1,10,21,5071,greedy,1141,10,10,9,1,90.0,1151.6376799085028,790.8196016570656,2619.1666148396384,10364.739119176524,4
0.1,10,21,5071,global_min_cost,1141,10,10,9,1,90.0,754.5500634794386,579.5618184342783,1509.7186517838318,6790.950571314947,3
0.1,12,21,5071,greedy,1141,10,10,10,0,100.0,673.4925991533468,568.4880268826992,947.1815329649205,6734.925991533468,0
0.1,12,21,5071,global_min_cost,1141,10,10,10,0,100.0,627.8053728136723,549.0554381867056,886.698539891355,6278.053728136723,0
0.1,14,21,5071,greedy,1141,10,10,10,0,100.0,633.7922812578066,549.5956240359626,947.1815329649205,6337.922812578066,0
0.1,14,21,5071,global_min_cost,1141,10,10,10,0,100.0,573.816789812653,564.8699926896405,868.7692656397359,5738.1678981265295,0
0.1,16,21,5071,greedy,1141,10,10,10,0,100.0,578.5280779644154,478.4627325954089,947.1815329649205,5785.280779644154,0
0.1,16,21,5071,global_min_cost,1141,10,10,10,0,100.0,532.8408516247409,477.3448810157821,809.4603988611723,5328.408516247409,0
0.1,20,21,5071,greedy,1141,10,10,10,0,100.0,578.5280779644154,478.4627325954089,947.1815329649205,5785.280779644154,0
0.1,20,21,5071,global_min_cost,1141,10,10,10,0,100.0,532.8408516247409,477.3448810157821,809.4603988611723,5328.408516247409,0
0.1,24,21,5071,greedy,1141,10,10,10,0,100.0,489.03256864515873,373.6354776736828,909.4686891518445,4890.325686451588,0
0.1,24,21,5071,global_min_cost,1141,10,10,10,0,100.0,446.1082676940038,389.2695019409989,710.47457911867,4461.082676940037,0
0.1,32,21,5071,greedy,1141,10,10,10,0,100.0,339.2736648233413,291.5602536018299,583.0973026959194,3392.736648233413,0
0.1,32,21,5071,global_min_cost,1141,10,10,10,0,100.0,337.4784642378056,306.37205916179335,583.0973026959194,3374.784642378056,0
0.1,8,22,5072,greedy,1156,10,10,8,2,80.0,890.3126499443438,399.81779621448493,2354.5730269686237,7122.50119955475,10
0.1,8,22,5072,global_min_cost,1156,10,10,8,2,80.0,402.27082085554656,294.6436470139928,802.9727788855868,3218.166566844372,8
0.1,10,22,5072,greedy,1156,10,10,10,0,100.0,836.7335753399232,523.4079706219788,1923.0236963443454,8367.335753399231,0
0.1,10,22,5072,global_min_cost,1156,10,10,10,0,100.0,769.0657604263946,574.3804213420518,1923.0236963443454,7690.657604263946,0
0.1,12,22,5072,greedy,1156,10,10,10,0,100.0,622.2179512561453,303.80675207066224,1692.728780790101,6222.179512561452,0
0.1,12,22,5072,global_min_cost,1156,10,10,10,0,100.0,614.3700970837018,380.73316041319674,1136.8211167566506,6143.700970837017,0
0.1,14,22,5072,greedy,1156,10,10,10,0,100.0,611.276616598063,303.80675207066224,1692.728780790101,6112.766165980629,0
0.1,14,22,5072,global_min_cost,1156,10,10,10,0,100.0,603.4287624256195,380.73316041319674,1136.8211167566506,6034.287624256194,0
0.1,16,22,5072,greedy,1156,10,10,10,0,100.0,564.2082369693184,303.80675207066224,1692.728780790101,5642.082369693183,0
0.1,16,22,5072,global_min_cost,1156,10,10,10,0,100.0,556.3603827968748,318.33062797411804,1437.3542244869711,5563.603827968748,0
0.1,20,22,5072,greedy,1156,10,10,10,0,100.0,506.26849213738745,245.26676437488192,1414.5460484822083,5062.684921373874,0
0.1,20,22,5072,global_min_cost,1156,10,10,10,0,100.0,492.7383547121702,271.0856663875867,1211.1434877087336,4927.383547121702,0
0.1,24,22,5072,greedy,1156,10,10,10,0,100.0,461.89206006897575,245.26676437488192,1093.653434728905,4618.920600689757,0
0.1,24,22,5072,global_min_cost,1156,10,10,10,0,100.0,460.3109044210486,271.0856663875867,1015.158159866503,4603.109044210485,0
0.1,32,22,5072,greedy,1156,10,10,10,0,100.0,212.29475293387208,198.448140509655,450.0540908499445,2122.9475293387204,0
0.1,32,22,5072,global_min_cost,1156,10,10,10,0,100.0,210.7135972859449,216.007251274915,389.3496663957314,2107.135972859449,0
0.1,8,23,5073,greedy,1148,10,10,6,4,60.0,850.2924425595123,736.0166915369865,1336.1004478429923,5101.754655357074,14
0.1,8,23,5073,global_min_cost,1148,10,10,7,3,70.0,781.0819080208255,786.7117090521183,1375.9989115066135,5467.573356145778,9
0.1,10,23,5073,greedy,1148,10,10,8,2,80.0,734.1811568401002,668.6242727510569,1299.2809324732661,5873.449254720803,4
0.1,10,23,5073,global_min_cost,1148,10,10,8,2,80.0,594.1345589059569,506.58286918952297,1033.966034385984,4753.076471247654,4
0.1,12,23,5073,greedy,1148,10,10,8,2,80.0,541.5517618666257,406.48404699995467,1036.5987816001414,4332.414094933006,4
0.1,12,23,5073,global_min_cost,1148,10,10,8,2,80.0,466.5545240580267,461.5688967348599,675.9215108729531,3732.4361924642135,4
0.1,14,23,5073,greedy,1148,10,10,8,2,80.0,541.5517618666257,406.48404699995467,1036.5987816001414,4332.414094933006,4
0.1,14,23,5073,global_min_cost,1148,10,10,8,2,80.0,466.55452405802674,462.631787463691,645.6482049063558,3732.4361924642144,4
0.1,16,23,5073,greedy,1148,10,10,8,2,80.0,536.38113621339,406.48404699995467,1017.6002684315102,4291.04908970712,4
0.1,16,23,5073,global_min_cost,1148,10,10,8,2,80.0,455.3382180795444,461.5688967348599,649.0023765245957,3642.7057446363556,4
0.1,20,23,5073,greedy,1148,10,10,8,2,80.0,536.38113621339,406.48404699995467,1017.6002684315102,4291.04908970712,4
0.1,20,23,5073,global_min_cost,1148,10,10,8,2,80.0,455.3382180795444,456.1273592451938,649.0023765245957,3642.7057446363556,4
0.1,24,23,5073,greedy,1148,10,10,8,2,80.0,453.04282769473593,352.6285565899923,874.1164040991928,3624.342621557888,4
0.1,24,23,5073,global_min_cost,1148,10,10,8,2,80.0,411.14082508484245,384.8458176939784,647.0882439698254,3289.12660067874,4
0.1,32,23,5073,greedy,1148,10,10,8,2,80.0,327.90566236562165,261.61170053483363,596.3201315917859,2623.245298924973,4
0.1,32,23,5073,global_min_cost,1148,10,10,8,2,80.0,310.39035496725324,261.61170053483363,511.63891214365003,2483.1228397380255,4
0.1,8,24,5074,greedy,1146,10,10,8,2,80.0,1316.4603442679806,950.0247689595632,2235.7278787073997,10531.682754143845,10
0.1,8,24,5074,global_min_cost,1146,10,10,8,2,80.0,1091.7092503306928,1147.2411112554698,1990.7997475649056,8733.67400264554,9
0.1,10,24,5074,greedy,1146,10,10,10,0,100.0,1226.4210698346935,776.4744876702382,2625.379486042407,12264.210698346935,0
0.1,10,24,5074,global_min_cost,1146,10,10,10,0,100.0,938.7848861529606,777.540332094223,1965.980957216803,9387.848861529605,0
0.1,12,24,5074,greedy,1146,10,10,10,0,100.0,619.501240283055,424.65645748182385,1139.221198687591,6195.012402830551,0
0.1,12,24,5074,global_min_cost,1146,10,10,10,0,100.0,456.02332823573414,384.8311557857959,988.2964948054193,4560.2332823573415,0
0.1,14,24,5074,greedy,1146,10,10,10,0,100.0,572.7210804730938,424.65645748182385,1092.44103887763,5727.210804730938,0
0.1,14,24,5074,global_min_cost,1146,10,10,10,0,100.0,406.04613859008714,384.8311557857959,914.1430896167659,4060.4613859008714,0
0.1,16,24,5074,greedy,1146,10,10,10,0,100.0,412.86010595951024,284.086714454638,869.2314954219422,4128.601059595102,0
0.1,16,24,5074,global_min_cost,1146,10,10,10,0,100.0,358.45776739586864,224.42483845347178,947.2577382947275,3584.5776739586863,0
0.1,20,24,5074,greedy,1146,10,10,10,0,100.0,316.3580136581718,271.382054096366,531.1739427570678,3163.580136581718,0
0.1,20,24,5074,global_min_cost,1146,10,10,10,0,100.0,222.3011506275056,181.09703191579717,424.9462300256048,2223.0115062750556,0
0.1,24,24,5074,greedy,1146,10,10,10,0,100.0,189.8662759100912,159.0870297577614,454.8006853451206,1898.6627591009117,0
0.1,24,24,5074,global_min_cost,1146,10,10,10,0,100.0,189.8662759100912,159.0870297577614,418.579020125753,1898.662759100912,0
0.1,32,24,5074,greedy,1146,10,10,10,0,100.0,180.3853370638017,131.11509690375203,454.8006853451206,1803.8533706380167,0
0.1,32,24,5074,global_min_cost,1146,10,10,10,0,100.0,180.3853370638017,131.11509690375203,454.8006853451206,1803.8533706380174,0
0.1,8,25,5075,greedy,1144,10,10,8,2,80.0,741.5562646267451,737.6361560347048,1249.8354627961685,5932.450117013961,6
0.1,8,25,5075,global_min_cost,1144,10,10,8,2,80.0,564.9590745919293,458.7856458088145,1086.5845950951082,4519.672596735434,3
0.1,10,25,5075,greedy,1144,10,10,9,1,90.0,616.4474376052066,767.2134959234482,989.4779284967686,5548.026938446858,2
0.1,10,25,5075,global_min_cost,1144,10,10,9,1,90.0,545.3939832528051,519.6014806176227,1018.0187054935158,4908.545849275246,2
0.1,12,25,5075,greedy,1144,10,10,9,1,90.0,473.905890057991,397.96981100000636,789.1375965962626,4265.153010521918,2
0.1,12,25,5075,global_min_cost,1144,10,10,9,1,90.0,415.3694833842284,467.26276416253756,604.1533498230181,3738.3253504580557,2
0.1,14,25,5075,greedy,1144,10,10,9,1,90.0,342.70832430347684,385.74291983499734,522.1898038285976,3084.374918731292,2
0.1,14,25,5075,global_min_cost,1144,10,10,9,1,90.0,313.39476094364164,240.0531196010584,503.70067693662116,2820.5528484927745,2
0.1,16,25,5075,greedy,1144,10,10,9,1,90.0,303.3195253251844,251.0105513940966,487.81422956142893,2729.8757279266592,2
0.1,16,25,5075,global_min_cost,1144,10,10,9,1,90.0,264.24174349724086,232.49975991757114,464.5725187695817,2378.1756914751677,2
0.1,20,25,5075,greedy,1144,10,10,9,1,90.0,240.9140747376831,199.8348317943134,411.07524649683904,2168.226672639148,2
0.1,20,25,5075,global_min_cost,1144,10,10,9,1,90.0,240.9140747376831,201.82793285087843,403.61580457344826,2168.226672639148,2
0.1,24,25,5075,greedy,1144,10,10,9,1,90.0,240.9140747376831,199.8348317943134,411.07524649683904,2168.226672639148,2
0.1,24,25,5075,global_min_cost,1144,10,10,9,1,90.0,240.9140747376831,201.82793285087843,403.61580457344826,2168.226672639148,2
0.1,32,25,5075,greedy,1144,10,10,9,1,90.0,240.9140747376831,199.8348317943134,411.07524649683904,2168.226672639148,2
0.1,32,25,5075,global_min_cost,1144,10,10,9,1,90.0,240.9140747376831,199.8348317943134,411.07524649683904,2168.226672639148,2
0.1,8,26,5076,greedy,1163,10,10,6,4,60.0,806.33637661575,567.2001300959532,1730.0823926719609,4838.018259694501,15
0.1,8,26,5076,global_min_cost,1163,10,10,6,4,60.0,485.40274767578325,299.64040181286117,1057.6888666878515,2912.4164860546994,10
0.1,10,26,5076,greedy,1163,10,10,8,2,80.0,839.1698850265464,539.9717096952214,2050.800744716212,6713.359080212371,6
0.1,10,26,5076,global_min_cost,1163,10,10,8,2,80.0,625.7279369161704,440.4920166549831,1409.3074388538612,5005.823495329363,5
0.1,12,26,5076,greedy,1163,10,10,9,1,90.0,665.6249566666584,728.973931551067,1354.9134554908687,5990.624609999925,3
0.1,12,26,5076,global_min_cost,1163,10,10,9,1,90.0,656.69243122137,329.83508024118305,1455.8002803810937,5910.23188099233,3
0.1,14,26,5076,greedy,1163,10,10,9,1,90.0,552.8717531504348,722.9790654833006,978.0853211273912,4975.845778353913,3
0.1,14,26,5076,global_min_cost,1163,10,10,9,1,90.0,494.51328558930237,329.83508024118305,888.6486432131444,4450.619570303721,3
0.1,16,26,5076,greedy,1163,10,10,9,1,90.0,506.0220958605228,526.4060126596901,893.6756887954461,4554.198862744705,3
0.1,16,26,5076,global_min_cost,1163,10,10,9,1,90.0,429.8629843619203,311.5864358005734,834.8814916688093,3868.7668592572822,3
0.1,20,26,5076,greedy,1163,10,10,9,1,90.0,337.6260066525077,211.86987982353133,672.4563776365785,3038.634059872569,3
0.1,20,26,5076,global_min_cost,1163,10,10,9,1,90.0,324.77296141374467,256.2589650980929,610.537520578417,2922.9566527237025,3
0.1,24,26,5076,greedy,1163,10,10,9,1,90.0,290.8669688895803,211.86987982353133,490.50489368551064,2617.802720006223,3
0.1,24,26,5076,global_min_cost,1163,10,10,9,1,90.0,280.39138322957217,213.81698817029007,488.33697796252676,2523.5224490661494,3
0.1,32,26,5076,greedy,1163,10,10,9,1,90.0,268.834288875197,174.90336307619367,490.50489368551064,2419.508599876773,3
0.1,32,26,5076,global_min_cost,1163,10,10,9,1,90.0,268.834288875197,174.90336307619367,490.50489368551064,2419.5085998767727,3
0.1,8,27,5077,greedy,1173,10,10,8,2,80.0,1088.4500157614227,774.4271282508182,2240.20075457054,8707.600126091384,6
0.1,8,27,5077,global_min_cost,1173,10,10,8,2,80.0,857.2879539711337,433.60555742383553,1828.7776423548057,6858.303631769069,4
0.1,10,27,5077,greedy,1173,10,10,9,1,90.0,793.681322446283,760.8634904686401,1415.8235147258908,7143.1319020165465,2
0.1,10,27,5077,global_min_cost,1173,10,10,9,1,90.0,701.2811547696678,492.95901082327015,1347.9506017186466,6311.530392927009,2
0.1,12,27,5077,greedy,1173,10,10,9,1,90.0,685.1116425791475,670.2370823274358,1159.2673305722021,6166.004783212327,2
0.1,12,27,5077,global_min_cost,1173,10,10,9,1,90.0,615.3123919515115,492.95901082327015,1081.3420896203188,5537.811527563603,2
0.1,14,27,5077,greedy,1173,10,10,9,1,90.0,487.3848932424797,404.87152981495274,892.2183358307653,4386.464039182317,2
0.1,14,27,5077,global_min_cost,1173,10,10,9,1,90.0,433.1961257723197,404.87152981495274,695.7252457483314,3898.7651319508777,2
0.1,16,27,5077,greedy,1173,10,10,9,1,90.0,333.584190908516,329.04937055578165,512.798259161493,3002.257718176644,2
0.1,16,27,5077,global_min_cost,1173,10,10,9,1,90.0,308.7366471690015,309.83281493942053,512.798259161493,2778.6298245210137,2
0.1,20,27,5077,greedy,1173,10,10,9,1,90.0,307.60577503717417,259.99605360823904,512.798259161493,2768.4519753345676,2
0.1,20,27,5077,global_min_cost,1173,10,10,9,1,90.0,298.14251326951086,259.99605360823904,512.798259161493,2683.2826194255977,2
0.1,24,27,5077,greedy,1173,10,10,9,1,90.0,271.1159656427246,251.6492199628899,381.6705469475022,2440.0436907845215,2
0.1,24,27,5077,global_min_cost,1173,10,10,9,1,90.0,261.65270387506126,251.6492199628899,393.6633684314663,2354.8743348755515,2
0.1,32,27,5077,greedy,1173,10,10,9,1,90.0,195.8609731300138,212.3969864350993,270.7313611832046,1762.7487581701241,2
0.1,32,27,5077,global_min_cost,1173,10,10,9,1,90.0,186.3977113623505,212.3969864350993,276.80492236873863,1677.5794022611544,2
0.1,8,28,5078,greedy,1136,10,10,7,3,70.0,1295.0469497399915,783.281818576788,2598.785571394818,9065.32864817994,8
0.1,8,28,5078,global_min_cost,1136,10,10,7,3,70.0,927.6972080159185,642.4604970396678,1999.5087238663855,6493.880456111429,8
0.1,10,28,5078,greedy,1136,10,10,7,3,70.0,1031.5844854669942,783.281818576788,1672.2720535644362,7221.09139826896,8
0.1,10,28,5078,global_min_cost,1136,10,10,7,3,70.0,775.4338654809667,642.4604970396678,1376.5981405320028,5428.037058366766,8
0.1,12,28,5078,greedy,1136,10,10,7,3,70.0,457.5903650121552,502.9484537934925,723.798111652285,3203.132555085086,8
0.1,12,28,5078,global_min_cost,1136,10,10,7,3,70.0,457.5903650121552,502.9484537934925,723.798111652285,3203.132555085086,8
0.1,14,28,5078,greedy,1136,10,10,7,3,70.0,457.5903650121552,502.9484537934925,723.798111652285,3203.132555085086,8
0.1,14,28,5078,global_min_cost,1136,10,10,7,3,70.0,451.8079547468313,502.9484537934925,732.8365223657052,3162.6556832278193,8
0.1,16,28,5078,greedy,1136,10,10,7,3,70.0,395.87027427530563,429.40649503292275,636.9577517326051,2771.0919199271393,8
0.1,16,28,5078,global_min_cost,1136,10,10,7,3,70.0,373.5120236341787,316.3125646348043,688.5203281709134,2614.584165439251,8
0.1,20,28,5078,greedy,1136,10,10,7,3,70.0,298.3070437210872,281.34323330720457,548.4845736083603,2088.149306047611,8
0.1,20,28,5078,global_min_cost,1136,10,10,7,3,70.0,294.23576565116554,420.25146503953255,465.3153085866921,2059.650359558159,8
0.1,24,28,5078,greedy,1136,10,10,7,3,70.0,188.44080393359,152.90805878041908,322.4314094841896,1319.0856275351302,8
0.1,24,28,5078,global_min_cost,1136,10,10,7,3,70.0,188.44080393359,152.90805878041908,322.4314094841896,1319.08562753513,8
0.1,32,28,5078,greedy,1136,10,10,7,3,70.0,162.45108295227965,152.90805878041908,322.3814166582542,1137.1575806659575,8
0.1,32,28,5078,global_min_cost,1136,10,10,7,3,70.0,162.45108295227965,152.90805878041908,322.3814166582542,1137.1575806659575,8
0.1,8,29,5079,greedy,1172,10,10,8,2,80.0,477.72532588795804,467.6953301647336,708.175477868762,3821.8026071036647,4
0.1,8,29,5079,global_min_cost,1172,10,10,8,2,80.0,345.3344457567052,337.1148678959725,568.784422086782,2762.675566053642,10
0.1,10,29,5079,greedy,1172,10,10,10,0,100.0,717.0487710620066,576.4264633824487,1200.1533423680205,7170.4877106200665,0
0.1,10,29,5079,global_min_cost,1172,10,10,10,0,100.0,595.8363926470481,503.934986674648,1001.8154348431245,5958.363926470482,0
0.1,12,29,5079,greedy,1172,10,10,10,0,100.0,619.9207876604524,576.4264633824487,1082.4997488872966,6199.207876604525,0
0.1,12,29,5079,global_min_cost,1172,10,10,10,0,100.0,487.6540143431523,529.8882092003139,691.315559059577,4876.540143431523,0
0.1,14,29,5079,greedy,1172,10,10,10,0,100.0,438.8263754012878,441.5572824193605,740.368830799492,4388.263754012878,0
0.1,14,29,5079,global_min_cost,1172,10,10,10,0,100.0,411.7748093972629,377.54934932687314,677.6167774978991,4117.748093972629,0
0.1,16,29,5079,greedy,1172,10,10,10,0,100.0,438.8263754012878,441.5572824193605,740.368830799492,4388.263754012878,0
0.1,16,29,5079,global_min_cost,1172,10,10,10,0,100.0,411.7748093972629,377.54934932687314,677.6167774978991,4117.748093972629,0
0.1,20,29,5079,greedy,1172,10,10,10,0,100.0,338.87881849708833,317.6168233635359,545.7861799121108,3388.7881849708833,0
0.1,20,29,5079,global_min_cost,1172,10,10,10,0,100.0,323.9063399583881,214.4632637903082,552.7191629013083,3239.0633995838807,0
0.1,24,29,5079,greedy,1172,10,10,10,0,100.0,338.87881849708833,317.6168233635359,545.7861799121108,3388.7881849708833,0
0.1,24,29,5079,global_min_cost,1172,10,10,10,0,100.0,323.9063399583881,214.4632637903082,552.7191629013083,3239.0633995838807,0
0.1,32,29,5079,greedy,1172,10,10,10,0,100.0,271.1091896519644,269.82508903979044,395.8324909246862,2711.0918965196443,0
0.1,32,29,5079,global_min_cost,1172,10,10,10,0,100.0,247.4816471138494,214.4632637903082,404.3620631298905,2474.816471138494,0
0.1,8,30,5080,greedy,1104,10,10,8,2,80.0,598.5039965759701,606.4100160278058,893.4036292928147,4788.03197260776,4
0.1,8,30,5080,global_min_cost,1104,10,10,8,2,80.0,495.6689864992403,478.894309107456,754.3429152073539,3965.3518919939224,7
0.1,10,30,5080,greedy,1104,10,10,9,1,90.0,528.8182888621966,544.1439009865996,733.1280085248983,4759.364599759769,3
0.1,10,30,5080,global_min_cost,1104,10,10,9,1,90.0,492.0813865523091,463.3805869768588,719.9827148300856,4428.732478970782,2
0.1,12,30,5080,greedy,1104,10,10,10,0,100.0,543.9030246304116,531.5073052941833,918.48281608982,5439.030246304115,0
0.1,12,30,5080,global_min_cost,1104,10,10,10,0,100.0,518.6736197799954,452.5782910990556,918.8323738930574,5186.7361977999535,0
0.1,14,30,5080,greedy,1104,10,10,10,0,100.0,484.4509725199475,531.5073052941833,852.1540903109626,4844.509725199476,0
0.1,14,30,5080,global_min_cost,1104,10,10,10,0,100.0,467.43800759972873,452.5782910990556,799.6299751985682,4674.380075997286,0
0.1,16,30,5080,greedy,1104,10,10,10,0,100.0,477.1230168524185,531.5073052941833,786.2024893032016,4771.2301685241855,0
0.1,16,30,5080,global_min_cost,1104,10,10,10,0,100.0,458.2239255655868,452.5782910990556,780.2655558682876,4582.239255655869,0
0.1,20,30,5080,greedy,1104,10,10,10,0,100.0,404.10234439763104,452.5782910990556,698.3147621486838,4041.023443976311,0
0.1,20,30,5080,global_min_cost,1104,10,10,10,0,100.0,404.1023443976311,452.5782910990556,691.7421153012775,4041.0234439763112,0
0.1,24,30,5080,greedy,1104,10,10,10,0,100.0,384.8149883262124,452.5782910990556,667.8942623930126,3848.1498832621237,0
0.1,24,30,5080,global_min_cost,1104,10,10,10,0,100.0,384.8149883262124,452.5782910990556,608.7404407663556,3848.1498832621246,0
0.1,32,30,5080,greedy,1104,10,10,10,0,100.0,289.53914590690044,208.9451952359524,585.6610934154942,2895.3914590690047,0
0.1,32,30,5080,global_min_cost,1104,10,10,10,0,100.0,285.1856854887499,241.80842947298413,526.5072717888372,2851.8568548874996,0
0.1,8,31,5081,greedy,1169,10,10,8,2,80.0,982.599910359573,715.289941178833,1665.4987035401577,7860.799282876584,9
0.1,8,31,5081,global_min_cost,1169,10,10,8,2,80.0,513.577056433118,478.7311709136433,929.9808384410132,4108.616451464944,5
0.1,10,31,5081,greedy,1169,10,10,10,0,100.0,855.6300423131886,808.958704050587,1369.1971896706896,8556.300423131886,0
0.1,10,31,5081,global_min_cost,1169,10,10,10,0,100.0,767.2190225084673,585.20186405369,1164.9174708707978,7672.190225084673,0
0.1,12,31,5081,greedy,1169,10,10,10,0,100.0,582.8194582186576,532.4009551522968,911.8684384160861,5828.194582186577,0
0.1,12,31,5081,global_min_cost,1169,10,10,10,0,100.0,572.0710785803666,434.0697191477501,773.1187815354855,5720.710785803667,0
0.1,14,31,5081,greedy,1169,10,10,10,0,100.0,582.8194582186576,532.4009551522968,911.8684384160861,5828.194582186577,0
0.1,14,31,5081,global_min_cost,1169,10,10,10,0,100.0,572.0710785803666,434.0697191477501,773.1187815354855,5720.710785803667,0
0.1,16,31,5081,greedy,1169,10,10,10,0,100.0,572.0026667924176,507.9321776165923,906.5960733856539,5720.026667924176,0
0.1,16,31,5081,global_min_cost,1169,10,10,10,0,100.0,520.1342918634472,395.52049997314214,773.1187815354855,5201.342918634472,0
0.1,20,31,5081,greedy,1169,10,10,10,0,100.0,342.8954586743598,297.248079224074,653.0690324645916,3428.954586743598,0
0.1,20,31,5081,global_min_cost,1169,10,10,10,0,100.0,337.2431362008525,261.16420416591893,653.0690324645916,3372.4313620085254,0
0.1,24,31,5081,greedy,1169,10,10,10,0,100.0,214.90027244173848,205.87262483753867,326.2906135640557,2149.002724417385,0
0.1,24,31,5081,global_min_cost,1169,10,10,10,0,100.0,214.90027244173848,205.87262483753867,326.2906135640557,2149.0027244173853,0
0.1,32,31,5081,greedy,1169,10,10,10,0,100.0,196.87346439319478,180.55071873930478,274.19527314791753,1968.7346439319476,0
0.1,32,31,5081,global_min_cost,1169,10,10,10,0,100.0,196.87346439319478,180.55071873930478,274.19527314791753,1968.7346439319479,0
0.1,8,32,5082,greedy,1144,10,10,8,2,80.0,479.2579589288352,457.5072189494898,843.2861068896899,3834.063671430682,9
0.1,8,32,5082,global_min_cost,1144,10,10,8,2,80.0,396.47642196587776,365.2062006375303,728.8252670300545,3171.811375727022,7
0.1,10,32,5082,greedy,1144,10,10,10,0,100.0,463.37447423919775,414.91301911513096,825.7898388610691,4633.7447423919775,0
0.1,10,32,5082,global_min_cost,1144,10,10,10,0,100.0,386.28145646095936,365.2062006375303,692.4639720344442,3862.8145646095936,0
0.1,12,32,5082,greedy,1144,10,10,10,0,100.0,322.1356518350012,240.00826340554715,583.0005833127912,3221.3565183500123,0
0.1,12,32,5082,global_min_cost,1144,10,10,10,0,100.0,279.33326960519963,224.635197566724,455.93188393672847,2793.3326960519967,0
0.1,14,32,5082,greedy,1144,10,10,10,0,100.0,270.58017923778056,179.86148685647336,561.8484575318301,2705.8017923778057,0
0.1,14,32,5082,global_min_cost,1144,10,10,10,0,100.0,244.4873462648756,224.635197566724,415.7425134320028,2444.8734626487562,0
0.1,16,32,5082,greedy,1144,10,10,10,0,100.0,246.89428769543395,179.86148685647336,448.56788883873156,2468.942876954339,0
0.1,16,32,5082,global_min_cost,1144,10,10,10,0,100.0,244.4873462648756,179.86148685647336,448.56788883873156,2444.8734626487562,0
0.1,20,32,5082,greedy,1144,10,10,10,0,100.0,230.7192060406303,179.86148685647336,421.638363870792,2307.192060406303,0
0.1,20,32,5082,global_min_cost,1144,10,10,10,0,100.0,212.61204736885972,179.86148685647336,421.638363870792,2126.120473688597,0
0.1,24,32,5082,greedy,1144,10,10,10,0,100.0,214.1501963660114,172.66273072426782,421.638363870792,2141.501963660114,0
0.1,24,32,5082,global_min_cost,1144,10,10,10,0,100.0,206.74582667346723,178.40314092249378,421.638363870792,2067.458266734672,0
0.1,32,32,5082,greedy,1144,10,10,10,0,100.0,205.8267709577567,162.99956242299726,421.638363870792,2058.267709577567,0
0.1,32,32,5082,global_min_cost,1144,10,10,10,0,100.0,198.42240126521256,153.89025665772863,421.638363870792,1984.2240126521256,0
0.1,8,33,5083,greedy,1157,10,10,8,2,80.0,840.69153633016,899.7831385996092,1279.1499784362281,6725.532290641279,4
0.1,8,33,5083,global_min_cost,1157,10,10,8,2,80.0,685.0420571450398,559.7374512334954,1207.5429004857945,5480.336457160319,5
0.1,10,33,5083,greedy,1157,10,10,10,0,100.0,966.2333508525888,820.4335567946137,1869.4990495722277,9662.33350852589,0
0.1,10,33,5083,global_min_cost,1157,10,10,10,0,100.0,740.1316943151606,664.349675561627,1241.4981075534517,7401.316943151606,0
0.1,12,33,5083,greedy,1157,10,10,10,0,100.0,704.1995767515418,730.4170558179599,992.7501620224098,7041.995767515418,0
0.1,12,33,5083,global_min_cost,1157,10,10,10,0,100.0,658.3687844351525,631.4877304434915,943.3120230207587,6583.687844351525,0
0.1,14,33,5083,greedy,1157,10,10,10,0,100.0,662.4673164951403,592.0979617770843,992.7501620224098,6624.673164951402,0
0.1,14,33,5083,global_min_cost,1157,10,10,10,0,100.0,577.6161784653701,595.5467832764683,943.3120230207587,5776.161784653702,0
0.1,16,33,5083,greedy,1157,10,10,10,0,100.0,601.7948645652828,555.0728481743339,919.0334574517354,6017.9486456528275,0
0.1,16,33,5083,global_min_cost,1157,10,10,10,0,100.0,530.4924644222,555.0728481743339,842.5111955052641,5304.924644221998,0
0.1,20,33,5083,greedy,1157,10,10,10,0,100.0,409.1448800770937,433.1775530287781,575.5946263060201,4091.4488007709374,0
0.1,20,33,5083,global_min_cost,1157,10,10,10,0,100.0,372.79186988637105,397.5546858572314,567.1983407995292,3727.9186988637107,0
0.1,24,33,5083,greedy,1157,10,10,10,0,100.0,349.7545481177033,322.84201211602704,567.1983407995292,3497.545481177033,0
0.1,24,33,5083,global_min_cost,1157,10,10,10,0,100.0,338.2884534432777,267.94981946090974,567.1983407995292,3382.884534432777,0
0.1,32,33,5083,greedy,1157,10,10,10,0,100.0,154.77794207241683,123.08319137251786,316.77459189254927,1547.7794207241682,0
0.1,32,33,5083,global_min_cost,1157,10,10,10,0,100.0,154.77794207241683,123.08319137251786,316.77459189254927,1547.7794207241682,0
0.1,8,34,5084,greedy,1134,10,10,8,2,80.0,817.6420324772198,535.507448060802,1532.9864575605736,6541.136259817758,9
0.1,8,34,5084,global_min_cost,1134,10,10,8,2,80.0,603.738805085223,324.66474211552134,1272.338323210091,4829.910440681784,8
0.1,10,34,5084,greedy,1134,10,10,9,1,90.0,435.8187284755279,401.57465520429446,764.1358524860004,3922.368556279751,4
0.1,10,34,5084,global_min_cost,1134,10,10,9,1,90.0,393.1791233325705,392.459221325247,680.9026388944029,3538.6121099931343,4
0.1,12,34,5084,greedy,1134,10,10,9,1,90.0,360.4380359346337,392.459221325247,540.4477895044247,3243.942323411703,4
0.1,12,34,5084,global_min_cost,1134,10,10,9,1,90.0,325.00996633380896,392.459221325247,612.5987351288237,2925.0896970042804,4
0.1,14,34,5084,greedy,1134,10,10,9,1,90.0,338.7532962065869,392.459221325247,540.4477895044247,3048.7796658592824,4
0.1,14,34,5084,global_min_cost,1134,10,10,9,1,90.0,294.4829208033841,392.459221325247,480.6029719891072,2650.3462872304567,4
0.1,16,34,5084,greedy,1134,10,10,9,1,90.0,301.8443098435266,251.91333289448946,468.637512903329,2716.5987885917393,4
0.1,16,34,5084,global_min_cost,1134,10,10,9,1,90.0,275.9949137003183,237.70508499715228,480.6029719891072,2483.954223302865,4
0.1,20,34,5084,greedy,1134,10,10,9,1,90.0,258.18937183686376,251.91333289448946,447.3411684293263,2323.704346531774,4
0.1,20,34,5084,global_min_cost,1134,10,10,9,1,90.0,252.7786185263522,173.57347779646935,447.3411684293263,2275.00756673717,4
0.1,24,34,5084,greedy,1134,10,10,9,1,90.0,242.68141339843066,198.14851646262346,447.3411684293263,2184.132720585876,4
0.1,24,34,5084,global_min_cost,1134,10,10,9,1,90.0,239.58840718593368,173.57347779646935,447.3411684293263,2156.295664673403,4
0.1,32,34,5084,greedy,1134,10,10,9,1,90.0,144.04584630807503,119.50843052049467,249.88088027036073,1296.4126167726752,4
0.1,32,34,5084,global_min_cost,1134,10,10,9,1,90.0,144.04584630807503,119.50843052049467,249.88088027036073,1296.4126167726752,4
0.1,8,35,5085,greedy,1115,10,10,8,2,80.0,987.1899854440904,712.3862813327969,2072.794194059239,7897.5198835527235,6
0.1,8,35,5085,global_min_cost,1115,10,10,8,2,80.0,783.7461439409419,237.61987571463936,2195.358780538756,6269.969151527536,6
0.1,10,35,5085,greedy,1115,10,10,8,2,80.0,513.3492793255775,295.62584975709007,1039.1641502860068,4106.79423460462,6
0.1,10,35,5085,global_min_cost,1115,10,10,8,2,80.0,443.14327881999725,357.72942372821274,767.6720529845305,3545.146230559978,6
0.1,12,35,5085,greedy,1115,10,10,8,2,80.0,346.03698299913145,252.37175770052355,643.068217576117,2768.2958639930516,6
0.1,12,35,5085,global_min_cost,1115,10,10,8,2,80.0,271.26357061835193,249.9547350269545,365.4263922708654,2170.1085649468155,6
0.1,14,35,5085,greedy,1115,10,10,8,2,80.0,209.30187015509068,224.2077147225428,251.4575336747864,1674.4149612407255,6
0.1,14,35,5085,global_min_cost,1115,10,10,8,2,80.0,209.30187015509068,224.2077147225428,251.4575336747864,1674.4149612407255,6
0.1,16,35,5085,greedy,1115,10,10,8,2,80.0,209.30187015509068,224.2077147225428,251.4575336747864,1674.4149612407255,6
0.1,16,35,5085,global_min_cost,1115,10,10,8,2,80.0,209.30187015509068,224.2077147225428,251.4575336747864,1674.4149612407255,6
0.1,20,35,5085,greedy,1115,10,10,8,2,80.0,195.53126553186794,195.80597028381982,249.90214998326405,1564.2501242549433,6
0.1,20,35,5085,global_min_cost,1115,10,10,8,2,80.0,195.53126553186794,186.77430921655798,249.90214998326405,1564.2501242549436,6
0.1,24,35,5085,greedy,1115,10,10,8,2,80.0,178.43948073563436,177.92550681417066,249.90214998326405,1427.5158458850747,6
0.1,24,35,5085,global_min_cost,1115,10,10,8,2,80.0,177.18964843671165,171.10369030905974,249.90214998326405,1417.5171874936934,6
0.1,32,35,5085,greedy,1115,10,10,8,2,80.0,143.34490541925163,138.10258336232658,202.3944857791477,1146.759243354013,6
0.1,32,35,5085,global_min_cost,1115,10,10,8,2,80.0,143.34490541925163,145.2426177237431,202.3944857791477,1146.759243354013,6
0.1,8,36,5086,greedy,1123,10,10,7,3,70.0,1205.7130715786648,930.1404951364584,1952.8219062486744,8439.991501050654,9
0.1,8,36,5086,global_min_cost,1123,10,10,7,3,70.0,825.1856163763903,678.5288934567619,1382.725734722579,5776.299314634733,11
0.1,10,36,5086,greedy,1123,10,10,8,2,80.0,921.5634718972159,694.9851747993343,1634.996354294805,7372.507775177727,8
0.1,10,36,5086,global_min_cost,1123,10,10,8,2,80.0,849.7847145199447,757.1196072867624,1297.045714623623,6798.277716159559,8
0.1,12,36,5086,greedy,1123,10,10,8,2,80.0,624.8484917486427,553.9310677217261,1164.1979884360233,4998.787933989141,8
0.1,12,36,5086,global_min_cost,1123,10,10,8,2,80.0,573.5068326143129,582.6446538128679,908.9670039528559,4588.054660914503,8
0.1,14,36,5086,greedy,1123,10,10,8,2,80.0,499.61083469088965,458.1186933678714,768.8850430686581,3996.8866775271167,8
0.1,14,36,5086,global_min_cost,1123,10,10,8,2,80.0,378.8745191886958,395.00177518828986,589.8236661988457,3030.996153509566,8
0.1,16,36,5086,greedy,1123,10,10,8,2,80.0,410.30120471779475,458.1186933678714,605.0238261089651,3282.409637742358,8
0.1,16,36,5086,global_min_cost,1123,10,10,8,2,80.0,357.8403962821397,310.86528356206554,589.8236661988457,2862.7231702571175,8
0.1,20,36,5086,greedy,1123,10,10,8,2,80.0,302.8861815104687,236.19926480468314,555.7392269125446,2423.0894520837496,8
0.1,20,36,5086,global_min_cost,1123,10,10,8,2,80.0,302.8861815104687,236.19926480468314,555.7392269125446,2423.08945208375,8
0.1,24,36,5086,greedy,1123,10,10,9,1,90.0,225.95562181991582,209.76509362316799,413.1488648258296,2033.6005963792422,4
0.1,24,36,5086,global_min_cost,1123,10,10,9,1,90.0,225.95562181991582,209.76509362316799,383.0087327954854,2033.6005963792425,4
0.1,32,36,5086,greedy,1123,10,10,9,1,90.0,191.69348774301014,175.17354911702856,290.32727660986444,1725.2413896870914,4
0.1,32,36,5086,global_min_cost,1123,10,10,9,1,90.0,191.69348774301014,175.17354911702856,290.32727660986444,1725.2413896870914,4
0.1,8,37,5087,greedy,1187,10,10,6,4,60.0,888.4601516451447,613.0552128652212,1610.8267331702286,5330.760909870868,12
0.1,8,37,5087,global_min_cost,1187,10,10,6,4,60.0,310.8788893239235,327.031876667097,552.6493032979173,1865.273335943541,12
0.1,10,37,5087,greedy,1187,10,10,8,2,80.0,1000.9260468410763,489.3717163514739,2138.99822346232,8007.4083747286095,7
0.1,10,37,5087,global_min_cost,1187,10,10,8,2,80.0,541.0533798938675,470.1002644770059,1009.912243267861,4328.42703915094,6
0.1,12,37,5087,greedy,1187,10,10,10,0,100.0,845.00822866199,581.2270630678294,1604.2265452476697,8450.0822866199,0
0.1,12,37,5087,global_min_cost,1187,10,10,10,0,100.0,623.2008090830216,389.7161018865829,1725.9066849519513,6232.008090830215,0
0.1,14,37,5087,greedy,1187,10,10,10,0,100.0,550.96976729118,404.1946710105934,969.9740537762624,5509.6976729118,0
0.1,14,37,5087,global_min_cost,1187,10,10,10,0,100.0,444.9877508570645,322.83269771315463,849.9114509986175,4449.877508570645,0
0.1,16,37,5087,greedy,1187,10,10,10,0,100.0,550.96976729118,404.1946710105934,969.9740537762624,5509.6976729118,0
0.1,16,37,5087,global_min_cost,1187,10,10,10,0,100.0,444.9877508570645,322.83269771315463,849.9114509986175,4449.877508570645,0
0.1,20,37,5087,greedy,1187,10,10,10,0,100.0,436.27904358094787,328.0322891974011,725.9422603617843,4362.790435809479,0
0.1,20,37,5087,global_min_cost,1187,10,10,10,0,100.0,348.1742700396926,347.19650599854947,502.6816296184053,3481.742700396926,0
0.1,24,37,5087,greedy,1187,10,10,10,0,100.0,380.12708603448414,328.0322891974011,678.8072564480755,3801.270860344842,0
0.1,24,37,5087,global_min_cost,1187,10,10,10,0,100.0,310.7925258952162,298.37454139371835,492.64487231927035,3107.9252589521625,0
0.1,32,37,5087,greedy,1187,10,10,10,0,100.0,350.85846727659964,328.0322891974011,567.5669302527418,3508.584672765997,0
0.1,32,37,5087,global_min_cost,1187,10,10,10,0,100.0,299.2045184513658,306.0740848018238,479.3925953326907,2992.045184513658,0
0.1,8,38,5088,greedy,1182,10,10,7,3,70.0,878.5364742989394,501.1471094820708,1835.0016730786558,6149.755320092576,12
0.1,8,38,5088,global_min_cost,1182,10,10,7,3,70.0,792.4031572901449,438.2373205757751,1797.8186396999827,5546.822101031015,12
0.1,10,38,5088,greedy,1182,10,10,9,1,90.0,929.0877896540168,598.2120868928656,2014.1961759578107,8361.79010688615,2
0.1,10,38,5088,global_min_cost,1182,10,10,9,1,90.0,822.4790640490768,612.7460841478328,1761.910677697922,7402.311576441691,2
0.1,12,38,5088,greedy,1182,10,10,9,1,90.0,570.3189733932962,492.63330558726716,1098.1988006199592,5132.870760539667,2
0.1,12,38,5088,global_min_cost,1182,10,10,9,1,90.0,495.708696690902,441.763142037758,1040.8597961254507,4461.378270218118,2
0.1,14,38,5088,greedy,1182,10,10,9,1,90.0,486.2896119467953,409.5815908364156,859.0683773351554,4376.606507521157,2
0.1,14,38,5088,global_min_cost,1182,10,10,9,1,90.0,401.1018996236972,319.6084620398639,705.7988660762438,3609.9170966132747,2
0.1,16,38,5088,greedy,1182,10,10,9,1,90.0,465.2427263022602,409.5815908364156,821.1839831749922,4187.184536720341,2
0.1,16,38,5088,global_min_cost,1182,10,10,9,1,90.0,380.0550139791622,327.49285433540416,704.6112114505303,3420.4951258124597,2
0.1,20,38,5088,greedy,1182,10,10,9,1,90.0,458.17989327993047,409.5815908364156,773.042592782831,4123.619039519374,2
0.1,20,38,5088,global_min_cost,1182,10,10,9,1,90.0,372.99218095683244,319.6084620398639,654.2529301286905,3356.929628611492,2
0.1,24,38,5088,greedy,1182,10,10,9,1,90.0,342.2299128424805,329.858570280749,579.573698811798,3080.069215582324,2
0.1,24,38,5088,global_min_cost,1182,10,10,9,1,90.0,265.1852943342919,216.18451949951756,446.82889241077766,2386.667649008627,2
0.1,32,38,5088,greedy,1182,10,10,9,1,90.0,218.87570210975517,216.18451949951756,322.0038937405697,1969.8813189877965,2
0.1,32,38,5088,global_min_cost,1182,10,10,9,1,90.0,202.55611702734586,181.63896712900853,372.95873414116085,1823.0050532461125,2
0.1,8,39,5089,greedy,1196,10,10,8,2,80.0,1376.7126657047536,1219.6714778105554,2695.8293518070436,11013.701325638029,8
0.1,8,39,5089,global_min_cost,1196,10,10,8,2,80.0,1030.7752068829818,829.6889429557066,2034.9313139147303,8246.201655063855,8
0.1,10,39,5089,greedy,1196,10,10,10,0,100.0,1065.2437259047374,982.2166125436504,2028.611962708099,10652.437259047374,0
0.1,10,39,5089,global_min_cost,1196,10,10,10,0,100.0,953.243695497906,593.5358009627768,2009.035833903646,9532.436954979059,0
0.1,12,39,5089,greedy,1196,10,10,10,0,100.0,661.8205156352587,551.219267658193,1453.4907370059889,6618.205156352587,0
0.1,12,39,5089,global_min_cost,1196,10,10,10,0,100.0,587.1154787758726,321.16829762103976,1413.201915294129,5871.154787758726,0
0.1,14,39,5089,greedy,1196,10,10,10,0,100.0,561.3670842076398,522.3070063392681,1110.6316721796165,5613.670842076398,0
0.1,14,39,5089,global_min_cost,1196,10,10,10,0,100.0,469.0308734555904,361.36275451726345,673.865456320976,4690.308734555904,0
0.1,16,39,5089,greedy,1196,10,10,10,0,100.0,381.9965534046353,233.97141647361047,686.7491308010812,3819.9655340463532,0
0.1,16,39,5089,global_min_cost,1196,10,10,10,0,100.0,325.77158930866824,306.0693386465982,591.202652575547,3257.7158930866826,0
0.1,20,39,5089,greedy,1196,10,10,10,0,100.0,270.23089472526436,224.32149482549778,500.18377671566304,2702.308947252644,0
0.1,20,39,5089,global_min_cost,1196,10,10,10,0,100.0,245.86925299512114,224.32149482549778,394.1141668370367,2458.692529951211,0
0.1,24,39,5089,greedy,1196,10,10,10,0,100.0,231.45225772184781,209.66932711620507,324.0565986901551,2314.522577218478,0
0.1,24,39,5089,global_min_cost,1196,10,10,10,0,100.0,214.57151629357102,183.60024254831472,334.98031879629764,2145.71516293571,0
0.1,32,39,5089,greedy,1196,10,10,10,0,100.0,205.68417015643828,198.632725603091,239.97690510896524,2056.8417015643827,0
0.1,32,39,5089,global_min_cost,1196,10,10,10,0,100.0,195.51188277230656,167.23311390237552,271.80681908345446,1955.1188277230656,0
0.1,8,40,5090,greedy,1129,10,10,7,3,70.0,582.7263377264243,692.0985557421983,1044.5229332757854,4079.08436408497,10
0.1,8,40,5090,global_min_cost,1129,10,10,7,3,70.0,264.9672515068619,164.38571566693372,535.3255395204064,1854.7707605480332,5
0.1,10,40,5090,greedy,1129,10,10,9,1,90.0,777.3643585595339,692.0985557421983,1626.4335301575543,6996.279227035806,5
0.1,10,40,5090,global_min_cost,1129,10,10,9,1,90.0,394.5192050620032,314.86986204434106,848.7968996868959,3550.6728455580287,1
0.1,12,40,5090,greedy,1129,10,10,10,0,100.0,528.4703874629398,510.2460130339305,1137.4539875524574,5284.703874629398,0
0.1,12,40,5090,global_min_cost,1129,10,10,10,0,100.0,363.84500318700265,262.342000657289,729.6167472912571,3638.4500318700266,0
0.1,14,40,5090,greedy,1129,10,10,10,0,100.0,516.6465933142005,489.78131284711594,1137.4539875524574,5166.465933142004,0
0.1,14,40,5090,global_min_cost,1129,10,10,10,0,100.0,352.02120903826324,262.342000657289,687.1780882709976,3520.2120903826326,0
0.1,16,40,5090,greedy,1129,10,10,10,0,100.0,491.64753406955094,489.78131284711594,977.711557442187,4916.47534069551,0
0.1,16,40,5090,global_min_cost,1129,10,10,10,0,100.0,324.88743805066076,257.46500738859186,681.1923105928236,3248.874380506608,0
0.1,20,40,5090,greedy,1129,10,10,10,0,100.0,476.68377703341633,414.96252766644295,977.711557442187,4766.837770334164,0
0.1,20,40,5090,global_min_cost,1129,10,10,10,0,100.0,309.92368101452615,257.46500738859186,681.1923105928236,3099.2368101452616,0
0.1,24,40,5090,greedy,1129,10,10,10,0,100.0,385.5128273072947,267.09429311958473,762.0958365901289,3855.1282730729467,0
0.1,24,40,5090,global_min_cost,1129,10,10,10,0,100.0,263.0626682529479,182.22293419988816,488.52878662739073,2630.626682529479,0
0.1,32,40,5090,greedy,1129,10,10,10,0,100.0,296.9223181286944,216.41801018828738,705.3437711568382,2969.2231812869445,0
0.1,32,40,5090,global_min_cost,1129,10,10,10,0,100.0,237.14300303178425,156.6451367110724,457.6989939204524,2371.4300303178425,0
0.1,8,41,5091,greedy,1130,10,10,7,3,70.0,673.7349270173163,355.6888662820433,1482.4576211191354,4716.144489121214,7
0.1,8,41,5091,global_min_cost,1130,10,10,7,3,70.0,341.1367108564799,305.2504779365172,635.357633582365,2387.9569759953592,7
0.1,10,41,5091,greedy,1130,10,10,9,1,90.0,606.4743581974375,385.50349310308303,1192.7709847862175,5458.269223776937,2
0.1,10,41,5091,global_min_cost,1130,10,10,9,1,90.0,567.1658644518424,305.2504779365172,1080.0229423570538,5104.492780066582,2
0.1,12,41,5091,greedy,1130,10,10,9,1,90.0,378.456340014453,257.68743891189297,784.3292841809644,3406.107060130077,2
0.1,12,41,5091,global_min_cost,1130,10,10,9,1,90.0,378.456340014453,257.68743891189297,784.3292841809644,3406.1070601300776,2
0.1,14,41,5091,greedy,1130,10,10,9,1,90.0,378.456340014453,257.68743891189297,784.3292841809644,3406.107060130077,2
0.1,14,41,5091,global_min_cost,1130,10,10,9,1,90.0,378.456340014453,257.68743891189297,784.3292841809644,3406.1070601300776,2
0.1,16,41,5091,greedy,1130,10,10,9,1,90.0,369.0526220829225,257.68743891189297,784.3292841809644,3321.473598746302,2
0.1,16,41,5091,global_min_cost,1130,10,10,9,1,90.0,369.0526220829225,257.68743891189297,784.3292841809644,3321.4735987463023,2
0.1,20,41,5091,greedy,1130,10,10,9,1,90.0,368.2397536274174,257.68743891189297,784.3292841809644,3314.157782646756,2
0.1,20,41,5091,global_min_cost,1130,10,10,9,1,90.0,368.2397536274174,257.68743891189297,784.3292841809644,3314.157782646756,2
0.1,24,41,5091,greedy,1130,10,10,9,1,90.0,344.4653611385328,225.78704616786487,784.3292841809644,3100.188250246795,2
0.1,24,41,5091,global_min_cost,1130,10,10,9,1,90.0,344.4653611385328,225.78704616786487,784.3292841809644,3100.1882502467947,2
0.1,32,41,5091,greedy,1130,10,10,9,1,90.0,298.09849403568404,225.78704616786487,684.4126646144166,2682.886446321156,2
0.1,32,41,5091,global_min_cost,1130,10,10,9,1,90.0,291.94790571281754,225.78704616786487,534.0061236624788,2627.5311514153577,2
0.1,8,42,5092,greedy,1098,10,10,8,2,80.0,446.66446301057675,373.0410597476208,912.58217311634,3573.3157040846136,8
0.1,8,42,5092,global_min_cost,1098,10,10,8,2,80.0,436.2379026780454,358.60239344973996,936.2310050557948,3489.9032214243625,8
0.1,10,42,5092,greedy,1098,10,10,8,2,80.0,353.16267471050224,333.2675955642094,746.9544196517168,2825.3013976840184,8
0.1,10,42,5092,global_min_cost,1098,10,10,8,2,80.0,346.38237144728475,326.6111666059942,689.5161238735833,2771.0589715782785,8
0.1,12,42,5092,greedy,1098,10,10,8,2,80.0,292.6951012318905,305.77422310057733,551.9022490272166,2341.5608098551243,8
0.1,12,42,5092,global_min_cost,1098,10,10,8,2,80.0,285.914797968673,305.77422310057733,551.9022490272166,2287.3183837493843,8
0.1,14,42,5092,greedy,1098,10,10,8,2,80.0,265.00506135010545,305.77422310057733,430.1247452246929,2120.040490800844,8
0.1,14,42,5092,global_min_cost,1098,10,10,8,2,80.0,258.22475808688796,305.77422310057733,409.91061240765976,2065.7980646951037,8
0.1,16,42,5092,greedy,1098,10,10,8,2,80.0,234.64667123331776,213.15040402931552,430.1247452246929,1877.1733698665423,8
0.1,16,42,5092,global_min_cost,1098,10,10,8,2,80.0,227.8663679701003,213.15040402931552,409.91061240765976,1822.9309437608022,8
0.1,20,42,5092,greedy,1098,10,10,8,2,80.0,234.64667123331776,213.15040402931552,430.1247452246929,1877.1733698665423,8
0.1,20,42,5092,global_min_cost,1098,10,10,8,2,80.0,227.8663679701003,213.15040402931552,409.91061240765976,1822.9309437608022,8
0.1,24,42,5092,greedy,1098,10,10,8,2,80.0,197.944501457389,183.78641495790905,343.9907958192364,1583.556011659112,8
0.1,24,42,5092,global_min_cost,1098,10,10,8,2,80.0,191.16419819417152,183.78641495790905,335.3275960405079,1529.3135855533721,8
0.1,32,42,5092,greedy,1098,10,10,8,2,80.0,158.44931238187053,145.26844644582303,274.54250097639346,1267.5944990549642,8
0.1,32,42,5092,global_min_cost,1098,10,10,8,2,80.0,151.66900911865307,143.888548816151,274.54250097639346,1213.3520729492243,8
0.1,8,43,5093,greedy,1115,10,10,8,2,80.0,863.7596716786277,802.9702366795483,1418.9475805576647,6910.0773734290215,3
0.1,8,43,5093,global_min_cost,1115,10,10,8,2,80.0,569.9028813383563,548.1748329053252,1010.4850570610586,4559.223050706851,3
0.1,10,43,5093,greedy,1115,10,10,9,1,90.0,806.5966965976844,642.1561945467898,1547.7621660109598,7259.37026937916,2
0.1,10,43,5093,global_min_cost,1115,10,10,9,1,90.0,629.6078584838477,461.54785211263976,1251.4620311633103,5666.470726354629,2
0.1,12,43,5093,greedy,1115,10,10,10,0,100.0,1009.7531614233541,626.8163537361684,1823.3783283992798,10097.53161423354,0
0.1,12,43,5093,global_min_cost,1115,10,10,10,0,100.0,840.5603575261424,884.2473855649421,1470.8227731926643,8405.603575261424,0
0.1,14,43,5093,greedy,1115,10,10,10,0,100.0,733.0479807197938,364.7006865231723,1806.2083860540188,7330.479807197937,0
0.1,14,43,5093,global_min_cost,1115,10,10,10,0,100.0,704.7133341391874,552.7608131498532,1325.2085478483402,7047.133341391873,0
0.1,16,43,5093,greedy,1115,10,10,10,0,100.0,668.6697450484598,364.7006865231723,1389.4567811757045,6686.6974504845975,0
0.1,16,43,5093,global_min_cost,1115,10,10,10,0,100.0,656.0660706540913,366.8523688819451,1325.2085478483402,6560.660706540912,0
0.1,20,43,5093,greedy,1115,10,10,10,0,100.0,517.6823187635725,241.21122308440636,1325.2085478483402,5176.823187635725,0
0.1,20,43,5093,global_min_cost,1115,10,10,10,0,100.0,512.4992688299436,241.21122308440636,1316.5985567654502,5124.992688299437,0
0.1,24,43,5093,greedy,1115,10,10,10,0,100.0,341.01652940587064,162.31475463645543,536.5390292940107,3410.1652940587064,0
0.1,24,43,5093,global_min_cost,1115,10,10,10,0,100.0,341.01652940587064,162.31475463645543,536.5390292940107,3410.1652940587064,0
0.1,32,43,5093,greedy,1115,10,10,10,0,100.0,245.32390374936134,99.92796986076984,497.6308613817669,2453.2390374936135,0
0.1,32,43,5093,global_min_cost,1115,10,10,10,0,100.0,244.5115133208428,107.43739730333388,497.6308613817669,2445.1151332084282,0
0.1,8,44,5094,greedy,1100,10,10,6,4,60.0,959.9299407307064,794.4951288135555,1546.0522116103673,5759.579644384238,12
0.1,8,44,5094,global_min_cost,1100,10,10,6,4,60.0,554.6909643453877,557.8431103760427,636.8879009776504,3328.145786072326,11
0.1,10,44,5094,greedy,1100,10,10,8,2,80.0,898.6081374835517,690.1492630007958,1569.6399231429218,7188.865099868413,8
0.1,10,44,5094,global_min_cost,1100,10,10,8,2,80.0,657.8161787091811,591.9534579294052,1084.620869231418,5262.529429673449,2
0.1,12,44,5094,greedy,1100,10,10,10,0,100.0,760.0376385247746,640.8227198446596,1218.8734003008954,7600.376385247746,0
0.1,12,44,5094,global_min_cost,1100,10,10,10,0,100.0,681.2589054836434,597.1831667916509,1196.6722459619975,6812.589054836433,0
0.1,14,44,5094,greedy,1100,10,10,10,0,100.0,591.4021874035888,501.1065770235515,985.4532487190814,5914.021874035887,0
0.1,14,44,5094,global_min_cost,1100,10,10,10,0,100.0,531.4578979432833,482.66657846209176,752.948794638814,5314.578979432833,0
0.1,16,44,5094,greedy,1100,10,10,10,0,100.0,591.4021874035888,501.1065770235515,985.4532487190814,5914.021874035887,0
0.1,16,44,5094,global_min_cost,1100,10,10,10,0,100.0,531.4578979432833,466.81015289589664,883.3358522155336,5314.578979432833,0
0.1,20,44,5094,greedy,1100,10,10,10,0,100.0,421.0363199556413,422.806125294459,569.3771805544793,4210.363199556414,0
0.1,20,44,5094,global_min_cost,1100,10,10,10,0,100.0,398.66400638432344,423.3542526148274,556.8481373327887,3986.6400638432347,0
0.1,24,44,5094,greedy,1100,10,10,10,0,100.0,348.77429716091393,422.806125294459,509.7390106112432,3487.742971609139,0
0.1,24,44,5094,global_min_cost,1100,10,10,10,0,100.0,323.79012514192544,308.44196822055096,544.286896752765,3237.901251419255,0
0.1,32,44,5094,greedy,1100,10,10,10,0,100.0,299.052044400013,321.4384747360691,509.7390106112432,2990.5204440001307,0
0.1,32,44,5094,global_min_cost,1100,10,10,10,0,100.0,275.094377463128,215.27217192803266,544.4934839577124,2750.9437746312806,0
0.1,8,45,5095,greedy,1113,10,10,8,2,80.0,691.6020278069379,612.4531874594707,1146.0096517395543,5532.8162224555035,8
0.1,8,45,5095,global_min_cost,1113,10,10,8,2,80.0,460.8472510076748,399.32339796647796,849.7486088168588,3686.778008061399,9
0.1,10,45,5095,greedy,1113,10,10,10,0,100.0,724.3437772470985,576.0132364890326,1083.1224605826276,7243.437772470984,0
0.1,10,45,5095,global_min_cost,1113,10,10,10,0,100.0,645.7746425747224,417.17232332865893,1083.1224605826276,6457.746425747224,0
0.1,12,45,5095,greedy,1113,10,10,10,0,100.0,578.5277823025489,450.78737764975415,920.0126751266009,5785.277823025488,0
0.1,12,45,5095,global_min_cost,1113,10,10,10,0,100.0,499.9586476301728,428.0854589973567,866.3154643069349,4999.586476301727,0
0.1,14,45,5095,greedy,1113,10,10,10,0,100.0,576.3771736724296,450.78737764975415,916.4094219104657,5763.771736724297,0
0.1,14,45,5095,global_min_cost,1113,10,10,10,0,100.0,497.8080390000536,417.3324158467608,866.3154643069349,4978.080390000536,0
0.1,16,45,5095,greedy,1113,10,10,10,0,100.0,504.4682060826969,411.8837212277574,876.7882596005169,5044.682060826968,0
0.1,16,45,5095,global_min_cost,1113,10,10,10,0,100.0,452.77519892141305,394.03479586557637,756.6921188759809,4527.751989214131,0
0.1,20,45,5095,greedy,1113,10,10,10,0,100.0,468.5886403184919,328.19416184443435,852.3131356979429,4685.886403184919,0
0.1,20,45,5095,global_min_cost,1113,10,10,10,0,100.0,422.21513997041603,333.64285646343774,756.6921188759809,4222.15139970416,0
0.1,24,45,5095,greedy,1113,10,10,10,0,100.0,308.5439304982504,280.61259426452204,391.8263669528062,3085.439304982504,0
0.1,24,45,5095,global_min_cost,1113,10,10,10,0,100.0,308.5439304982504,280.61259426452204,391.8263669528062,3085.439304982504,0
0.1,32,45,5095,greedy,1113,10,10,10,0,100.0,283.96032013476366,277.31305943065524,385.536552637508,2839.6032013476365,0
0.1,32,45,5095,global_min_cost,1113,10,10,10,0,100.0,283.96032013476366,277.31305943065524,385.536552637508,2839.603201347636,0
0.1,8,46,5096,greedy,1103,10,10,7,3,70.0,409.0084018705677,398.31607286158385,827.0383807151037,2863.058813093974,8
0.1,8,46,5096,global_min_cost,1103,10,10,7,3,70.0,367.12606472972396,158.87344328039228,827.0383807151037,2569.8824531080677,5
0.1,10,46,5096,greedy,1103,10,10,8,2,80.0,464.4888685510528,418.0121935117822,871.3578249074607,3715.910948408423,4
0.1,10,46,5096,global_min_cost,1103,10,10,8,2,80.0,459.2615538304695,418.0121935117822,871.3578249074607,3674.0924306437564,4
0.1,12,46,5096,greedy,1103,10,10,9,1,90.0,496.3351623515832,398.31607286158385,937.2937561158677,4467.0164611642485,2
0.1,12,46,5096,global_min_cost,1103,10,10,9,1,90.0,491.6886603777314,398.31607286158385,937.2937561158677,4425.197943399583,2
0.1,14,46,5096,greedy,1103,10,10,9,1,90.0,413.03100187524853,398.31607286158385,773.4880117787851,3717.279016877237,2
0.1,14,46,5096,global_min_cost,1103,10,10,9,1,90.0,408.38449990139674,398.31607286158385,773.4880117787851,3675.4604991125702,2
0.1,16,46,5096,greedy,1103,10,10,9,1,90.0,348.72106472425486,247.50827666747426,693.4783295065777,3138.489582518294,2
0.1,16,46,5096,global_min_cost,1103,10,10,9,1,90.0,342.8402274684167,158.87344328039228,723.4852322006744,3085.5620472157498,2
0.1,20,46,5096,greedy,1103,10,10,9,1,90.0,273.3083047635908,202.1137216091134,517.5500352286255,2459.7747428723173,2
0.1,20,46,5096,global_min_cost,1103,10,10,9,1,90.0,268.661802789739,158.87344328039228,517.5500352286255,2417.956225107651,2
0.1,24,46,5096,greedy,1103,10,10,9,1,90.0,218.93081268945153,158.9338052921617,386.4695273578375,1970.3773142050636,2
0.1,24,46,5096,global_min_cost,1103,10,10,9,1,90.0,214.2843107155997,158.87344328039228,350.15388331114883,1928.5587964403971,2
0.1,32,46,5096,greedy,1103,10,10,9,1,90.0,200.2389005298346,92.57478379403412,350.15388331114883,1802.1501047685115,2
0.1,32,46,5096,global_min_cost,1103,10,10,9,1,90.0,200.2389005298346,92.57478379403412,350.15388331114883,1802.1501047685113,2
0.1,8,47,5097,greedy,1141,10,10,8,2,80.0,1139.9912965711574,880.3958620292078,1964.7024357217376,9119.930372569259,7
0.1,8,47,5097,global_min_cost,1141,10,10,8,2,80.0,840.8577501686909,388.56732294423296,1732.1445916537177,6726.862001349527,3
0.1,10,47,5097,greedy,1141,10,10,10,0,100.0,961.401896200807,629.9008098429229,1396.4462377802188,9614.018962008071,0
0.1,10,47,5097,global_min_cost,1141,10,10,10,0,100.0,851.4732615254336,541.9842797951967,1322.8904766100743,8514.732615254336,0
0.1,12,47,5097,greedy,1141,10,10,10,0,100.0,417.60753566425666,280.40736096942123,904.7352519802895,4176.0753566425665,0
0.1,12,47,5097,global_min_cost,1141,10,10,10,0,100.0,351.34109220135133,258.0135768071131,761.8643717269338,3513.4109220135138,0
0.1,14,47,5097,greedy,1141,10,10,10,0,100.0,339.75317198098674,280.40736096942123,727.8871764290164,3397.5317198098683,0
0.1,14,47,5097,global_min_cost,1141,10,10,10,0,100.0,315.1431857641087,241.31837275730652,630.7422432706301,3151.4318576410874,0
0.1,16,47,5097,greedy,1141,10,10,10,0,100.0,299.87173765113886,241.25665029701213,626.7535280815097,2998.7173765113885,0
0.1,16,47,5097,global_min_cost,1141,10,10,10,0,100.0,265.1589561791929,147.95544055500093,630.7422432706301,2651.5895617919296,0
0.1,20,47,5097,greedy,1141,10,10,10,0,100.0,223.01087364333304,180.35023289890358,413.72499124169025,2230.1087364333303,0
0.1,20,47,5097,global_min_cost,1141,10,10,10,0,100.0,168.332409569595,143.958859108701,244.0555927968438,1683.3240956959498,0
0.1,24,47,5097,greedy,1141,10,10,10,0,100.0,163.53090943776576,143.958859108701,243.50130179174494,1635.3090943776576,0
0.1,24,47,5097,global_min_cost,1141,10,10,10,0,100.0,150.1579952594996,107.07870193361786,241.94256319655943,1501.579952594996,0
0.1,32,47,5097,greedy,1141,10,10,10,0,100.0,97.50696516500635,79.16250893582445,168.277848741591,975.0696516500634,0
0.1,32,47,5097,global_min_cost,1141,10,10,10,0,100.0,97.50696516500635,79.16250893582445,168.277848741591,975.0696516500636,0
0.1,8,48,5098,greedy,1154,10,10,5,5,50.0,1180.6336570119693,753.1282589613895,2261.091869632512,5903.168285059846,18
0.1,8,48,5098,global_min_cost,1154,10,10,5,5,50.0,709.0711108722602,391.24401299304344,1483.8960831310712,3545.3555543613006,14
0.1,10,48,5098,greedy,1154,10,10,6,4,60.0,1304.4780705691278,1143.1287077756274,2335.050241674599,7826.868423414768,14
0.1,10,48,5098,global_min_cost,1154,10,10,6,4,60.0,736.2580316298149,464.18055855272655,1529.639211422047,4417.5481897788895,13
0.1,12,48,5098,greedy,1154,10,10,8,2,80.0,1046.0168997948886,829.4143892831646,1749.420757781688,8368.135198359108,6
0.1,12,48,5098,global_min_cost,1154,10,10,8,2,80.0,693.7397737172652,549.4394992626624,1220.7328897440043,5549.918189738122,6
0.1,14,48,5098,greedy,1154,10,10,9,1,90.0,855.6022513047355,571.4725267868392,1664.7911121128036,7700.42026174262,3
0.1,14,48,5098,global_min_cost,1154,10,10,9,1,90.0,742.1269865792335,555.237275484991,1365.0494835856055,6679.142879213102,3
0.1,16,48,5098,greedy,1154,10,10,9,1,90.0,492.5662115000841,537.1171041124096,782.3377873045147,4433.095903500756,3
0.1,16,48,5098,global_min_cost,1154,10,10,9,1,90.0,492.5662115000841,537.1171041124096,712.7027815574745,4433.095903500756,3
0.1,20,48,5098,greedy,1154,10,10,9,1,90.0,452.5658483141033,479.2665115212711,637.0132015648745,4073.0926348269295,3
0.1,20,48,5098,global_min_cost,1154,10,10,9,1,90.0,452.56584831410333,497.16523883124285,597.6973038707706,4073.0926348269295,3
0.1,24,48,5098,greedy,1154,10,10,9,1,90.0,311.48189745697726,230.7904230662367,540.7411383869259,2803.3370771127957,3
0.1,24,48,5098,global_min_cost,1154,10,10,9,1,90.0,311.48189745697726,230.7904230662367,540.7411383869259,2803.337077112795,3
0.1,32,48,5098,greedy,1154,10,10,9,1,90.0,298.39020721126644,212.24337836808053,538.4663167105164,2685.5118649013984,3
0.1,32,48,5098,global_min_cost,1154,10,10,9,1,90.0,291.7473003727962,358.6577870144709,531.4564015625684,2625.7257033551655,3
0.1,8,49,5099,greedy,1150,10,10,8,2,80.0,701.9401634827957,500.2240062352877,1274.602598722423,5615.521307862366,6
0.1,8,49,5099,global_min_cost,1150,10,10,8,2,80.0,628.0620341099678,444.05892330813526,1212.2249819014824,5024.496272879744,6
0.1,10,49,5099,greedy,1150,10,10,8,2,80.0,414.65422853550285,347.1780775750634,652.4900931099038,3317.2338282840224,6
0.1,10,49,5099,global_min_cost,1150,10,10,8,2,80.0,402.47039673543617,290.2255061499925,681.5396600749184,3219.76317388349,6
0.1,12,49,5099,greedy,1150,10,10,8,2,80.0,360.7159290296642,253.12408199260628,652.4900931099038,2885.727432237314,6
0.1,12,49,5099,global_min_cost,1150,10,10,8,2,80.0,358.97583996756725,290.2255061499925,652.4900931099038,2871.8067197405376,6
0.1,14,49,5099,greedy,1150,10,10,8,2,80.0,360.7159290296642,253.12408199260628,652.4900931099038,2885.727432237314,6
0.1,14,49,5099,global_min_cost,1150,10,10,8,2,80.0,358.97583996756725,290.2255061499925,652.4900931099038,2871.8067197405376,6
0.1,16,49,5099,greedy,1150,10,10,8,2,80.0,360.7159290296642,253.12408199260628,652.4900931099038,2885.727432237314,6
0.1,16,49,5099,global_min_cost,1150,10,10,8,2,80.0,358.97583996756725,290.2255061499925,652.4900931099038,2871.8067197405376,6
0.1,20,49,5099,greedy,1150,10,10,8,2,80.0,348.6689967757533,247.6949834386715,652.4900931099038,2789.3519742060266,6
0.1,20,49,5099,global_min_cost,1150,10,10,8,2,80.0,339.67083815532703,256.4311636199202,652.4900931099038,2717.3667052426163,6
0.1,24,49,5099,greedy,1150,10,10,8,2,80.0,348.6689967757533,247.6949834386715,652.4900931099038,2789.3519742060266,6
0.1,24,49,5099,global_min_cost,1150,10,10,8,2,80.0,339.67083815532703,256.4311636199202,652.4900931099038,2717.3667052426163,6
0.1,32,49,5099,greedy,1150,10,10,8,2,80.0,242.63321837106486,214.61326623836166,412.32576196465203,1941.0657469685189,6
0.1,32,49,5099,global_min_cost,1150,10,10,8,2,80.0,242.63321837106486,214.61326623836166,412.32576196465203,1941.0657469685189,6
0.12,8,0,1005050,greedy,1363,10,10,8,2,80.0,759.7959376670518,530.5834184720748,1514.6112528437006,6078.367501336415,6
0.12,8,0,1005050,global_min_cost,1363,10,10,8,2,80.0,455.8678963092536,450.6161365271694,803.0130497091134,3646.9431704740286,6
0.12,10,0,1005050,greedy,1363,10,10,10,0,100.0,908.6422808895793,486.99292492517765,2256.3580874212375,9086.422808895793,0
0.12,10,0,1005050,global_min_cost,1363,10,10,10,0,100.0,815.0081246704548,552.0927461012708,1354.732532054697,8150.081246704547,0
0.12,12,0,1005050,greedy,1363,10,10,10,0,100.0,599.2680343216184,427.00151961169774,1094.2800576418504,5992.680343216184,0
0.12,12,0,1005050,global_min_cost,1363,10,10,10,0,100.0,519.2482896878935,540.4610980081875,834.9904375935985,5192.482896878935,0
0.12,14,0,1005050,greedy,1363,10,10,10,0,100.0,455.00190299268115,401.4025916975688,720.6574528629153,4550.019029926811,0
0.12,14,0,1005050,global_min_cost,1363,10,10,10,0,100.0,404.99570097894076,341.4939128645449,691.688893567365,4049.957009789408,0
0.12,16,0,1005050,greedy,1363,10,10,10,0,100.0,400.0145916808754,261.14477331924246,695.2608793379305,4000.145916808754,0
0.12,16,0,1005050,global_min_cost,1363,10,10,10,0,100.0,384.56161870785365,269.08147952668014,691.688893567365,3845.6161870785368,0
0.12,20,0,1005050,greedy,1363,10,10,10,0,100.0,375.4839608998857,261.14477331924246,695.2608793379305,3754.839608998857,0
0.12,20,0,1005050,global_min_cost,1363,10,10,10,0,100.0,355.83170640583796,254.07060803029145,671.1502790961298,3558.3170640583794,0
0.12,24,0,1005050,greedy,1363,10,10,10,0,100.0,360.7641296372751,261.14477331924246,562.7823979744354,3607.641296372751,0
0.12,24,0,1005050,global_min_cost,1363,10,10,10,0,100.0,355.83170640583796,254.07060803029145,671.1502790961298,3558.3170640583794,0
0.12,32,0,1005050,greedy,1363,10,10,10,0,100.0,311.23398120252824,210.7669719878777,562.2318972953497,3112.339812025282,0
0.12,32,0,1005050,global_min_cost,1363,10,10,10,0,100.0,306.8034480212904,210.7669719878777,562.2318972953497,3068.034480212904,0
0.12,8,1,1005051,greedy,1321,10,10,8,2,80.0,729.7631639528778,525.2249682157906,1558.5785965166592,5838.105311623022,6
0.12,8,1,1005051,global_min_cost,1321,10,10,8,2,80.0,550.7308342500065,434.19319067938414,953.0500086177561,4405.846674000052,5
0.12,10,1,1005051,greedy,1321,10,10,9,1,90.0,683.6983251434494,469.31337570622713,1332.5500449151984,6153.284926291045,3
0.12,10,1,1005051,global_min_cost,1321,10,10,9,1,90.0,550.5975571756361,440.79453795382517,911.9197868777026,4955.378014580725,3
0.12,12,1,1005051,greedy,1321,10,10,9,1,90.0,540.3956857288953,469.31337570622713,1020.7142087233143,4863.561171560058,3
0.12,12,1,1005051,global_min_cost,1321,10,10,9,1,90.0,439.2239302630497,436.7183238576977,636.8075970896675,3953.0153723674475,3
0.12,14,1,1005051,greedy,1321,10,10,9,1,90.0,436.39356719587767,469.31337570622713,669.596558970036,3927.542104762899,3
0.12,14,1,1005051,global_min_cost,1321,10,10,9,1,90.0,333.0739592112658,380.8250621630835,552.4149689704063,2997.665632901392,3
0.12,16,1,1005051,greedy,1321,10,10,9,1,90.0,299.21964608966005,212.99165295861818,552.4149689704063,2692.976814806941,3
0.12,16,1,1005051,global_min_cost,1321,10,10,9,1,90.0,295.0230693893635,279.85608565043066,552.4149689704063,2655.2076245042713,3
0.12,20,1,1005051,greedy,1321,10,10,9,1,90.0,281.7144981082543,212.99165295861818,552.4149689704063,2535.430482974289,3
0.12,20,1,1005051,global_min_cost,1321,10,10,9,1,90.0,277.5179214079577,279.85608565043066,552.4149689704063,2497.6612926716193,3
0.12,24,1,1005051,greedy,1321,10,10,9,1,90.0,281.7144981082543,212.99165295861818,552.4149689704063,2535.430482974289,3
0.12,24,1,1005051,global_min_cost,1321,10,10,9,1,90.0,277.5179214079577,279.85608565043066,552.4149689704063,2497.6612926716193,3
0.12,32,1,1005051,greedy,1321,10,10,9,1,90.0,208.37519168454813,129.4719518349418,440.66026195382136,1875.3767251609331,3
0.12,32,1,1005051,global_min_cost,1321,10,10,9,1,90.0,201.45973910364984,129.4719518349418,398.9185493247429,1813.1376519328485,3
0.12,8,2,1005052,greedy,1397,10,10,8,2,80.0,940.7850222005462,766.440184285536,1767.8037946235902,7526.28017760437,10
0.12,8,2,1005052,global_min_cost,1397,10,10,8,2,80.0,831.37443317559,638.2890048002076,1605.6770700997918,6650.99546540472,9
0.12,10,2,1005052,greedy,1397,10,10,9,1,90.0,684.4494082921449,427.3227547423225,1379.667579932679,6160.044674629304,5
0.12,10,2,1005052,global_min_cost,1397,10,10,9,1,90.0,551.9089861087518,476.27499102360724,865.7561165142496,4967.180874978766,5
0.12,12,2,1005052,greedy,1397,10,10,9,1,90.0,443.0495403341018,427.3227547423225,728.1890273393395,3987.4458630069157,5
0.12,12,2,1005052,global_min_cost,1397,10,10,9,1,90.0,425.8799582828892,341.7381093013661,602.1315155846357,3832.9196245460025,5
0.12,14,2,1005052,greedy,1397,10,10,9,1,90.0,440.50674325796473,407.40554534070225,727.595434482617,3964.5606893216827,5
0.12,14,2,1005052,global_min_cost,1397,10,10,9,1,90.0,380.02643828796766,341.7381093013661,519.595179593777,3420.2379445917086,5
0.12,16,2,1005052,greedy,1397,10,10,9,1,90.0,408.38484121514773,368.5989742858544,727.595434482617,3675.46357093633,5
0.12,16,2,1005052,global_min_cost,1397,10,10,9,1,90.0,353.72844448489803,341.7381093013661,480.43339056874913,3183.556000364082,5
0.12,20,2,1005052,greedy,1397,10,10,9,1,90.0,316.68516631515314,339.5090471858076,446.08215720372584,2850.1664968363784,5
0.12,20,2,1005052,global_min_cost,1397,10,10,9,1,90.0,316.6851663151532,310.3988687820558,465.5089303644921,2850.1664968363784,5
0.12,24,2,1005052,greedy,1397,10,10,9,1,90.0,316.68516631515314,339.5090471858076,446.08215720372584,2850.1664968363784,5
0.12,24,2,1005052,global_min_cost,1397,10,10,9,1,90.0,316.6851663151532,310.3988687820558,465.5089303644921,2850.1664968363784,5
0.12,32,2,1005052,greedy,1397,10,10,9,1,90.0,250.6548858662825,310.3988687820558,446.08215720372584,2255.8939727965426,5
0.12,32,2,1005052,global_min_cost,1397,10,10,9,1,90.0,248.2828230763026,242.37518138197672,459.9488960508568,2234.5454076867236,5
0.12,8,3,1005053,greedy,1341,10,10,6,4,60.0,1111.778387347913,788.0978440813287,2146.347814830131,6670.670324087477,13
0.12,8,3,1005053,global_min_cost,1341,10,10,6,4,60.0,501.5010688414668,510.5450939779015,723.7068728857106,3009.006413048801,11
0.12,10,3,1005053,greedy,1341,10,10,7,3,70.0,1121.1925404750477,835.8904946272874,2242.7683502229524,7848.347783325334,10
0.12,10,3,1005053,global_min_cost,1341,10,10,7,3,70.0,547.7059471486658,561.8756591292392,774.3802835902917,3833.9416300406606,8
0.12,12,3,1005053,greedy,1341,10,10,8,2,80.0,870.9957898566029,869.5590724048741,1325.0951904059702,6967.966318852823,9
0.12,12,3,1005053,global_min_cost,1341,10,10,8,2,80.0,589.854995598823,634.3062051223737,842.9241523192791,4718.839964790584,5
0.12,14,3,1005053,greedy,1341,10,10,10,0,100.0,668.959095625544,702.4533875485199,1096.005734280011,6689.590956255441,0
0.12,14,3,1005053,global_min_cost,1341,10,10,10,0,100.0,668.959095625544,707.8882039661668,1096.005734280011,6689.59095625544,0
0.12,16,3,1005053,greedy,1341,10,10,10,0,100.0,645.6990417755876,601.0542717894173,1094.847394042154,6456.9904177558765,0
0.12,16,3,1005053,global_min_cost,1341,10,10,10,0,100.0,632.1315720681654,582.975639971036,968.4918824069566,6321.315720681653,0
0.12,20,3,1005053,greedy,1341,10,10,10,0,100.0,586.2553042148444,598.3968359792465,1094.847394042154,5862.553042148444,0
0.12,20,3,1005053,global_min_cost,1341,10,10,10,0,100.0,572.0758885366835,428.14317160945546,968.4918824069566,5720.758885366835,0
0.12,24,3,1005053,greedy,1341,10,10,10,0,100.0,532.3301197043331,428.14317160945546,1094.847394042154,5323.301197043331,0
0.12,24,3,1005053,global_min_cost,1341,10,10,10,0,100.0,532.3301197043331,428.14317160945546,942.1357486457889,5323.301197043332,0
0.12,32,3,1005053,greedy,1341,10,10,10,0,100.0,322.6074876684417,266.4704037376289,430.9109405115348,3226.074876684417,0
0.12,32,3,1005053,global_min_cost,1341,10,10,10,0,100.0,322.6074876684417,266.4704037376289,430.9109405115348,3226.074876684417,0
0.12,8,4,1005054,greedy,1373,10,10,8,2,80.0,1002.9107435936252,833.9676055890945,1839.1564702441096,8023.285948749002,4
0.12,8,4,1005054,global_min_cost,1373,10,10,8,2,80.0,610.5216479104233,530.0778542028497,1204.6774382558915,4884.1731832833875,7
0.12,10,4,1005054,greedy,1373,10,10,9,1,90.0,968.5417873320963,1117.8350563222866,1613.4095667682261,8716.876085988866,2
0.12,10,4,1005054,global_min_cost,1373,10,10,9,1,90.0,679.3352539610606,584.5642550176029,1310.4904954279261,6114.017285649545,2
0.12,12,4,1005054,greedy,1373,10,10,10,0,100.0,759.2845959926476,623.5217537698518,1363.7301779674167,7592.845959926475,0
0.12,12,4,1005054,global_min_cost,1373,10,10,10,0,100.0,616.5432601663741,500.9435724512118,1138.9950712585473,6165.432601663741,0
0.12,14,4,1005054,greedy,1373,10,10,10,0,100.0,535.2202605691239,430.9919378510591,1108.590172976612,5352.20260569124,0
0.12,14,4,1005054,global_min_cost,1373,10,10,10,0,100.0,457.5342024117151,382.6839167550448,727.7258438513849,4575.342024117151,0
0.12,16,4,1005054,greedy,1373,10,10,10,0,100.0,503.6634829365544,411.58799050627795,989.9708032603289,5036.634829365545,0
0.12,16,4,1005054,global_min_cost,1373,10,10,10,0,100.0,406.10944136928504,365.80089285495444,614.7786154750615,4061.09441369285,0
0.12,20,4,1005054,greedy,1373,10,10,10,0,100.0,372.9114423596263,329.0591832176571,600.3730476230293,3729.114423596263,0
0.12,20,4,1005054,global_min_cost,1373,10,10,10,0,100.0,369.9070488190474,329.0591832176571,604.3919159671196,3699.070488190475,0
0.12,24,4,1005054,greedy,1373,10,10,10,0,100.0,357.87087739981996,300.8178756405837,600.3730476230293,3578.7087739981994,0
0.12,24,4,1005054,global_min_cost,1373,10,10,10,0,100.0,354.8664838592411,300.8178756405837,604.3919159671196,3548.664838592411,0
0.12,32,4,1005054,greedy,1373,10,10,10,0,100.0,345.5783268082247,296.96889057624094,600.3730476230293,3455.7832680822467,0
0.12,32,4,1005054,global_min_cost,1373,10,10,10,0,100.0,320.18027969291626,270.10177556036024,598.6220619344758,3201.8027969291625,0
0.12,8,5,1005055,greedy,1380,10,10,6,4,60.0,703.4387055115391,604.3615266634592,1201.2487978774689,4220.632233069235,13
0.12,8,5,1005055,global_min_cost,1380,10,10,6,4,60.0,371.88404604452296,307.99657103917093,597.5400677157509,2231.304276267138,15
0.12,10,5,1005055,greedy,1380,10,10,8,2,80.0,546.913146212374,544.1111290340461,850.0520165823443,4375.305169698992,7
0.12,10,5,1005055,global_min_cost,1380,10,10,8,2,80.0,417.09886917768864,405.7672192239893,609.3971998010292,3336.7909534215087,7
0.12,12,5,1005055,greedy,1380,10,10,9,1,90.0,662.1494933917724,634.6801532921809,1125.2297114074793,5959.345440525951,5
0.12,12,5,1005055,global_min_cost,1380,10,10,9,1,90.0,531.9009628216135,472.51475032563246,863.0035343006477,4787.108665394521,2
0.12,14,5,1005055,greedy,1380,10,10,10,0,100.0,666.6636147420959,595.3224486172237,1424.5040250601612,6666.636147420959,0
0.12,14,5,1005055,global_min_cost,1380,10,10,10,0,100.0,575.2110323838523,495.84199304625344,1048.4482280655448,5752.110323838522,0
0.12,16,5,1005055,greedy,1380,10,10,10,0,100.0,553.8430236640784,257.18511811811373,1297.3343472430172,5538.430236640783,0
0.12,16,5,1005055,global_min_cost,1380,10,10,10,0,100.0,493.491364756975,387.46580891978704,1048.4482280655448,4934.91364756975,0
0.12,20,5,1005055,greedy,1380,10,10,10,0,100.0,406.9673802374105,257.18511811811373,836.0558582279755,4069.6738023741054,0
0.12,20,5,1005055,global_min_cost,1380,10,10,10,0,100.0,406.1469160833611,331.0674347114956,836.0558582279755,4061.4691608336107,0
0.12,24,5,1005055,greedy,1380,10,10,10,0,100.0,283.04663672001277,202.36226572493916,513.7974516755477,2830.466367200128,0
0.12,24,5,1005055,global_min_cost,1380,10,10,10,0,100.0,282.22617256596334,231.6034792347562,513.7974516755477,2822.2617256596336,0
0.12,32,5,1005055,greedy,1380,10,10,10,0,100.0,249.60663498406453,167.80706386887826,513.7974516755477,2496.066349840645,0
0.12,32,5,1005055,global_min_cost,1380,10,10,10,0,100.0,249.60663498406453,167.80706386887826,513.7974516755477,2496.066349840645,0
0.12,8,6,1005056,greedy,1381,10,10,8,2,80.0,917.0167665155245,839.7303198284542,1523.6541620438709,7336.134132124196,4
0.12,8,6,1005056,global_min_cost,1381,10,10,8,2,80.0,619.4848756643383,261.7341015892558,1706.4300588455617,4955.879005314708,5
0.12,10,6,1005056,greedy,1381,10,10,10,0,100.0,595.2821693667956,422.57484618151244,1492.7489094318819,5952.821693667956,0
0.12,10,6,1005056,global_min_cost,1381,10,10,10,0,100.0,550.9958443648908,294.03175637487436,1601.97332058907,5509.9584436489085,0
0.12,12,6,1005056,greedy,1381,10,10,10,0,100.0,275.1045831092966,179.18746915495745,548.091391319682,2751.0458310929657,0
0.12,12,6,1005056,global_min_cost,1381,10,10,10,0,100.0,255.36749765601982,184.61697889921697,529.6550253398137,2553.674976560198,0
0.12,14,6,1005056,greedy,1381,10,10,10,0,100.0,263.5650106122699,179.18746915495745,536.5518188226553,2635.6501061226986,0
0.12,14,6,1005056,global_min_cost,1381,10,10,10,0,100.0,246.26350085896388,197.57016817781047,460.8536722692346,2462.6350085896383,0
0.12,16,6,1005056,greedy,1381,10,10,10,0,100.0,234.67776439153297,179.18746915495745,500.23553884136743,2346.7776439153295,0
0.12,16,6,1005056,global_min_cost,1381,10,10,10,0,100.0,227.91538001681346,179.18746915495745,460.8536722692346,2279.1538001681347,0
0.12,20,6,1005056,greedy,1381,10,10,10,0,100.0,228.01327172861923,168.1055458249822,500.23553884136743,2280.132717286192,0
0.12,20,6,1005056,global_min_cost,1381,10,10,10,0,100.0,221.2508873538997,168.1055458249822,460.8536722692346,2212.508873538997,0
0.12,24,6,1005056,greedy,1381,10,10,10,0,100.0,210.03997298046804,168.1055458249822,418.0928749272634,2100.39972980468,0
0.12,24,6,1005056,global_min_cost,1381,10,10,10,0,100.0,203.27758860574852,168.1055458249822,418.0928749272634,2032.775886057485,0
0.12,32,6,1005056,greedy,1381,10,10,10,0,100.0,209.17636014021883,163.78748162373608,418.0928749272634,2091.763601402188,0
0.12,32,6,1005056,global_min_cost,1381,10,10,10,0,100.0,200.135647424456,168.1055458249822,418.0928749272634,2001.35647424456,0
0.12,8,7,1005057,greedy,1345,10,10,5,5,50.0,585.5483243866653,379.6280748546105,1180.05354652026,2927.7416219333263,21
0.12,8,7,1005057,global_min_cost,1345,10,10,5,5,50.0,278.15565886441124,299.6177608460941,435.834687331257,1390.7782943220561,15
0.12,10,7,1005057,greedy,1345,10,10,6,4,60.0,681.5922916976248,693.0387452661954,1228.800881000501,4089.553750185749,19
0.12,10,7,1005057,global_min_cost,1345,10,10,6,4,60.0,400.62259162479234,368.1563728345721,710.7741532136271,2403.7355497487542,12
0.12,12,7,1005057,greedy,1345,10,10,8,2,80.0,540.4315510608742,493.52877145631464,1103.5339313685397,4323.452408486994,9
0.12,12,7,1005057,global_min_cost,1345,10,10,8,2,80.0,425.7741050509876,368.1563728345721,862.9686134882706,3406.1928404079003,6
0.12,14,7,1005057,greedy,1345,10,10,9,1,90.0,510.08844362993284,466.75597015411915,1021.4636062219363,4590.795992669396,5
0.12,14,7,1005057,global_min_cost,1345,10,10,9,1,90.0,493.8826732527213,379.6280748546105,1170.5131432820178,4444.944059274491,5
0.12,16,7,1005057,greedy,1345,10,10,10,0,100.0,457.0786477416072,423.1920225043648,998.4819065746283,4570.786477416072,0
0.12,16,7,1005057,global_min_cost,1345,10,10,10,0,100.0,432.348590953832,368.1563728345721,1026.5003994454796,4323.48590953832,0
0.12,20,7,1005057,greedy,1345,10,10,10,0,100.0,397.04197737143124,346.83635585986565,898.1745179831642,3970.419773714312,0
0.12,20,7,1005057,global_min_cost,1345,10,10,10,0,100.0,397.04197737143124,346.83635585986565,898.1745179831642,3970.4197737143127,0
0.12,24,7,1005057,greedy,1345,10,10,10,0,100.0,370.6399534989137,319.87416881968295,888.0622605341295,3706.399534989137,0
0.12,24,7,1005057,global_min_cost,1345,10,10,10,0,100.0,351.7577522208112,319.87416881968295,763.0530583637797,3517.577522208112,0
0.12,32,7,1005057,greedy,1345,10,10,10,0,100.0,281.44066839310227,164.54390850925972,789.5048119634763,2814.406683931023,0
0.12,32,7,1005057,global_min_cost,1345,10,10,10,0,100.0,273.5092947339612,164.54390850925972,637.2243894389284,2735.0929473396122,0
0.12,8,8,1005058,greedy,1361,10,10,6,4,60.0,496.10704912320745,491.07679125226207,763.5141406662635,2976.642294739245,9
0.12,8,8,1005058,global_min_cost,1361,10,10,7,3,70.0,527.2473353332094,311.4582097247875,1041.6149550504213,3690.7313473324657,8
0.12,10,8,1005058,greedy,1361,10,10,7,3,70.0,452.2281169800028,436.25506402384286,671.2841683831747,3165.59681886002,8
0.12,10,8,1005058,global_min_cost,1361,10,10,7,3,70.0,399.16261669454565,311.4582097247875,682.9777428621624,2794.1383168618195,8
0.12,12,8,1005058,greedy,1361,10,10,7,3,70.0,440.92954722031874,436.25506402384286,671.2841683831747,3086.5068305422315,8
0.12,12,8,1005058,global_min_cost,1361,10,10,7,3,70.0,387.86404693486156,311.4582097247875,635.5237498714893,2715.0483285440305,8
0.12,14,8,1005058,greedy,1361,10,10,7,3,70.0,440.92954722031874,436.25506402384286,671.2841683831747,3086.5068305422315,8
0.12,14,8,1005058,global_min_cost,1361,10,10,7,3,70.0,387.86404693486156,436.25506402384286,570.8339459679142,2715.0483285440305,8
0.12,16,8,1005058,greedy,1361,10,10,7,3,70.0,440.92954722031874,436.25506402384286,671.2841683831747,3086.5068305422315,8
0.12,16,8,1005058,global_min_cost,1361,10,10,7,3,70.0,387.86404693486156,311.4582097247875,635.5237498714893,2715.0483285440305,8
0.12,20,8,1005058,greedy,1361,10,10,8,2,80.0,350.02110049420713,358.6889504986276,530.545038177835,2800.168803953657,6
0.12,20,8,1005058,global_min_cost,1361,10,10,8,2,80.0,304.1784098494064,264.66103698729944,538.8431846022593,2433.427278795252,6
0.12,24,8,1005058,greedy,1361,10,10,8,2,80.0,240.33020519753268,235.59483509916788,366.8761270516498,1922.6416415802614,6
0.12,24,8,1005058,global_min_cost,1361,10,10,8,2,80.0,193.0053182807305,132.43363017009028,366.2700600084222,1544.0425462458438,6
0.12,32,8,1005058,greedy,1361,10,10,8,2,80.0,227.2849393253274,215.74351884649911,366.8761270516498,1818.2795146026192,6
0.12,32,8,1005058,global_min_cost,1361,10,10,8,2,80.0,173.2723336917033,132.43363017009028,366.2700600084222,1386.1786695336264,6
0.12,8,9,1005059,greedy,1387,10,10,7,3,70.0,1160.2242022136793,866.4033390725718,2250.032702827857,8121.569415495755,5
0.12,8,9,1005059,global_min_cost,1387,10,10,7,3,70.0,751.1464152341949,548.0768528828117,1301.183569186836,5258.024906639364,5
0.12,10,9,1005059,greedy,1387,10,10,8,2,80.0,958.8227418165858,895.0132254043297,1622.6790863626986,7670.581934532686,3
0.12,10,9,1005059,global_min_cost,1387,10,10,8,2,80.0,706.6599545855524,506.13759873727656,1274.1214073773535,5653.2796366844195,3
0.12,12,9,1005059,greedy,1387,10,10,8,2,80.0,871.5344451282612,790.8875331370516,1400.240101932614,6972.275561026088,3
0.12,12,9,1005059,global_min_cost,1387,10,10,8,2,80.0,671.8014545094502,481.03711437609707,1274.1214073773535,5374.411636075602,3
0.12,14,9,1005059,greedy,1387,10,10,8,2,80.0,619.9284449662698,641.0956129543351,1044.3054374265403,4959.4275597301585,3
0.12,14,9,1005059,global_min_cost,1387,10,10,8,2,80.0,583.3325300619665,530.3586513054242,1126.275521794661,4666.660240495732,3
0.12,16,9,1005059,greedy,1387,10,10,8,2,80.0,527.9693659831087,481.03711437609707,918.6318746652862,4223.754927864869,3
0.12,16,9,1005059,global_min_cost,1387,10,10,8,2,80.0,527.9693659831087,481.03711437609707,870.1709783570445,4223.754927864869,3
0.12,20,9,1005059,greedy,1387,10,10,8,2,80.0,526.1483653545483,473.7531118618557,918.6318746652862,4209.186922836387,3
0.12,20,9,1005059,global_min_cost,1387,10,10,8,2,80.0,526.1483653545483,506.49872241967955,846.9451582028928,4209.186922836387,3
0.12,24,9,1005059,greedy,1387,10,10,8,2,80.0,388.07598725408184,381.871532401633,666.5925288920798,3104.6078980326547,3
0.12,24,9,1005059,global_min_cost,1387,10,10,8,2,80.0,388.07598725408184,381.871532401633,619.6382410188872,3104.6078980326547,3
0.12,32,9,1005059,greedy,1387,10,10,8,2,80.0,371.2018804591866,381.871532401633,617.8332565688634,2969.6150436734924,3
0.12,32,9,1005059,global_min_cost,1387,10,10,8,2,80.0,370.06966287752084,381.871532401633,648.2635661677969,2960.5573030201667,3
0.12,8,10,1005060,greedy,1499,10,10,7,3,70.0,942.2168417695051,830.2911941013954,1858.57800370006,6595.517892386536,10
0.12,8,10,1005060,global_min_cost,1499,10,10,7,3,70.0,729.8644953584256,543.7093185491465,1435.5075177463482,5109.051467508979,10
0.12,10,10,1005060,greedy,1499,10,10,7,3,70.0,603.7175199209397,806.9341703589636,888.0941430763023,4226.022639446579,10
0.12,10,10,1005060,global_min_cost,1499,10,10,7,3,70.0,494.66618635564026,543.7093185491465,820.9762345974299,3462.6633044894816,10
0.12,12,10,1005060,greedy,1499,10,10,7,3,70.0,579.5368172644593,662.0446282960685,887.4831314022803,4056.757720851215,10
0.12,12,10,1005060,global_min_cost,1499,10,10,7,3,70.0,470.4854836991598,417.00613242727246,776.9522525385486,3293.3983858941183,10
0.12,14,10,1005060,greedy,1499,10,10,7,3,70.0,502.453918161739,375.3914901840614,887.4831314022803,3517.1774271321733,10
0.12,14,10,1005060,global_min_cost,1499,10,10,7,3,70.0,436.45535267741656,294.5555328901121,820.9762345974299,3055.187468741916,10
0.12,16,10,1005060,greedy,1499,10,10,7,3,70.0,420.9941750545607,344.4360497484906,744.7940778710707,2946.9592253819246,10
0.12,16,10,1005060,global_min_cost,1499,10,10,7,3,70.0,353.55174559107513,253.49304460039934,564.0841316496393,2474.862219137526,10
0.12,20,10,1005060,greedy,1499,10,10,7,3,70.0,251.95483462889487,226.95541777339042,441.38733387491675,1763.683842402264,10
0.12,20,10,1005060,global_min_cost,1499,10,10,7,3,70.0,246.9948446735599,226.95541777339042,428.16633360542187,1728.9639127149194,10
0.12,24,10,1005060,greedy,1499,10,10,7,3,70.0,198.51245384845532,178.7952152750699,351.6461764941288,1389.5871769391874,10
0.12,24,10,1005060,global_min_cost,1499,10,10,7,3,70.0,197.03215764932398,178.7952152750699,323.53082576817644,1379.2251035452678,10
0.12,32,10,1005060,greedy,1499,10,10,7,3,70.0,153.55329920429918,144.8117608790049,235.83668049419134,1074.8730944300942,10
0.12,32,10,1005060,global_min_cost,1499,10,10,7,3,70.0,137.12777089315676,130.89271046337444,235.83668049419134,959.8943962520975,10
0.12,8,11,1005061,greedy,1307,10,10,8,2,80.0,847.3727348928318,607.2029421519564,1490.8856008527137,6778.981879142654,3
0.12,8,11,1005061,global_min_cost,1307,10,10,8,2,80.0,676.262607067291,627.1265507404995,1083.1561701383516,5410.100856538328,7
0.12,10,11,1005061,greedy,1307,10,10,10,0,100.0,1096.9253761466812,932.276366711096,2440.79961306773,10969.253761466813,0
0.12,10,11,1005061,global_min_cost,1307,10,10,10,0,100.0,981.7895976040232,627.1265507404995,2136.010541082082,9817.895976040232,0
0.12,12,11,1005061,greedy,1307,10,10,10,0,100.0,853.5930722796516,519.961146634195,1888.2435188462118,8535.930722796515,0
0.12,12,11,1005061,global_min_cost,1307,10,10,10,0,100.0,756.2666249723438,480.98289289898753,1979.6455724662544,7562.666249723437,0
0.12,14,11,1005061,greedy,1307,10,10,10,0,100.0,727.0286112801327,393.44078509804876,1783.8746590062844,7270.286112801328,0
0.12,14,11,1005061,global_min_cost,1307,10,10,10,0,100.0,545.7733185077775,466.1212922697663,1016.0378928259668,5457.7331850777755,0
0.12,16,11,1005061,greedy,1307,10,10,10,0,100.0,708.7564588624303,393.44078509804876,1745.9574903834907,7087.564588624304,0
0.12,16,11,1005061,global_min_cost,1307,10,10,10,0,100.0,544.8486090567832,466.1212922697663,828.8020118027068,5448.4860905678315,0
0.12,20,11,1005061,greedy,1307,10,10,10,0,100.0,448.10329150392226,358.0821863989464,983.9923326935414,4481.032915039223,0
0.12,20,11,1005061,global_min_cost,1307,10,10,10,0,100.0,444.2606363559798,387.3331927587601,624.9862220918087,4442.606363559797,0
0.12,24,11,1005061,greedy,1307,10,10,10,0,100.0,392.9224093030576,277.8680686509149,983.9923326935414,3929.2240930305757,0
0.12,24,11,1005061,global_min_cost,1307,10,10,10,0,100.0,380.7831856975803,214.1987380110471,624.9862220918087,3807.831856975803,0
0.12,32,11,1005061,greedy,1307,10,10,10,0,100.0,370.96949048414126,227.02559029897446,983.9923326935414,3709.694904841412,0
0.12,32,11,1005061,global_min_cost,1307,10,10,10,0,100.0,361.82493743388585,316.7722371939034,586.3761747042673,3618.2493743388586,0
0.12,8,12,1005062,greedy,1411,10,10,8,2,80.0,794.6853913236406,369.95151707679065,1786.7261090517836,6357.483130589125,4
0.12,8,12,1005062,global_min_cost,1411,10,10,8,2,80.0,566.3298997339698,195.45264109247188,1467.8219528482896,4530.6391978717575,4
0.12,10,12,1005062,greedy,1411,10,10,9,1,90.0,948.5176124491633,513.1107324622129,2662.8571462740674,8536.658512042468,2
0.12,10,12,1005062,global_min_cost,1411,10,10,9,1,90.0,870.3997412471646,226.79230169136838,2165.9933540883794,7833.597671224481,2
0.12,12,12,1005062,greedy,1411,10,10,9,1,90.0,617.6114865708962,322.1367816981698,1298.321600635051,5558.5033791380665,2
0.12,12,12,1005062,global_min_cost,1411,10,10,9,1,90.0,523.5297079244449,226.79230169136838,1333.2639773585042,4711.767371320005,2
0.12,14,12,1005062,greedy,1411,10,10,9,1,90.0,544.6215528441737,322.1367816981698,1102.8534966537115,4901.593975597563,2
0.12,14,12,1005062,global_min_cost,1411,10,10,9,1,90.0,474.353743898054,226.79230169136838,940.1378841284646,4269.183695082485,2
0.12,16,12,1005062,greedy,1411,10,10,9,1,90.0,544.6215528441737,322.1367816981698,1102.8534966537115,4901.593975597563,2
0.12,16,12,1005062,global_min_cost,1411,10,10,9,1,90.0,474.353743898054,226.79230169136838,979.1970363684893,4269.183695082485,2
0.12,20,12,1005062,greedy,1411,10,10,9,1,90.0,442.3927847642185,322.1367816981698,869.5325198135444,3981.535062877966,2
0.12,20,12,1005062,global_min_cost,1411,10,10,9,1,90.0,423.33397935325104,226.79230169136838,848.3023079478193,3810.0058141792592,2
0.12,24,12,1005062,greedy,1411,10,10,9,1,90.0,360.0474542806333,322.1367816981698,724.9283540265404,3240.427088525699,2
0.12,24,12,1005062,global_min_cost,1411,10,10,9,1,90.0,341.2286099735626,245.77267332272865,731.1856987511984,3071.057489762063,2
0.12,32,12,1005062,greedy,1411,10,10,9,1,90.0,360.0474542806333,322.1367816981698,724.9283540265404,3240.427088525699,2
0.12,32,12,1005062,global_min_cost,1411,10,10,9,1,90.0,341.2286099735626,245.77267332272865,692.1265465111737,3071.057489762063,2
0.12,8,13,1005063,greedy,1419,10,10,7,3,70.0,1084.1685911173138,565.9889064157867,2561.6836900150947,7589.180137821197,6
0.12,8,13,1005063,global_min_cost,1419,10,10,7,3,70.0,677.5135369851378,277.70830063214134,1839.8920500361685,4742.594758895964,8
0.12,10,13,1005063,greedy,1419,10,10,9,1,90.0,824.3699449698983,495.0012161401794,1982.3048058933286,7419.329504729085,3
0.12,10,13,1005063,global_min_cost,1419,10,10,9,1,90.0,678.6823039691051,389.1663390058531,1896.6768061684072,6108.140735721944,3
0.12,12,13,1005063,greedy,1419,10,10,9,1,90.0,574.5581214999052,495.0012161401794,1025.7562057320936,5171.023093499146,3
0.12,12,13,1005063,global_min_cost,1419,10,10,9,1,90.0,489.09309656171393,389.1663390058531,943.1564070031149,4401.8378690554255,3
0.12,14,13,1005063,greedy,1419,10,10,9,1,90.0,481.88737501326744,477.9569494726275,891.3085836471065,4336.986375119407,3
0.12,14,13,1005063,global_min_cost,1419,10,10,9,1,90.0,435.8223432438212,477.9569494726275,755.2512940614225,3922.401089194391,3
0.12,16,13,1005063,greedy,1419,10,10,9,1,90.0,377.5184697824932,372.36837016726815,770.9733582001522,3397.666228042438,3
0.12,16,13,1005063,global_min_cost,1419,10,10,9,1,90.0,319.5716299913388,366.5675724387947,535.5791227305897,2876.144669922049,3
0.12,20,13,1005063,greedy,1419,10,10,9,1,90.0,316.2406781891593,372.36837016726815,555.621163437235,2846.1661037024337,3
0.12,20,13,1005063,global_min_cost,1419,10,10,9,1,90.0,302.6326954365469,320.04784975137875,642.6592831238712,2723.694258928922,3
0.12,24,13,1005063,greedy,1419,10,10,9,1,90.0,282.6843476439181,341.7601299155112,483.74093216338713,2544.1591287952624,3
0.12,24,13,1005063,global_min_cost,1419,10,10,9,1,90.0,249.56885611484515,320.04784975137875,427.26876629488805,2246.1197050336064,3
0.12,32,13,1005063,greedy,1419,10,10,9,1,90.0,263.12274928462097,277.70830063214134,483.74093216338713,2368.1047435615883,3
0.12,32,13,1005063,global_min_cost,1419,10,10,9,1,90.0,230.00725775554804,190.5131872051207,427.26876629488805,2070.0653197999322,3
0.12,8,14,1005064,greedy,1356,10,10,7,3,70.0,820.8701677098795,573.7453767738789,1508.1699886020003,5746.091173969156,8
0.12,8,14,1005064,global_min_cost,1356,10,10,7,3,70.0,730.7101992670107,379.0215734170116,1413.1597153683915,5114.971394869075,9
0.12,10,14,1005064,greedy,1356,10,10,9,1,90.0,851.3485979579483,700.4381624888778,1402.4585067122998,7662.1373816215355,4
0.12,10,14,1005064,global_min_cost,1356,10,10,9,1,90.0,765.8583700239635,698.5518890151606,1247.3509103251695,6892.725330215672,2
0.12,12,14,1005064,greedy,1356,10,10,10,0,100.0,853.6288338459283,674.3529445609902,1587.3811429511543,8536.288338459284,0
0.12,12,14,1005064,global_min_cost,1356,10,10,10,0,100.0,801.3809252394494,781.3860113877362,1182.2609944677813,8013.809252394493,0
0.12,14,14,1005064,greedy,1356,10,10,10,0,100.0,714.7257373970637,611.0065517034908,1293.6669317087963,7147.257373970637,0
0.12,14,14,1005064,global_min_cost,1356,10,10,10,0,100.0,660.1604417923509,533.4723441476934,1070.4964897810116,6601.604417923509,0
0.12,16,14,1005064,greedy,1356,10,10,10,0,100.0,632.910055687159,514.9725035233096,1108.1774204330457,6329.10055687159,0
0.12,16,14,1005064,global_min_cost,1356,10,10,10,0,100.0,631.6795825600814,558.629716907137,1058.1137503611546,6316.795825600815,0
0.12,20,14,1005064,greedy,1356,10,10,10,0,100.0,539.3218943763957,471.98643629978596,1036.353743771239,5393.218943763956,0
0.12,20,14,1005064,global_min_cost,1356,10,10,10,0,100.0,534.4052456622775,445.1076481512582,1058.1137503611546,5344.052456622775,0
0.12,24,14,1005064,greedy,1356,10,10,10,0,100.0,332.7253840231474,272.50596804382286,508.50652729963394,3327.253840231474,0
0.12,24,14,1005064,global_min_cost,1356,10,10,10,0,100.0,312.34286970607565,294.949522894681,586.226027998007,3123.428697060757,0
0.12,32,14,1005064,greedy,1356,10,10,10,0,100.0,221.32407834093647,220.74362976506035,401.0765547897851,2213.2407834093647,0
0.12,32,14,1005064,global_min_cost,1356,10,10,10,0,100.0,221.32407834093647,216.15720775881965,402.5203993946373,2213.240783409364,0
0.12,8,15,1005065,greedy,1364,10,10,8,2,80.0,790.0654895637492,661.9212990711683,1573.840676691762,6320.523916509994,7
0.12,8,15,1005065,global_min_cost,1364,10,10,8,2,80.0,786.1458081823413,898.8233975765676,1483.552293143511,6289.16646545873,7
0.12,10,15,1005065,greedy,1364,10,10,8,2,80.0,612.4342076685997,592.954318411326,1206.4506039625019,4899.473661348798,7
0.12,10,15,1005065,global_min_cost,1364,10,10,8,2,80.0,612.0525102626217,431.9501453692667,1301.7151971225155,4896.420082100974,7
0.12,12,15,1005065,greedy,1364,10,10,8,2,80.0,612.3385643182361,592.954318411326,1206.4506039625019,4898.708514545889,7
0.12,12,15,1005065,global_min_cost,1364,10,10,8,2,80.0,606.2404595673751,431.9501453692667,1255.8209752922426,4849.9236765390015,7
0.12,14,15,1005065,greedy,1364,10,10,8,2,80.0,548.55854999147,415.22271220348597,1201.1035454517748,4388.46839993176,7
0.12,14,15,1005065,global_min_cost,1364,10,10,8,2,80.0,507.97633057800044,143.9134385008589,1228.9687760963586,4063.810644624003,7
0.12,16,15,1005065,greedy,1364,10,10,8,2,80.0,410.4454994253941,286.2706880922665,902.5015112666176,3283.5639954031526,7
0.12,16,15,1005065,global_min_cost,1364,10,10,8,2,80.0,396.0309416990775,226.1520476015795,902.5015112666176,3168.24753359262,7
0.12,20,15,1005065,greedy,1364,10,10,8,2,80.0,291.0251967547684,191.28275307161323,658.7225605668056,2328.201574038147,7
0.12,20,15,1005065,global_min_cost,1364,10,10,8,2,80.0,251.9021497979609,111.96070361426163,676.6008301043777,2015.217198383687,7
0.12,24,15,1005065,greedy,1364,10,10,8,2,80.0,278.02372140462506,149.08729591847936,658.7225605668056,2224.1897712370005,7
0.12,24,15,1005065,global_min_cost,1364,10,10,8,2,80.0,245.73413448650126,104.77601357732411,676.6008301043777,1965.8730758920099,7
0.12,32,15,1005065,greedy,1364,10,10,8,2,80.0,240.74741277818953,149.08729591847936,569.2594198633603,1925.9793022255162,7
0.12,32,15,1005065,global_min_cost,1364,10,10,8,2,80.0,208.45782586006573,104.77601357732411,587.1376894009325,1667.6626068805258,7
0.12,8,16,1005066,greedy,1350,10,10,6,4,60.0,1638.7570344516987,1179.5194015793245,3486.2257455723134,9832.542206710192,11
0.12,8,16,1005066,global_min_cost,1350,10,10,6,4,60.0,1189.1373172063581,465.6719914496242,2887.3353360795136,7134.823903238149,13
0.12,10,16,1005066,greedy,1350,10,10,7,3,70.0,1446.1353637713235,797.040074006001,3300.3660805043237,10122.947546399264,10
0.12,10,16,1005066,global_min_cost,1350,10,10,7,3,70.0,1192.4658001191553,307.14585818119343,3349.1376788361013,8347.260600834086,10
0.12,12,16,1005066,greedy,1350,10,10,8,2,80.0,1585.1746031595144,710.619099362028,3889.5827396520585,12681.396825276115,8
0.12,12,16,1005066,global_min_cost,1350,10,10,8,2,80.0,1166.985260028353,462.13620752167753,3538.536073815559,9335.882080226824,8
0.12,14,16,1005066,greedy,1350,10,10,8,2,80.0,888.743354502625,620.6623407901084,1659.7227225720405,7109.946836021001,8
0.12,14,16,1005066,global_min_cost,1350,10,10,8,2,80.0,628.3619660369342,462.13620752167753,1337.9887251539603,5026.895728295474,8
0.12,16,16,1005066,greedy,1350,10,10,8,2,80.0,557.9348504923106,552.0440439822537,967.5474424832074,4463.478803938485,8
0.12,16,16,1005066,global_min_cost,1350,10,10,8,2,80.0,494.77841385886967,426.0148754081563,1008.0387835619462,3958.227310870958,8
0.12,20,16,1005066,greedy,1350,10,10,8,2,80.0,431.0110180039078,340.43379266403423,820.9759447259693,3448.088144031263,8
0.12,20,16,1005066,global_min_cost,1350,10,10,8,2,80.0,415.15952591125216,428.03196423834197,771.2254291743496,3321.2762072900173,8
0.12,24,16,1005066,greedy,1350,10,10,8,2,80.0,267.08588801080833,153.17497786350253,638.4482063842844,2136.6871040864667,8
0.12,24,16,1005066,global_min_cost,1350,10,10,8,2,80.0,251.2343959181527,153.17497786350253,531.6602229399468,2009.875167345222,8
0.12,32,16,1005066,greedy,1350,10,10,8,2,80.0,177.92980567630482,149.07284453483453,296.891926681136,1423.4384454104388,8
0.12,32,16,1005066,global_min_cost,1350,10,10,8,2,80.0,177.92980567630482,149.07284453483453,296.891926681136,1423.4384454104386,8
0.12,8,17,1005067,greedy,1401,10,10,7,3,70.0,967.0676605194001,1256.0197908958833,1716.9682289218488,6769.473623635801,11
0.12,8,17,1005067,global_min_cost,1401,10,10,7,3,70.0,678.3514203226924,295.32049140434276,1366.4011529876748,4748.459942258847,11
0.12,10,17,1005067,greedy,1401,10,10,9,1,90.0,677.4820772944729,293.6086111984581,1285.7521219786133,6097.338695650256,5
0.12,10,17,1005067,global_min_cost,1401,10,10,9,1,90.0,598.2108455227444,293.6086111984581,1339.0777760261578,5383.8976097047,5
0.12,12,17,1005067,greedy,1401,10,10,10,0,100.0,487.9048985799635,222.7836711850543,1013.830530756876,4879.048985799635,0
0.12,12,17,1005067,global_min_cost,1401,10,10,10,0,100.0,432.19904172522143,259.5835788191688,824.3950553082489,4321.990417252214,0
0.12,14,17,1005067,greedy,1401,10,10,10,0,100.0,468.70650188244485,196.02206229609502,1013.830530756876,4687.065018824448,0
0.12,14,17,1005067,global_min_cost,1401,10,10,10,0,100.0,413.0006450277027,258.52058377022826,824.3950553082489,4130.0064502770265,0
0.12,16,17,1005067,greedy,1401,10,10,10,0,100.0,442.22205491214726,196.02206229609502,984.8705733902184,4422.220549121473,0
0.12,16,17,1005067,global_min_cost,1401,10,10,10,0,100.0,386.5161980574052,227.9298749035704,824.3950553082489,3865.161980574051,0
0.12,20,17,1005067,greedy,1401,10,10,10,0,100.0,300.61598061091297,196.02206229609502,597.1699227963966,3006.159806109129,0
0.12,20,17,1005067,global_min_cost,1401,10,10,10,0,100.0,286.5752906985407,196.02206229609502,599.5814909050365,2865.752906985407,0
0.12,24,17,1005067,greedy,1401,10,10,10,0,100.0,251.96077506747488,179.79150302481824,572.5404565447484,2519.6077506747483,0
0.12,24,17,1005067,global_min_cost,1401,10,10,10,0,100.0,251.96077506747488,179.79150302481824,572.5404565447484,2519.6077506747492,0
0.12,32,17,1005067,greedy,1401,10,10,10,0,100.0,236.1144980208858,179.79150302481824,461.7719354216415,2361.1449802088578,0
0.12,32,17,1005067,global_min_cost,1401,10,10,10,0,100.0,227.8723501456532,165.37990844401898,462.1256755939546,2278.723501456532,0
0.12,8,18,1005068,greedy,1342,10,10,7,3,70.0,508.0205932303567,508.2172776293265,802.8427219689655,3556.144152612497,8
0.12,8,18,1005068,global_min_cost,1342,10,10,7,3,70.0,311.45196681752907,250.42472373901194,532.2046504407323,2180.1637677227036,7
0.12,10,18,1005068,greedy,1342,10,10,8,2,80.0,339.42573791749766,383.1880669522458,512.9667912047393,2715.4059033399813,4
0.12,10,18,1005068,global_min_cost,1342,10,10,8,2,80.0,308.0244362244211,267.22822290583855,526.3377349210548,2464.1954897953688,6
0.12,12,18,1005068,greedy,1342,10,10,9,1,90.0,392.4989344479723,397.7495675648045,617.6498426966887,3532.490410031751,1
0.12,12,18,1005068,global_min_cost,1342,10,10,9,1,90.0,337.51555700058793,284.03172207266516,520.4708194013773,3037.640013005291,1
0.12,14,18,1005068,greedy,1342,10,10,9,1,90.0,392.4989344479723,397.7495675648045,617.6498426966887,3532.490410031751,1
0.12,14,18,1005068,global_min_cost,1342,10,10,9,1,90.0,337.51555700058793,284.03172207266516,520.4708194013773,3037.640013005291,1
0.12,16,18,1005068,greedy,1342,10,10,9,1,90.0,332.8754984999916,368.6265663396871,505.18974086844537,2995.879486499924,1
0.12,16,18,1005068,global_min_cost,1342,10,10,9,1,90.0,311.3553619696868,282.01371571642864,520.0550508152206,2802.1982577271806,1
0.12,20,18,1005068,greedy,1342,10,10,9,1,90.0,331.079306896996,368.6265663396871,505.18974086844537,2979.713762072964,1
0.12,20,18,1005068,global_min_cost,1342,10,10,9,1,90.0,277.6253405539001,263.835950816717,419.84310957770896,2498.6280649851005,1
0.12,24,18,1005068,greedy,1342,10,10,9,1,90.0,331.079306896996,368.6265663396871,505.18974086844537,2979.713762072964,1
0.12,24,18,1005068,global_min_cost,1342,10,10,9,1,90.0,277.6253405539001,263.835950816717,419.84310957770896,2498.6280649851005,1
0.12,32,18,1005068,greedy,1342,10,10,9,1,90.0,252.49723182710653,232.78272039677643,340.7066063698916,2272.4750864439584,1
0.12,32,18,1005068,global_min_cost,1342,10,10,9,1,90.0,220.56340201431544,232.78272039677643,282.4173169876759,1985.0706181288388,1
0.12,8,19,1005069,greedy,1397,10,10,7,3,70.0,1038.6573934940072,851.4782976920081,2103.5063821630706,7270.60175445805,4
0.12,8,19,1005069,global_min_cost,1397,10,10,7,3,70.0,745.4647184571905,284.85086258563757,1778.873862837806,5218.253029200335,4
0.12,10,19,1005069,greedy,1397,10,10,9,1,90.0,955.7822314522257,884.6747314679883,1701.4721258198897,8602.040083070031,2
0.12,10,19,1005069,global_min_cost,1397,10,10,9,1,90.0,780.6626474694921,670.060597555826,1714.9904054202827,7025.963827225429,1
0.12,12,19,1005069,greedy,1397,10,10,10,0,100.0,724.3855014297772,726.0400821152984,1143.0712658244313,7243.855014297771,0
0.12,12,19,1005069,global_min_cost,1397,10,10,10,0,100.0,612.218920052745,301.8375469059356,1171.3068515125408,6122.18920052745,0
0.12,14,19,1005069,greedy,1397,10,10,10,0,100.0,468.31273219283037,320.8510297238641,905.134881246853,4683.127321928304,0
0.12,14,19,1005069,global_min_cost,1397,10,10,10,0,100.0,426.5369658966192,271.72449074712415,830.8753677760653,4265.369658966192,0
0.12,16,19,1005069,greedy,1397,10,10,10,0,100.0,384.17246355938266,298.13135362995865,748.1311697045257,3841.724635593827,0
0.12,16,19,1005069,global_min_cost,1397,10,10,10,0,100.0,332.3636284038496,267.52989648616347,683.4540963371425,3323.636284038496,0
0.12,20,19,1005069,greedy,1397,10,10,10,0,100.0,349.2775358384017,290.7379735650527,672.0376080139764,3492.7753583840176,0
0.12,20,19,1005069,global_min_cost,1397,10,10,10,0,100.0,301.2091279874805,233.0519895615394,555.1173377078939,3012.0912798748045,0
0.12,24,19,1005069,greedy,1397,10,10,10,0,100.0,273.552174582005,251.08934285290846,368.1339947543813,2735.52174582005,0
0.12,24,19,1005069,global_min_cost,1397,10,10,10,0,100.0,250.5663345322285,239.2448966891036,343.2594486128551,2505.663345322285,0
0.12,32,19,1005069,greedy,1397,10,10,10,0,100.0,213.3627950099973,191.4234568826801,331.2277870097496,2133.627950099973,0
0.12,32,19,1005069,global_min_cost,1397,10,10,10,0,100.0,213.3627950099973,191.4234568826801,331.2277870097496,2133.627950099973,0
0.12,8,20,1005070,greedy,1308,10,10,8,2,80.0,781.8521932390738,537.7601342462497,1535.982733202285,6254.8175459125905,6
0.12,8,20,1005070,global_min_cost,1308,10,10,8,2,80.0,503.8435046420416,452.1659920392814,867.867137223569,4030.748037136333,6
0.12,10,20,1005070,greedy,1308,10,10,10,0,100.0,928.3505239112507,568.3818317439162,2795.448814024342,9283.505239112506,0
0.12,10,20,1005070,global_min_cost,1308,10,10,10,0,100.0,601.9569344907953,521.3499505001341,1286.7353143447983,6019.569344907954,0
0.12,12,20,1005070,greedy,1308,10,10,10,0,100.0,416.3482919930792,514.9978785010853,588.3080747451179,4163.482919930792,0
0.12,12,20,1005070,global_min_cost,1308,10,10,10,0,100.0,416.34829199307916,452.1659920392814,708.2736434266487,4163.4829199307915,0
0.12,14,20,1005070,greedy,1308,10,10,10,0,100.0,414.29336182864256,504.723227678902,588.3080747451179,4142.933618286425,0
0.12,14,20,1005070,global_min_cost,1308,10,10,10,0,100.0,414.29336182864256,508.19037279638576,634.0713066939751,4142.933618286425,0
0.12,16,20,1005070,greedy,1308,10,10,10,0,100.0,362.0902846245677,424.35841671928824,588.3080747451179,3620.902846245677,0
0.12,16,20,1005070,global_min_cost,1308,10,10,10,0,100.0,359.5487602003045,387.8391765089874,708.2736434266487,3595.487602003045,0
0.12,20,20,1005070,greedy,1308,10,10,10,0,100.0,362.0902846245677,424.35841671928824,588.3080747451179,3620.902846245677,0
0.12,20,20,1005070,global_min_cost,1308,10,10,10,0,100.0,349.28971406273917,387.8391765089874,648.1853145139934,3492.8971406273918,0
0.12,24,20,1005070,greedy,1308,10,10,10,0,100.0,296.03450967628703,247.78210840753047,548.3809032442178,2960.3450967628705,0
0.12,24,20,1005070,global_min_cost,1308,10,10,10,0,100.0,293.49298525202386,247.78210840753047,634.0713066939751,2934.929852520239,0
0.12,32,20,1005070,greedy,1308,10,10,10,0,100.0,249.6133189105122,133.49982183657812,502.01099884062313,2496.1331891051223,0
0.12,32,20,1005070,global_min_cost,1308,10,10,10,0,100.0,247.07179448624902,133.49982183657812,551.2880159794863,2470.7179448624906,0
0.12,8,21,1005071,greedy,1409,10,10,8,2,80.0,1116.6148898541815,626.5749228254851,2840.273578859844,8932.919118833452,3
0.12,8,21,1005071,global_min_cost,1409,10,10,8,2,80.0,927.9519819860815,658.8182740666634,1793.3293473925755,7423.615855888651,3
0.12,10,21,1005071,greedy,1409,10,10,8,2,80.0,696.0062816524123,551.5475561745823,1206.6014418346206,5568.050253219299,3
0.12,10,21,1005071,global_min_cost,1409,10,10,8,2,80.0,562.8878178208547,485.5436107918305,932.4500629130137,4503.102542566838,3
0.12,12,21,1005071,greedy,1409,10,10,8,2,80.0,488.9060701321648,486.9634689762421,776.9113404436446,3911.2485610573185,3
0.12,12,21,1005071,global_min_cost,1409,10,10,8,2,80.0,458.94058494865044,367.8955053489773,796.4103236536718,3671.5246795892035,3
0.12,14,21,1005071,greedy,1409,10,10,8,2,80.0,369.174182785516,367.8955053489773,605.8564766544607,2953.393462284128,3
0.12,14,21,1005071,global_min_cost,1409,10,10,8,2,80.0,339.20869760200156,309.7105175574935,605.8564766544607,2713.6695808160125,3
0.12,16,21,1005071,greedy,1409,10,10,8,2,80.0,322.3888251957908,284.85998000541906,571.9363900422679,2579.1106015663267,3
0.12,16,21,1005071,global_min_cost,1409,10,10,8,2,80.0,314.5288442353712,260.8846361726955,571.9363900422679,2516.230753882969,3
0.12,20,21,1005071,greedy,1409,10,10,8,2,80.0,274.7019092610428,189.89847552318633,494.1100723063458,2197.6152740883426,3
0.12,20,21,1005071,global_min_cost,1409,10,10,8,2,80.0,247.81969027345522,189.89847552318633,461.641855597632,1982.5575221876418,3
0.12,24,21,1005071,greedy,1409,10,10,8,2,80.0,260.3376779656684,189.89847552318633,459.63591719744727,2082.701423725347,3
0.12,24,21,1005071,global_min_cost,1409,10,10,8,2,80.0,233.4554589780808,189.89847552318633,427.1677004887335,1867.6436718246464,3
0.12,32,21,1005071,greedy,1409,10,10,8,2,80.0,230.1446325910241,189.89847552318633,425.29974390272497,1841.1570607281928,3
0.12,32,21,1005071,global_min_cost,1409,10,10,8,2,80.0,203.26241360343653,189.89847552318633,342.66892111003443,1626.0993088274922,3
0.12,8,22,1005072,greedy,1388,10,10,7,3,70.0,1219.126846125742,1232.5016128537095,2039.3002911474978,8533.887922880194,7
0.12,8,22,1005072,global_min_cost,1388,10,10,7,3,70.0,774.4065458738668,248.416413418745,1715.545803249361,5420.845821117067,9
0.12,10,22,1005072,greedy,1388,10,10,9,1,90.0,833.4138025744828,462.58736668658463,1710.9662406468176,7500.724223170346,2
0.12,10,22,1005072,global_min_cost,1388,10,10,9,1,90.0,682.8456891590923,283.0393357677445,1628.9978047821526,6145.611202431832,5
0.12,12,22,1005072,greedy,1388,10,10,10,0,100.0,559.1922540212208,318.04365796101524,1384.1875329157463,5591.922540212208,0
0.12,12,22,1005072,global_min_cost,1388,10,10,10,0,100.0,503.91788621091246,292.1795880278785,1195.7734565378978,5039.178862109124,0
0.12,14,22,1005072,greedy,1388,10,10,10,0,100.0,253.50712072346928,258.5564651459744,379.5055865067826,2535.0712072346932,0
0.12,14,22,1005072,global_min_cost,1388,10,10,10,0,100.0,249.318878177508,241.59126203109187,355.7597984580521,2493.1887817750794,0
0.12,16,22,1005072,greedy,1388,10,10,10,0,100.0,249.95323899166658,258.5564651459744,347.5494647392745,2499.532389916666,0
0.12,16,22,1005072,global_min_cost,1388,10,10,10,0,100.0,247.0137173425617,268.7623814797645,347.5494647392745,2470.1371734256168,0
0.12,20,22,1005072,greedy,1388,10,10,10,0,100.0,233.20489486459542,237.24987680703688,347.5494647392745,2332.048948645954,0
0.12,20,22,1005072,global_min_cost,1388,10,10,10,0,100.0,233.20489486459542,237.24987680703688,347.5494647392745,2332.048948645954,0
0.12,24,22,1005072,greedy,1388,10,10,10,0,100.0,213.76414863029044,215.57446739408414,272.6385748642494,2137.6414863029045,0
0.12,24,22,1005072,global_min_cost,1388,10,10,10,0,100.0,213.18858359939617,215.73114912613252,272.6385748642494,2131.8858359939613,0
0.12,32,22,1005072,greedy,1388,10,10,10,0,100.0,201.18384042544915,204.09031029708657,272.6385748642494,2011.8384042544915,0
0.12,32,22,1005072,global_min_cost,1388,10,10,10,0,100.0,200.60827539455488,204.09031029708657,272.6385748642494,2006.0827539455486,0
0.12,8,23,1005073,greedy,1340,10,10,7,3,70.0,440.02460704501175,366.09603196383284,723.651039072438,3080.172249315083,11
0.12,8,23,1005073,global_min_cost,1340,10,10,7,3,70.0,313.23103560328184,277.44960166853633,474.7670099222842,2192.617249222973,9
0.12,10,23,1005073,greedy,1340,10,10,9,1,90.0,767.5609637977083,495.15176940910305,1900.1796022484575,6908.048674179375,4
0.12,10,23,1005073,global_min_cost,1340,10,10,9,1,90.0,564.9212732478836,449.5778587353747,943.7516766063251,5084.291459230953,4
0.12,12,23,1005073,greedy,1340,10,10,9,1,90.0,437.4484260737737,339.85892207877765,768.28870246055,3937.0358346639637,4
0.12,12,23,1005073,global_min_cost,1340,10,10,9,1,90.0,347.86623024772985,334.1899777538613,527.2714431760867,3130.7960722295693,4
0.12,14,23,1005073,greedy,1340,10,10,9,1,90.0,338.80605194441546,277.44960166853633,556.8127970031502,3049.2544674997393,4
0.12,14,23,1005073,global_min_cost,1340,10,10,9,1,90.0,316.52372478082674,339.85892207877765,395.64686886411624,2848.7135230274407,4
0.12,16,23,1005073,greedy,1340,10,10,9,1,90.0,335.792362785365,277.44960166853633,556.8127970031502,3022.1312650682853,4
0.12,16,23,1005073,global_min_cost,1340,10,10,9,1,90.0,306.50939542130214,334.1899777538613,422.4596984488603,2758.5845587917197,4
0.12,20,23,1005073,greedy,1340,10,10,9,1,90.0,306.1494952408448,247.0644085645673,490.78986218118234,2755.3454571676025,4
0.12,20,23,1005073,global_min_cost,1340,10,10,9,1,90.0,281.64832519772057,293.2533661034118,369.66383031608103,2534.8349267794847,4
0.12,24,23,1005073,greedy,1340,10,10,9,1,90.0,277.6202316661493,247.0644085645673,447.4975751364941,2498.582084995344,4
0.12,24,23,1005073,global_min_cost,1340,10,10,9,1,90.0,276.24295494000125,272.433782698506,392.3393923959104,2486.1865944600113,4
0.12,32,23,1005073,greedy,1340,10,10,9,1,90.0,242.26980734415193,247.0644085645673,416.82502394422227,2180.428266097367,4
0.12,32,23,1005073,global_min_cost,1340,10,10,9,1,90.0,240.89253061800386,272.433782698506,372.5392341988143,2168.032775562034,4
0.12,8,24,1005074,greedy,1312,10,10,8,2,80.0,809.0685038323453,710.2446518730972,1385.410550519594,6472.548030658762,4
0.12,8,24,1005074,global_min_cost,1312,10,10,8,2,80.0,596.3301248798884,515.1392979020778,1031.7050817551929,4770.640999039108,6
0.12,10,24,1005074,greedy,1312,10,10,9,1,90.0,581.2021345805639,526.344977173201,1000.2949946932962,5230.819211225075,3
0.12,10,24,1005074,global_min_cost,1312,10,10,9,1,90.0,452.0861103863421,414.6613859840251,776.7841867666348,4068.774993477078,3
0.12,12,24,1005074,greedy,1312,10,10,9,1,90.0,423.80586112888204,322.4134392916162,746.5755262368242,3814.252750159938,3
0.12,12,24,1005074,global_min_cost,1312,10,10,9,1,90.0,381.99286127690544,322.4134392916162,613.3249175769115,3437.935751492149,3
0.12,14,24,1005074,greedy,1312,10,10,9,1,90.0,348.4919798103668,301.8312529974829,637.8672789547059,3136.4278182933012,3
0.12,14,24,1005074,global_min_cost,1312,10,10,9,1,90.0,339.97780370833505,300.6263965373869,639.8071817867572,3059.8002333750155,3
0.12,16,24,1005074,greedy,1312,10,10,9,1,90.0,341.6919708712017,261.2133588391306,637.8672789547059,3075.2277378408153,3
0.12,16,24,1005074,global_min_cost,1312,10,10,9,1,90.0,333.17779476916996,261.2133588391306,638.8432966186805,2998.60015292253,3
0.12,20,24,1005074,greedy,1312,10,10,9,1,90.0,279.11959889013616,261.2133588391306,417.408803500948,2512.0763900112256,3
0.12,20,24,1005074,global_min_cost,1312,10,10,9,1,90.0,271.47187190171303,261.2133588391306,423.7883982613902,2443.2468471154175,3
0.12,24,24,1005074,greedy,1312,10,10,9,1,90.0,279.11959889013616,261.2133588391306,417.408803500948,2512.0763900112256,3
0.12,24,24,1005074,global_min_cost,1312,10,10,9,1,90.0,271.47187190171303,261.2133588391306,424.0293695534094,2443.246847115417,3
0.12,32,24,1005074,greedy,1312,10,10,9,1,90.0,240.37863646594937,249.9553594547552,385.31792378376315,2163.4077281935442,3
0.12,32,24,1005074,global_min_cost,1312,10,10,9,1,90.0,229.94767987540192,180.6412639058764,404.24004579045504,2069.5291188786173,3
0.12,8,25,1005075,greedy,1400,10,10,7,3,70.0,370.8928807547139,302.52296731229336,673.0500240608344,2596.250165282997,8
0.12,8,25,1005075,global_min_cost,1400,10,10,7,3,70.0,282.7875595645834,271.7617911203411,398.27593655474,1979.5129169520837,9
0.12,10,25,1005075,greedy,1400,10,10,8,2,80.0,541.9186207428659,297.1025683985058,1088.9852694916008,4335.348965942927,7
0.12,10,25,1005075,global_min_cost,1400,10,10,8,2,80.0,374.1161500496076,281.7219803025297,671.7840682974812,2992.929200396861,8
0.12,12,25,1005075,greedy,1400,10,10,10,0,100.0,629.16854174069,446.34431666677506,1067.4537186644886,6291.685417406899,0
0.12,12,25,1005075,global_min_cost,1400,10,10,10,0,100.0,532.1193750230566,533.1054041164602,963.1796867879151,5321.193750230566,0
0.12,14,25,1005075,greedy,1400,10,10,10,0,100.0,627.1963197145191,446.34431666677506,1065.4814966383176,6271.96319714519,0
0.12,14,25,1005075,global_min_cost,1400,10,10,10,0,100.0,530.1471529968856,533.1054041164602,938.1357969445327,5301.471529968856,0
0.12,16,25,1005075,greedy,1400,10,10,10,0,100.0,581.0855293798969,446.34431666677506,1019.3707063036957,5810.855293798969,0
0.12,16,25,1005075,global_min_cost,1400,10,10,10,0,100.0,530.1471529968856,402.1942870485416,1049.0988743080984,5301.471529968856,0
0.12,20,25,1005075,greedy,1400,10,10,10,0,100.0,341.74174199306236,339.198998385812,516.786204513184,3417.417419930624,0
0.12,20,25,1005075,global_min_cost,1400,10,10,10,0,100.0,333.26063523147957,274.90621838167004,607.0544355219599,3332.6063523147955,0
0.12,24,25,1005075,greedy,1400,10,10,10,0,100.0,341.74174199306236,339.198998385812,516.786204513184,3417.417419930624,0
0.12,24,25,1005075,global_min_cost,1400,10,10,10,0,100.0,333.2606352314795,274.90621838167004,554.5367733530222,3332.6063523147955,0
0.12,32,25,1005075,greedy,1400,10,10,10,0,100.0,289.6040671713763,335.704323615409,458.4998963749588,2896.040671713763,0
0.12,32,25,1005075,global_min_cost,1400,10,10,10,0,100.0,264.9712799640343,163.56440366117852,594.7578361120343,2649.7127996403433,0
0.12,8,26,1005076,greedy,1407,10,10,8,2,80.0,821.903123286761,394.0040194189038,2096.4004353368045,6575.224986294088,5
0.12,8,26,1005076,global_min_cost,1407,10,10,8,2,80.0,612.7905243800141,394.0040194189038,1062.1728867279837,4902.3241950401125,4
0.12,10,26,1005076,greedy,1407,10,10,10,0,100.0,786.7771209789123,463.44359193761045,1916.0611229454375,7867.7712097891235,0
0.12,10,26,1005076,global_min_cost,1407,10,10,10,0,100.0,701.9393628723855,551.6410138937326,1272.740609979831,7019.393628723854,0
0.12,12,26,1005076,greedy,1407,10,10,10,0,100.0,611.4147395363952,463.44359193761045,993.7345218986204,6114.1473953639525,0
0.12,12,26,1005076,global_min_cost,1407,10,10,10,0,100.0,575.3717752864364,551.6410138937326,908.0463627956776,5753.717752864364,0
0.12,14,26,1005076,greedy,1407,10,10,10,0,100.0,590.2104221810564,463.44359193761045,993.7345218986204,5902.104221810564,0
0.12,14,26,1005076,global_min_cost,1407,10,10,10,0,100.0,554.1674579310977,498.62511422726584,973.2896082379671,5541.674579310978,0
0.12,16,26,1005076,greedy,1407,10,10,10,0,100.0,590.2104221810564,463.44359193761045,993.7345218986204,5902.104221810564,0
0.12,16,26,1005076,global_min_cost,1407,10,10,10,0,100.0,554.1674579310977,551.6410138937326,908.0463627956776,5541.674579310977,0
0.12,20,26,1005076,greedy,1407,10,10,10,0,100.0,390.09289024499094,286.7374012741717,840.9931146073131,3900.9289024499094,0
0.12,20,26,1005076,global_min_cost,1407,10,10,10,0,100.0,390.0928902449909,338.60641250492165,746.8080002461063,3900.928902449909,0
0.12,24,26,1005076,greedy,1407,10,10,10,0,100.0,296.07102005767206,255.3807574767556,477.9686096675338,2960.71020057672,0
0.12,24,26,1005076,global_min_cost,1407,10,10,10,0,100.0,296.07102005767206,255.3807574767556,477.9686096675338,2960.71020057672,0
0.12,32,26,1005076,greedy,1407,10,10,10,0,100.0,274.4655788804551,212.64049987898,421.2765882248111,2744.655788804551,0
0.12,32,26,1005076,global_min_cost,1407,10,10,10,0,100.0,274.4655788804551,212.64049987898,421.2765882248111,2744.655788804551,0
0.12,8,27,1005077,greedy,1416,10,10,8,2,80.0,1129.3176759764194,743.6145128608252,2436.8160796381635,9034.541407811355,5
0.12,8,27,1005077,global_min_cost,1416,10,10,8,2,80.0,811.1725838124538,413.97062849403414,2028.1479779112558,6489.38067049963,5
0.12,10,27,1005077,greedy,1416,10,10,8,2,80.0,837.6422660572146,474.2279975275451,1784.5078807497127,6701.138128457716,5
0.12,10,27,1005077,global_min_cost,1416,10,10,8,2,80.0,589.2560675845681,390.3049118496207,1017.9066951937492,4714.048540676545,5
0.12,12,27,1005077,greedy,1416,10,10,8,2,80.0,533.1014702859143,474.2279975275451,737.4795026949216,4264.811762287315,5
0.12,12,27,1005077,global_min_cost,1416,10,10,8,2,80.0,428.3254301980416,390.3049118496207,631.673165466086,3426.6034415843337,5
0.12,14,27,1005077,greedy,1416,10,10,8,2,80.0,415.140763145776,390.3049118496207,599.2798371270837,3321.126105166208,5
0.12,14,27,1005077,global_min_cost,1416,10,10,8,2,80.0,400.1320551849948,354.5532349861955,620.4130909446602,3201.0564414799587,5
0.12,16,27,1005077,greedy,1416,10,10,8,2,80.0,393.67931352952985,390.3049118496207,599.2798371270837,3149.4345082362393,5
0.12,16,27,1005077,global_min_cost,1416,10,10,8,2,80.0,370.6873695654378,333.76479934926755,601.2533245367142,2965.498956523503,5
0.12,20,27,1005077,greedy,1416,10,10,8,2,80.0,352.90574951084363,354.28182805213146,547.6312147779619,2823.245996086749,5
0.12,20,27,1005077,global_min_cost,1416,10,10,8,2,80.0,350.3472522927832,354.28182805213146,601.2533245367142,2802.778018342266,5
0.12,24,27,1005077,greedy,1416,10,10,8,2,80.0,280.0100988426702,293.1801527962388,372.3832395295281,2240.0807907413614,5
0.12,24,27,1005077,global_min_cost,1416,10,10,8,2,80.0,280.0100988426702,277.8502716443308,372.3832395295281,2240.0807907413614,5
0.12,32,27,1005077,greedy,1416,10,10,8,2,80.0,263.7800344898193,246.7029190547784,372.3832395295281,2110.2402759185543,5
0.12,32,27,1005077,global_min_cost,1416,10,10,8,2,80.0,263.7800344898193,246.7029190547784,372.3832395295281,2110.2402759185543,5
0.12,8,28,1005078,greedy,1383,10,10,7,3,70.0,745.7284190447555,347.3243524987054,1884.6345290886993,5220.098933313288,8
0.12,8,28,1005078,global_min_cost,1383,10,10,7,3,70.0,276.44168690325546,190.00499408382245,516.6294002127945,1935.0918083227887,9
0.12,10,28,1005078,greedy,1383,10,10,9,1,90.0,626.9226598033222,214.71427473588304,1855.8616020643756,5642.303938229899,2
0.12,10,28,1005078,global_min_cost,1383,10,10,9,1,90.0,591.0771516574704,233.87995464802623,1895.114033453891,5319.6943649172335,2
0.12,12,28,1005078,greedy,1383,10,10,9,1,90.0,599.4474691505428,214.71427473588304,1855.8616020643756,5395.0272223548845,2
0.12,12,28,1005078,global_min_cost,1383,10,10,9,1,90.0,572.0741539650454,190.00499408382245,1904.9858487566682,5148.667385685409,2
0.12,14,28,1005078,greedy,1383,10,10,9,1,90.0,424.7772279655876,214.71427473588304,740.9142891654241,3822.9950516902886,2
0.12,14,28,1005078,global_min_cost,1383,10,10,9,1,90.0,378.08127668488703,190.00499408382245,692.7131790600788,3402.7314901639834,2
0.12,16,28,1005078,greedy,1383,10,10,9,1,90.0,398.3994622049256,214.71427473588304,690.6997766903384,3585.59515984433,2
0.12,16,28,1005078,global_min_cost,1383,10,10,9,1,90.0,364.43079194042497,190.00499408382245,668.1423065200471,3279.8771274638248,2
0.12,20,28,1005078,greedy,1383,10,10,9,1,90.0,275.64719648443685,214.71427473588304,430.0081758304809,2480.8247683599316,2
0.12,20,28,1005078,global_min_cost,1383,10,10,9,1,90.0,241.67852621993623,190.00499408382245,399.5233573758693,2175.106735979426,2
0.12,24,28,1005078,greedy,1383,10,10,9,1,90.0,269.331623462142,214.71427473588304,430.0081758304809,2423.9846111592774,2
0.12,24,28,1005078,global_min_cost,1383,10,10,9,1,90.0,235.36295319764133,209.17067399596564,399.5233573758693,2118.266578778772,2
0.12,32,28,1005078,greedy,1383,10,10,9,1,90.0,248.89085324448877,209.17067399596564,403.15392012135806,2240.017679200399,2
0.12,32,28,1005078,global_min_cost,1383,10,10,9,1,90.0,220.44392224812862,190.00499408382245,372.66910166674637,1983.9953002331576,2
0.12,8,29,1005079,greedy,1418,10,10,6,4,60.0,725.7328116187152,582.4525092275346,1303.5391167866142,4354.396869712291,7
0.12,8,29,1005079,global_min_cost,1418,10,10,6,4,60.0,302.2977935201269,277.15324464250864,548.8534993493795,1813.7867611207616,11
0.12,10,29,1005079,greedy,1418,10,10,8,2,80.0,787.5169449926195,432.9824653131847,1771.8991649955697,6300.135559940956,5
0.12,10,29,1005079,global_min_cost,1418,10,10,8,2,80.0,759.0715887624006,380.89432628893223,1778.8458796663003,6072.572710099204,6
0.12,12,29,1005079,greedy,1418,10,10,9,1,90.0,804.4623050985772,321.1341535352383,1531.6580902774413,7240.160745887195,2
0.12,12,29,1005079,global_min_cost,1418,10,10,9,1,90.0,803.4384468138787,544.8307770911312,1554.6507003611885,7230.946021324909,2
0.12,14,29,1005079,greedy,1418,10,10,9,1,90.0,437.18449046731365,285.39485757082963,937.4939006997879,3934.6604142058222,2
0.12,14,29,1005079,global_min_cost,1418,10,10,9,1,90.0,380.96605492255094,337.34861379828396,672.7294046130028,3428.6944943029584,2
0.12,16,29,1005079,greedy,1418,10,10,9,1,90.0,327.9265870706476,261.27946414875555,584.4724106405276,2951.339283635828,2
0.12,16,29,1005079,global_min_cost,1418,10,10,9,1,90.0,294.2854471523758,285.39485757082963,493.0324744062188,2648.5690243713825,2
0.12,20,29,1005079,greedy,1418,10,10,9,1,90.0,300.6454134330087,261.27946414875555,535.3662980927776,2705.8087208970783,2
0.12,20,29,1005079,global_min_cost,1418,10,10,9,1,90.0,293.68539261527,285.39485757082963,506.7905619437196,2643.16853353743,2
0.12,24,29,1005079,greedy,1418,10,10,9,1,90.0,256.5337245369564,251.70962957868988,481.7670591370811,2308.8035208326073,2
0.12,24,29,1005079,global_min_cost,1418,10,10,9,1,90.0,219.8880755552816,251.70962957868988,323.8424375236279,1978.9926799975347,2
0.12,32,29,1005079,greedy,1418,10,10,9,1,90.0,241.33312817213877,216.95787548673337,463.42294242041334,2171.998153549249,2
0.12,32,29,1005079,global_min_cost,1418,10,10,9,1,90.0,202.25585291646394,196.0245075487128,325.4613834137161,1820.3026762481757,2
0.12,8,30,1005080,greedy,1388,10,10,8,2,80.0,839.3204901339348,599.4970515274875,1618.1947915674418,6714.563921071478,7
0.12,8,30,1005080,global_min_cost,1388,10,10,8,2,80.0,558.0610107048793,353.6101661017177,1330.6486312798468,4464.488085639035,6
0.12,10,30,1005080,greedy,1388,10,10,10,0,100.0,658.9850209577534,430.88336361656866,1607.707719509962,6589.850209577534,0
0.12,10,30,1005080,global_min_cost,1388,10,10,10,0,100.0,643.354009030219,398.4529780579187,1353.9766185655453,6433.54009030219,0
0.12,12,30,1005080,greedy,1388,10,10,10,0,100.0,617.7862342711575,344.0539892325612,1461.1291151936402,6177.8623427115745,0
0.12,12,30,1005080,global_min_cost,1388,10,10,10,0,100.0,499.9378193952747,298.59143801419384,1238.0055134259112,4999.378193952747,0
0.12,14,30,1005080,greedy,1388,10,10,10,0,100.0,557.3578405042637,344.0539892325612,1461.1291151936402,5573.578405042636,0
0.12,14,30,1005080,global_min_cost,1388,10,10,10,0,100.0,445.08643523198106,298.59143801419384,744.3430559562685,4450.864352319812,0
0.12,16,30,1005080,greedy,1388,10,10,10,0,100.0,406.8535452461191,344.0539892325612,708.3023168930597,4068.5354524611907,0
0.12,16,30,1005080,global_min_cost,1388,10,10,10,0,100.0,399.32561854542007,298.59143801419384,708.3023168930597,3993.256185454201,0
0.12,20,30,1005080,greedy,1388,10,10,10,0,100.0,403.21383679039667,325.85544695394907,708.3023168930597,4032.138367903967,0
0.12,20,30,1005080,global_min_cost,1388,10,10,10,0,100.0,388.4754122498114,258.684599753033,708.3023168930597,3884.754122498114,0
0.12,24,30,1005080,greedy,1388,10,10,10,0,100.0,329.10866315393554,225.05198543465988,499.6457406371316,3291.086631539356,0
0.12,24,30,1005080,global_min_cost,1388,10,10,10,0,100.0,312.0533684470676,219.35480741518194,374.99509432450145,3120.533684470676,0
0.12,32,30,1005080,greedy,1388,10,10,10,0,100.0,319.12394583760033,225.05198543465988,499.6457406371316,3191.2394583760038,0
0.12,32,30,1005080,global_min_cost,1388,10,10,10,0,100.0,302.0686511307324,219.35480741518194,374.99509432450145,3020.686511307324,0
0.12,8,31,1005081,greedy,1360,10,10,7,3,70.0,1030.0882811837428,1228.0513209322726,1668.6170646237997,7210.617968286199,13
0.12,8,31,1005081,global_min_cost,1360,10,10,7,3,70.0,876.2756778859019,927.5930167663967,1494.1167168205836,6133.929745201313,13
0.12,10,31,1005081,greedy,1360,10,10,7,3,70.0,882.8674419656882,694.3810511918088,1564.6934242468778,6180.072093759817,13
0.12,10,31,1005081,global_min_cost,1360,10,10,7,3,70.0,723.3264869618826,459.4107595744821,1347.987031165803,5063.285408733178,13
0.12,12,31,1005081,greedy,1360,10,10,7,3,70.0,703.224729733004,694.3810511918088,1179.6748201374564,4922.573108131028,13
0.12,12,31,1005081,global_min_cost,1360,10,10,7,3,70.0,495.15905949530656,459.4107595744821,789.5054399877521,3466.113416467146,13
0.12,14,31,1005081,greedy,1360,10,10,7,3,70.0,479.4446595952844,512.7535109329701,695.6074529025475,3356.1126171669907,13
0.12,14,31,1005081,global_min_cost,1360,10,10,7,3,70.0,463.0190502238147,459.4107595744821,738.2968119292391,3241.133351566703,13
0.12,16,31,1005081,greedy,1360,10,10,7,3,70.0,479.4446595952844,512.7535109329701,695.6074529025475,3356.1126171669907,13
0.12,16,31,1005081,global_min_cost,1360,10,10,7,3,70.0,463.0190502238147,459.4107595744821,738.2968119292391,3241.133351566703,13
0.12,20,31,1005081,greedy,1360,10,10,7,3,70.0,479.4446595952844,512.7535109329701,695.6074529025475,3356.1126171669907,13
0.12,20,31,1005081,global_min_cost,1360,10,10,7,3,70.0,463.0190502238147,459.4107595744821,738.2968119292391,3241.133351566703,13
0.12,24,31,1005081,greedy,1360,10,10,7,3,70.0,397.91981059133934,441.86061611272805,673.533702147582,2785.4386741393755,13
0.12,24,31,1005081,global_min_cost,1360,10,10,7,3,70.0,348.09705155225004,380.5354076856342,695.6074529025475,2436.6793608657504,13
0.12,32,31,1005081,greedy,1360,10,10,7,3,70.0,223.55934750681627,113.77377982287052,512.3625851966538,1564.9154325477139,13
0.12,32,31,1005081,global_min_cost,1360,10,10,7,3,70.0,223.55934750681627,113.77377982287052,512.3625851966538,1564.9154325477136,13
0.12,8,32,1005082,greedy,1372,10,10,7,3,70.0,796.4990077525913,503.9395234021293,1488.0115361074468,5575.493054268139,11
0.12,8,32,1005082,global_min_cost,1372,10,10,7,3,70.0,478.1567357854568,419.03048120110446,731.0004493202631,3347.0971504981976,7
0.12,10,32,1005082,greedy,1372,10,10,9,1,90.0,671.1225119240056,741.3217810311925,995.7034891972573,6040.10260731605,4
0.12,10,32,1005082,global_min_cost,1372,10,10,9,1,90.0,619.3488465488468,419.03048120110446,1129.5699120411439,5574.13961893962,4
0.12,12,32,1005082,greedy,1372,10,10,9,1,90.0,610.4712732173342,503.9395234021293,995.7034891972573,5494.241458956007,4
0.12,12,32,1005082,global_min_cost,1372,10,10,9,1,90.0,603.5311262964387,419.03048120110446,1127.114849523607,5431.780136667949,4
0.12,14,32,1005082,greedy,1372,10,10,9,1,90.0,608.4942235305336,503.9395234021293,995.7034891972573,5476.448011774803,4
0.12,14,32,1005082,global_min_cost,1372,10,10,9,1,90.0,594.8833892492397,419.03048120110446,1127.114849523607,5353.950503243157,4
0.12,16,32,1005082,greedy,1372,10,10,9,1,90.0,498.40337817454406,419.03048120110446,933.8553689783951,4485.630403570895,4
0.12,16,32,1005082,global_min_cost,1372,10,10,9,1,90.0,477.1151086765725,392.7307202340732,936.0675892731588,4294.035978089152,4
0.12,20,32,1005082,greedy,1372,10,10,9,1,90.0,453.58317454867773,419.03048120110446,879.5053097515587,4082.2485709380994,4
0.12,20,32,1005082,global_min_cost,1372,10,10,9,1,90.0,430.763973874346,291.6561780669193,933.8553689783951,3876.8757648691135,4
0.12,24,32,1005082,greedy,1372,10,10,9,1,90.0,292.2753434252742,213.45221901887967,570.225717242283,2630.4780908274674,4
0.12,24,32,1005082,global_min_cost,1372,10,10,9,1,90.0,282.94586950925503,179.0023986005687,592.608432083773,2546.5128255832947,4
0.12,32,32,1005082,greedy,1372,10,10,9,1,90.0,251.9510833776758,213.45221901887967,441.54498042542235,2267.5597503990825,4
0.12,32,32,1005082,global_min_cost,1372,10,10,9,1,90.0,245.50437390779726,179.0023986005687,441.54498042542235,2209.5393651701756,4
0.12,8,33,1005083,greedy,1373,10,10,8,2,80.0,717.4525951613798,454.9281675916003,1623.0256299095017,5739.620761291038,5
0.12,8,33,1005083,global_min_cost,1373,10,10,8,2,80.0,713.4789154226548,258.03748000459854,1789.627656189646,5707.831323381239,5
0.12,10,33,1005083,greedy,1373,10,10,8,2,80.0,649.1567498688681,397.03158507955516,1623.0256299095017,5193.253998950945,5
0.12,10,33,1005083,global_min_cost,1373,10,10,8,2,80.0,645.9697034613787,290.60733002731416,1604.4191854676378,5167.757627691029,5
0.12,12,33,1005083,greedy,1373,10,10,8,2,80.0,529.9516065926132,286.177688060367,1377.7987662426067,4239.6128527409055,5
0.12,12,33,1005083,global_min_cost,1373,10,10,8,2,80.0,526.7645601851236,205.01902917089464,1421.883842078511,4214.116481480988,5
0.12,14,33,1005083,greedy,1373,10,10,9,1,90.0,515.4828901847952,343.6257808610181,1329.4789780883475,4639.346011663157,1
0.12,14,33,1005083,global_min_cost,1373,10,10,9,1,90.0,510.52643939924496,237.58887919361027,1336.7199220908155,4594.737954593204,1
0.12,16,33,1005083,greedy,1373,10,10,9,1,90.0,515.4828901847952,343.6257808610181,1329.4789780883475,4639.346011663157,1
0.12,16,33,1005083,global_min_cost,1373,10,10,9,1,90.0,510.526439399245,237.58887919361027,1391.2890226737015,4594.737954593204,1
0.12,20,33,1005083,greedy,1373,10,10,9,1,90.0,317.2130761955542,172.449179148179,564.0230334941197,2854.9176857599878,1
0.12,20,33,1005083,global_min_cost,1373,10,10,9,1,90.0,317.2130761955542,228.729595259716,550.3530897129879,2854.9176857599873,1
0.12,24,33,1005083,greedy,1373,10,10,9,1,90.0,297.50860242841765,166.28551695678894,564.0230334941197,2677.5774218557585,1
0.12,24,33,1005083,global_min_cost,1373,10,10,9,1,90.0,297.50860242841765,172.449179148179,550.3530897129879,2677.577421855758,1
0.12,32,33,1005083,greedy,1373,10,10,9,1,90.0,288.0425947881786,160.37987635405733,535.1607799828108,2592.383353093607,1
0.12,32,33,1005083,global_min_cost,1373,10,10,9,1,90.0,285.96871572206226,166.28551695678894,535.1607799828108,2573.71844149856,1
0.12,8,34,1005084,greedy,1398,10,10,8,2,80.0,1143.6743620880104,1063.5403952282347,1981.4489156768852,9149.394896704083,2
0.12,8,34,1005084,global_min_cost,1398,10,10,8,2,80.0,998.6173353727153,856.7682015000489,1991.1974983651755,7988.938682981722,2
0.12,10,34,1005084,greedy,1398,10,10,8,2,80.0,820.1208075043932,775.038308526958,1504.9510164496571,6560.966460035145,2
0.12,10,34,1005084,global_min_cost,1398,10,10,8,2,80.0,744.6677086651163,706.9743076009281,1422.863094144481,5957.341669320931,2
0.12,12,34,1005084,greedy,1398,10,10,8,2,80.0,628.2705240175833,604.6711967493919,1065.3206668275313,5026.164192140666,2
0.12,12,34,1005084,global_min_cost,1398,10,10,8,2,80.0,624.8526562170935,590.9997255474327,1065.3206668275313,4998.821249736748,2
0.12,14,34,1005084,greedy,1398,10,10,8,2,80.0,628.2705240175833,604.6711967493919,1065.3206668275313,5026.164192140666,2
0.12,14,34,1005084,global_min_cost,1398,10,10,8,2,80.0,624.8526562170935,590.9997255474327,1065.3206668275313,4998.821249736748,2
0.12,16,34,1005084,greedy,1398,10,10,8,2,80.0,526.1772642930097,383.55896477068165,952.9641826757809,4209.418114344077,2
0.12,16,34,1005084,global_min_cost,1398,10,10,8,2,80.0,526.1772642930097,383.55896477068165,962.7620877009277,4209.418114344077,2
0.12,20,34,1005084,greedy,1398,10,10,8,2,80.0,526.1772642930097,383.55896477068165,952.9641826757809,4209.418114344077,2
0.12,20,34,1005084,global_min_cost,1398,10,10,8,2,80.0,526.1772642930097,463.44496917424414,962.7620877009277,4209.418114344077,2
0.12,24,34,1005084,greedy,1398,10,10,8,2,80.0,465.75097237026387,372.05562485020585,882.0627205911886,3726.007778962111,2
0.12,24,34,1005084,global_min_cost,1398,10,10,8,2,80.0,443.5115371762878,252.80095822636238,962.7620877009277,3548.0922974103023,2
0.12,32,34,1005084,greedy,1398,10,10,8,2,80.0,309.90564683255656,173.99672123115863,653.0294041484985,2479.2451746604524,2
0.12,32,34,1005084,global_min_cost,1398,10,10,8,2,80.0,309.90564683255656,173.99672123115863,645.6809753796384,2479.2451746604524,2
0.12,8,35,1005085,greedy,1324,10,10,7,3,70.0,1644.5275645801253,1656.7719882140025,3268.871591343848,11511.69295206088,11
0.12,8,35,1005085,global_min_cost,1324,10,10,7,3,70.0,1027.7017707067448,1321.8673189870663,1760.9478868221845,7193.912394947213,10
0.12,10,35,1005085,greedy,1324,10,10,9,1,90.0,1291.161057857183,1371.1353231442545,2169.345296356949,11620.449520714648,3
0.12,10,35,1005085,global_min_cost,1324,10,10,9,1,90.0,1181.647212253948,1388.5272286352886,1886.7261283803984,10634.824910285533,3
0.12,12,35,1005085,greedy,1324,10,10,9,1,90.0,835.345984281314,1036.2306539173183,1439.36655881649,7518.113858531828,3
0.12,12,35,1005085,global_min_cost,1324,10,10,9,1,90.0,766.1699586316843,499.08486074668576,1425.611904997272,6895.529627685158,3
0.12,14,35,1005085,greedy,1324,10,10,9,1,90.0,657.626323270386,347.3317549142407,1389.155076343015,5918.636909433474,3
0.12,14,35,1005085,global_min_cost,1324,10,10,9,1,90.0,657.626323270386,347.3317549142407,1357.0010759113322,5918.636909433474,3
0.12,16,35,1005085,greedy,1324,10,10,9,1,90.0,656.8522435814522,347.3317549142407,1389.155076343015,5911.670192233069,3
0.12,16,35,1005085,global_min_cost,1324,10,10,9,1,90.0,656.8522435814522,347.3317549142407,1365.078080702536,5911.670192233069,3
0.12,20,35,1005085,greedy,1324,10,10,9,1,90.0,537.6984308940279,294.76780824684,1241.8852823885627,4839.285878046251,3
0.12,20,35,1005085,global_min_cost,1324,10,10,9,1,90.0,537.6984308940279,294.76780824684,1357.0010759113322,4839.285878046251,3
0.12,24,35,1005085,greedy,1324,10,10,9,1,90.0,402.67759069407214,294.76780824684,925.1901079351828,3624.098316246649,3
0.12,24,35,1005085,global_min_cost,1324,10,10,9,1,90.0,402.51932144864014,249.48300480024812,933.894960434113,3622.6738930377614,3
0.12,32,35,1005085,greedy,1324,10,10,9,1,90.0,240.75943040590687,226.78396470568026,379.612135030175,2166.834873653162,3
0.12,32,35,1005085,global_min_cost,1324,10,10,9,1,90.0,217.83834318852593,231.3853749072549,306.3841341040334,1960.5450886967333,3
0.12,8,36,1005086,greedy,1366,10,10,8,2,80.0,866.9143460849958,414.5047292325205,2129.4348152808097,6935.314768679967,10
0.12,8,36,1005086,global_min_cost,1366,10,10,8,2,80.0,747.148701580271,452.56383358082087,1450.315009311885,5977.189612642169,10
0.12,10,36,1005086,greedy,1366,10,10,8,2,80.0,438.7242320567428,298.4042884903787,926.3494330721236,3509.7938564539418,10
0.12,10,36,1005086,global_min_cost,1366,10,10,8,2,80.0,356.0406673590132,268.27544452425656,651.55048209756,2848.325338872105,10
0.12,12,36,1005086,greedy,1366,10,10,8,2,80.0,376.53174780023915,298.4042884903787,673.1472896355258,3012.2539824019127,10
0.12,12,36,1005086,global_min_cost,1366,10,10,8,2,80.0,314.89407388783917,268.27544452425656,506.5257280738636,2519.1525911027134,10
0.12,14,36,1005086,greedy,1366,10,10,8,2,80.0,376.53174780023915,298.4042884903787,673.1472896355258,3012.2539824019127,10
0.12,14,36,1005086,global_min_cost,1366,10,10,8,2,80.0,314.89407388783917,268.27544452425656,506.5257280738636,2519.1525911027134,10
0.12,16,36,1005086,greedy,1366,10,10,8,2,80.0,254.4562666691679,222.15693525837713,394.9673868158565,2035.650133353343,10
0.12,16,36,1005086,global_min_cost,1366,10,10,8,2,80.0,238.67132055718648,229.36347599539516,325.86579169967933,1909.3705644574918,10
0.12,20,36,1005086,greedy,1366,10,10,8,2,80.0,211.68127480220338,220.13732765056673,294.246286002267,1693.450198417627,10
0.12,20,36,1005086,global_min_cost,1366,10,10,8,2,80.0,197.54351614817483,222.15693525837713,265.5446617121094,1580.3481291853986,10
0.12,24,36,1005086,greedy,1366,10,10,8,2,80.0,204.9381336520334,220.13732765056673,278.0627472418591,1639.5050692162672,10
0.12,24,36,1005086,global_min_cost,1366,10,10,8,2,80.0,197.54351614817483,222.15693525837713,265.5446617121094,1580.3481291853986,10
0.12,32,36,1005086,greedy,1366,10,10,8,2,80.0,176.01760311492623,147.41814871789865,272.0375535306464,1408.14082491941,10
0.12,32,36,1005086,global_min_cost,1366,10,10,8,2,80.0,164.41109901328505,150.3209796611933,265.5446617121094,1315.2887921062804,10
0.12,8,37,1005087,greedy,1342,10,10,7,3,70.0,603.4795031824364,411.61499691016024,1132.1479625972459,4224.356522277054,8
0.12,8,37,1005087,global_min_cost,1342,10,10,7,3,70.0,448.2375980597326,367.04549860678753,736.2172281032349,3137.6631864181277,6
0.12,10,37,1005087,greedy,1342,10,10,9,1,90.0,548.6897143302393,411.61499691016024,997.8888161227003,4938.207428972153,2
0.12,10,37,1005087,global_min_cost,1342,10,10,9,1,90.0,398.51963987222206,327.2363237756891,648.3056574517984,3586.6767588499984,2
0.12,12,37,1005087,greedy,1342,10,10,9,1,90.0,267.0107415358937,216.2555431236574,439.40802265378534,2403.0966738230436,2
0.12,12,37,1005087,global_min_cost,1342,10,10,9,1,90.0,264.397018320256,216.2555431236574,393.8866033024787,2379.5731648823034,2
0.12,14,37,1005087,greedy,1342,10,10,9,1,90.0,267.0107415358937,216.2555431236574,439.40802265378534,2403.0966738230436,2
0.12,14,37,1005087,global_min_cost,1342,10,10,9,1,90.0,264.397018320256,216.2555431236574,393.8866033024787,2379.5731648823034,2
0.12,16,37,1005087,greedy,1342,10,10,9,1,90.0,267.0107415358937,216.2555431236574,439.40802265378534,2403.0966738230436,2
0.12,16,37,1005087,global_min_cost,1342,10,10,9,1,90.0,264.397018320256,216.2555431236574,393.8866033024787,2379.5731648823034,2
0.12,20,37,1005087,greedy,1342,10,10,9,1,90.0,217.5250191433363,175.1989409917883,344.11205840258333,1957.7251722900266,2
0.12,20,37,1005087,global_min_cost,1342,10,10,9,1,90.0,214.91129592769857,208.57720624018205,332.73170356475663,1934.2016633492872,2
0.12,24,37,1005087,greedy,1342,10,10,9,1,90.0,196.31548587279136,175.1989409917883,293.09356272283713,1766.839372855122,2
0.12,24,37,1005087,global_min_cost,1342,10,10,9,1,90.0,196.31548587279136,175.1989409917883,293.09356272283713,1766.8393728551223,2
0.12,32,37,1005087,greedy,1342,10,10,9,1,90.0,170.9082998042919,156.80241608513117,225.57549330448595,1538.1746982386271,2
0.12,32,37,1005087,global_min_cost,1342,10,10,9,1,90.0,170.9082998042919,156.80241608513117,225.57549330448595,1538.174698238627,2
0.12,8,38,1005088,greedy,1308,10,10,8,2,80.0,930.2246167459239,772.7574741257527,1537.840361465823,7441.79693396739,5
0.12,8,38,1005088,global_min_cost,1308,10,10,8,2,80.0,760.6217138148959,769.8901442221121,1387.8321399632096,6084.973710519168,5
0.12,10,38,1005088,greedy,1308,10,10,9,1,90.0,1015.8552404443674,796.1316340417668,1744.8084856127173,9142.697163999306,1
0.12,10,38,1005088,global_min_cost,1308,10,10,9,1,90.0,833.933675753687,548.2551259277312,1749.5057862255808,7505.403081783184,1
0.12,12,38,1005088,greedy,1308,10,10,9,1,90.0,963.9167148424576,796.1316340417668,1744.8084856127173,8675.250433582118,1
0.12,12,38,1005088,global_min_cost,1308,10,10,9,1,90.0,781.9951501517774,471.36606606589373,1749.5057862255808,7037.956351365996,1
0.12,14,38,1005088,greedy,1308,10,10,9,1,90.0,647.2665400883822,443.9537505402206,1344.1237236853362,5825.39886079544,1
0.12,14,38,1005088,global_min_cost,1308,10,10,9,1,90.0,560.8518624136119,443.9537505402206,1387.147197175337,5047.6667617225075,1
0.12,16,38,1005088,greedy,1308,10,10,9,1,90.0,639.0387814723339,443.9537505402206,1344.1237236853362,5751.349033251005,1
0.12,16,38,1005088,global_min_cost,1308,10,10,9,1,90.0,552.6241037975636,443.9537505402206,1387.147197175337,4973.616934178073,1
0.12,20,38,1005088,greedy,1308,10,10,9,1,90.0,444.3092950388336,231.06143677130493,883.1782383861137,3998.7836553495026,1
0.12,20,38,1005088,global_min_cost,1308,10,10,9,1,90.0,417.7013029090329,224.50368226762802,742.3871848903693,3759.311726181296,1
0.12,24,38,1005088,greedy,1308,10,10,9,1,90.0,376.5345734460269,224.50368226762802,741.5607495147814,3388.8111610142423,1
0.12,24,38,1005088,global_min_cost,1308,10,10,9,1,90.0,372.2682609529483,224.50368226762802,657.2854414188606,3350.4143485765344,1
0.12,32,38,1005088,greedy,1308,10,10,9,1,90.0,283.26239074238623,224.50368226762802,592.5247732378366,2549.3615166814757,1
0.12,32,38,1005088,global_min_cost,1308,10,10,9,1,90.0,267.0679418160584,219.2263829919773,570.8144725304952,2403.6114763445257,1
0.12,8,39,1005089,greedy,1395,10,10,8,2,80.0,579.7249736365626,569.0942674247051,991.9232441669368,4637.7997890925,3
0.12,8,39,1005089,global_min_cost,1395,10,10,8,2,80.0,436.3585669497105,264.4994929788618,815.628271576132,3490.868535597684,3
0.12,10,39,1005089,greedy,1395,10,10,9,1,90.0,683.8550319642275,585.7334174954029,1496.0757717706567,6154.695287678048,2
0.12,10,39,1005089,global_min_cost,1395,10,10,9,1,90.0,541.6549270273483,270.39438224654185,1389.0195376843378,4874.894343246134,2
0.12,12,39,1005089,greedy,1395,10,10,9,1,90.0,650.4233860017735,585.7334174954029,1300.1790464512408,5853.8104740159615,2
0.12,12,39,1005089,global_min_cost,1395,10,10,9,1,90.0,541.6549270273483,286.6293366782578,1372.4948641470228,4874.894343246135,2
0.12,14,39,1005089,greedy,1395,10,10,9,1,90.0,602.0833086429893,585.7334174954029,1007.912176364989,5418.749777786904,2
0.12,14,39,1005089,global_min_cost,1395,10,10,9,1,90.0,474.53946568709574,296.0091356734227,865.0061493513117,4270.855191183861,2
0.12,16,39,1005089,greedy,1395,10,10,9,1,90.0,602.0833086429893,585.7334174954029,1007.912176364989,5418.749777786904,2
0.12,16,39,1005089,global_min_cost,1395,10,10,9,1,90.0,474.53946568709574,296.0091356734227,865.0061493513117,4270.855191183862,2
0.12,20,39,1005089,greedy,1395,10,10,9,1,90.0,336.22669072746965,286.6293366782578,623.5693063431448,3026.0402165472274,2
0.12,20,39,1005089,global_min_cost,1395,10,10,9,1,90.0,312.42609420330524,286.6293366782578,543.6797798626335,2811.8348478297476,2
0.12,24,39,1005089,greedy,1395,10,10,9,1,90.0,312.12766141427335,286.6293366782578,608.6512192665302,2809.1489527284602,2
0.12,24,39,1005089,global_min_cost,1395,10,10,9,1,90.0,303.04399251852635,286.6293366782578,543.6797798626335,2727.3959326667377,2
0.12,32,39,1005089,greedy,1395,10,10,9,1,90.0,297.8195728862899,286.6293366782578,608.6512192665302,2680.3761559766094,2
0.12,32,39,1005089,global_min_cost,1395,10,10,9,1,90.0,282.30680251580026,270.39438224654185,543.6797798626335,2540.761222642202,2
0.12,8,40,1005090,greedy,1361,10,10,8,2,80.0,886.4512207590091,411.66244018239945,1988.1518951581993,7091.609766072072,5
0.12,8,40,1005090,global_min_cost,1361,10,10,8,2,80.0,720.1790985948459,294.1974071314661,2102.4502334431722,5761.432788758767,5
0.12,10,40,1005090,greedy,1361,10,10,9,1,90.0,573.6195100753129,322.7751492058166,1304.7664714910732,5162.575590677816,2
0.12,10,40,1005090,global_min_cost,1361,10,10,9,1,90.0,493.76128284152264,265.6196650571156,1198.3567965515606,4443.851545573704,2
0.12,12,40,1005090,greedy,1361,10,10,9,1,90.0,531.7685618608365,322.7751492058166,1304.7664714910732,4785.9170567475285,2
0.12,12,40,1005090,global_min_cost,1361,10,10,9,1,90.0,466.76878610098845,309.2306409469947,1027.8085646345567,4200.919074908896,2
0.12,14,40,1005090,greedy,1361,10,10,9,1,90.0,488.0948416312748,308.3796004836616,1303.628354695835,4392.853574681473,2
0.12,14,40,1005090,global_min_cost,1361,10,10,9,1,90.0,431.8564803669469,308.3796004836616,1026.6704478393185,3886.708323302522,2
0.12,16,40,1005090,greedy,1361,10,10,9,1,90.0,369.8427038787175,175.26551178250756,789.7495577101379,3328.5843349084575,2
0.12,16,40,1005090,global_min_cost,1361,10,10,9,1,90.0,319.11674059177585,124.34114464652126,583.8322677136803,2872.050665325982,2
0.12,20,40,1005090,greedy,1361,10,10,9,1,90.0,341.991113937326,175.26551178250756,589.2181101321191,3077.920025435934,2
0.12,20,40,1005090,global_min_cost,1361,10,10,9,1,90.0,319.11674059177585,124.34114464652126,583.8322677136803,2872.050665325982,2
0.12,24,40,1005090,greedy,1361,10,10,9,1,90.0,331.7708431825243,175.26551178250756,570.8216227734761,2985.9375886427188,2
0.12,24,40,1005090,global_min_cost,1361,10,10,9,1,90.0,308.8964698369742,124.34114464652126,565.4357803550372,2780.0682285327675,2
0.12,32,40,1005090,greedy,1361,10,10,9,1,90.0,330.7378923262816,175.26551178250756,568.9623112322392,2976.6410309365347,2
0.12,32,40,1005090,global_min_cost,1361,10,10,9,1,90.0,307.86351898073144,124.34114464652126,563.5764688138004,2770.7716708265834,2
0.12,8,41,1005091,greedy,1386,10,10,7,3,70.0,993.7348090128442,663.2508405378359,1519.3949772205794,6956.143663089908,10
0.12,8,41,1005091,global_min_cost,1386,10,10,7,3,70.0,700.2858896231406,616.9116653024809,1221.0839575525983,4902.001227361984,11
0.12,10,41,1005091,greedy,1386,10,10,9,1,90.0,984.2933966346362,1013.2383312809218,1402.273465134695,8858.640569711726,1
0.12,10,41,1005091,global_min_cost,1386,10,10,9,1,90.0,855.3053191395006,906.2171072053911,1361.6651645849581,7697.747872255504,5
0.12,12,41,1005091,greedy,1386,10,10,10,0,100.0,873.8685812387012,852.6904796639685,1410.766726053601,8738.685812387012,0
0.12,12,41,1005091,global_min_cost,1386,10,10,10,0,100.0,752.4583061939495,649.1664215676841,1376.1176429409413,7524.583061939495,0
0.12,14,41,1005091,greedy,1386,10,10,10,0,100.0,818.1522224037147,852.6904796639685,1298.086648133918,8181.522224037148,0
0.12,14,41,1005091,global_min_cost,1386,10,10,10,0,100.0,736.5904920599774,716.1219289946484,1137.4050705827947,7365.904920599774,0
0.12,16,41,1005091,greedy,1386,10,10,10,0,100.0,732.5957299089495,579.4310872358417,1295.259565817024,7325.957299089495,0
0.12,16,41,1005091,global_min_cost,1386,10,10,10,0,100.0,649.3023402011776,630.1065326550524,1001.7492876017409,6493.023402011776,0
0.12,20,41,1005091,greedy,1386,10,10,10,0,100.0,506.7026175836676,393.25634168309335,912.1106600752876,5067.026175836675,0
0.12,20,41,1005091,global_min_cost,1386,10,10,10,0,100.0,366.77024132147557,291.5782613241963,623.356987854315,3667.7024132147562,0
0.12,24,41,1005091,greedy,1386,10,10,10,0,100.0,328.96012839945985,310.67066816710684,530.4412702457487,3289.601283994598,0
0.12,24,41,1005091,global_min_cost,1386,10,10,10,0,100.0,297.05527193646253,258.15919305780494,529.2327464643926,2970.5527193646253,0
0.12,32,41,1005091,greedy,1386,10,10,10,0,100.0,164.47880196925962,115.08749297452988,286.8045844556035,1644.7880196925962,0
0.12,32,41,1005091,global_min_cost,1386,10,10,10,0,100.0,154.93396483959856,139.90087776783508,194.9963680714073,1549.3396483959857,0
0.12,8,42,1005092,greedy,1387,10,10,7,3,70.0,595.6078855457467,481.1778522738623,1111.9973381712105,4169.255198820227,6
0.12,8,42,1005092,global_min_cost,1387,10,10,7,3,70.0,563.8683684036603,192.93286684408397,1159.3832233395008,3947.078578825622,6
0.12,10,42,1005092,greedy,1387,10,10,7,3,70.0,516.9540974759325,192.93286684408397,1016.7104007579935,3618.678682331528,6
0.12,10,42,1005092,global_min_cost,1387,10,10,7,3,70.0,516.9540974759325,192.93286684408397,1016.7104007579935,3618.678682331527,6
0.12,12,42,1005092,greedy,1387,10,10,7,3,70.0,516.9540974759325,192.93286684408397,1016.7104007579935,3618.678682331528,6
0.12,12,42,1005092,global_min_cost,1387,10,10,7,3,70.0,516.9540974759325,192.93286684408397,1016.7104007579935,3618.678682331527,6
0.12,14,42,1005092,greedy,1387,10,10,7,3,70.0,511.0129447295531,192.93286684408397,1016.7104007579935,3577.0906131068723,6
0.12,14,42,1005092,global_min_cost,1387,10,10,7,3,70.0,511.0129447295531,192.93286684408397,1016.7104007579935,3577.0906131068714,6
0.12,16,42,1005092,greedy,1387,10,10,7,3,70.0,511.0129447295531,192.93286684408397,1016.7104007579935,3577.0906131068723,6
0.12,16,42,1005092,global_min_cost,1387,10,10,7,3,70.0,511.0129447295531,192.93286684408397,1016.7104007579935,3577.0906131068714,6
0.12,20,42,1005092,greedy,1387,10,10,7,3,70.0,443.12273480163094,192.93286684408397,983.3535847816604,3101.8591436114166,6
0.12,20,42,1005092,global_min_cost,1387,10,10,7,3,70.0,443.12273480163094,192.93286684408397,983.3535847816604,3101.859143611416,6
0.12,24,42,1005092,greedy,1387,10,10,7,3,70.0,443.12273480163094,192.93286684408397,983.3535847816604,3101.8591436114166,6
0.12,24,42,1005092,global_min_cost,1387,10,10,7,3,70.0,443.12273480163094,192.93286684408397,983.3535847816604,3101.859143611416,6
0.12,32,42,1005092,greedy,1387,10,10,7,3,70.0,409.1195381797725,192.93286684408397,864.4747873388364,2863.8367672584072,6
0.12,32,42,1005092,global_min_cost,1387,10,10,7,3,70.0,409.1195381797725,192.93286684408397,864.4747873388364,2863.8367672584077,6
0.12,8,43,1005093,greedy,1336,10,10,8,2,80.0,482.9471259493998,446.2793200277397,759.5452983823939,3863.5770075951978,8
0.12,8,43,1005093,global_min_cost,1336,10,10,8,2,80.0,426.4329378610622,386.4075178154296,729.9572858813891,3411.4635028884977,9
0.12,10,43,1005093,greedy,1336,10,10,8,2,80.0,374.42836937003136,290.99154753337467,759.5452983823939,2995.4269549602504,8
0.12,10,43,1005093,global_min_cost,1336,10,10,8,2,80.0,325.28889340765534,287.4969153373129,560.7883968330399,2602.3111472612422,9
0.12,12,43,1005093,greedy,1336,10,10,9,1,90.0,327.88056045527986,239.43651992205938,546.8718117225458,2950.925044097519,4
0.12,12,43,1005093,global_min_cost,1336,10,10,9,1,90.0,327.88056045527986,239.43651992205938,546.8718117225458,2950.925044097519,4
0.12,14,43,1005093,greedy,1336,10,10,9,1,90.0,323.9819310564138,216.67852994000285,546.8718117225458,2915.8373795077246,4
0.12,14,43,1005093,global_min_cost,1336,10,10,9,1,90.0,323.8493276326613,239.43651992205938,558.129619118898,2914.643948693951,4
0.12,16,43,1005093,greedy,1336,10,10,9,1,90.0,298.0787127177753,216.67852994000285,502.58182578606454,2682.708414459978,4
0.12,16,43,1005093,global_min_cost,1336,10,10,9,1,90.0,297.94610929402273,239.43651992205938,513.8396331824167,2681.514983646205,4
0.12,20,43,1005093,greedy,1336,10,10,9,1,90.0,275.8274050287365,216.67852994000285,473.5419926717853,2482.4466452586285,4
0.12,20,43,1005093,global_min_cost,1336,10,10,9,1,90.0,275.6948016049839,239.43651992205938,484.7998000681375,2481.2532144448555,4
0.12,24,43,1005093,greedy,1336,10,10,10,0,100.0,277.2499106786133,253.3654957337535,470.5173351603126,2772.499106786133,0
0.12,24,43,1005093,global_min_cost,1336,10,10,10,0,100.0,277.13056759723594,264.74449072478177,483.1823684812088,2771.3056759723595,0
0.12,32,43,1005093,greedy,1336,10,10,10,0,100.0,183.82918135227712,187.87694521173262,296.40976835089424,1838.291813522771,0
0.12,32,43,1005093,global_min_cost,1336,10,10,10,0,100.0,183.82918135227712,187.87694521173262,296.40976835089424,1838.291813522771,0
0.12,8,44,1005094,greedy,1289,10,10,8,2,80.0,804.6272346684934,654.5337042165269,1389.4257121473875,6437.017877347947,6
0.12,8,44,1005094,global_min_cost,1289,10,10,8,2,80.0,659.3981598962538,440.00638250806435,1384.8530260199527,5275.18527917003,6
0.12,10,44,1005094,greedy,1289,10,10,8,2,80.0,771.459587405126,523.8301847433761,1386.6718147349404,6171.676699241008,6
0.12,10,44,1005094,global_min_cost,1289,10,10,8,2,80.0,557.2206644483913,424.67282371273893,1048.216921766475,4457.76531558713,6
0.12,12,44,1005094,greedy,1289,10,10,8,2,80.0,614.4579863231302,438.62924078820424,1190.1583907411064,4915.663890585041,6
0.12,12,44,1005094,global_min_cost,1289,10,10,8,2,80.0,486.4776012110033,364.4831682599772,777.931985534922,3891.8208096880257,6
0.12,14,44,1005094,greedy,1289,10,10,8,2,80.0,575.4834072804698,364.4831682599772,1190.1583907411064,4603.867258243758,6
0.12,14,44,1005094,global_min_cost,1289,10,10,8,2,80.0,454.24102966642755,356.8861091703152,760.730300840896,3633.92823733142,6
0.12,16,44,1005094,greedy,1289,10,10,8,2,80.0,398.05630886620617,293.22078128251405,710.6886780671731,3184.450470929649,6
0.12,16,44,1005094,global_min_cost,1289,10,10,8,2,80.0,398.05630886620617,265.75688075081877,727.1670183861903,3184.45047092965,6
0.12,20,44,1005094,greedy,1289,10,10,8,2,80.0,398.05630886620617,293.22078128251405,710.6886780671731,3184.450470929649,6
0.12,20,44,1005094,global_min_cost,1289,10,10,8,2,80.0,398.05630886620617,265.75688075081877,727.1670183861903,3184.45047092965,6
0.12,24,44,1005094,greedy,1289,10,10,8,2,80.0,386.47396032238555,251.54299432154207,710.6886780671731,3091.791682579084,6
0.12,24,44,1005094,global_min_cost,1289,10,10,8,2,80.0,386.47396032238555,251.54299432154207,710.6886780671731,3091.7916825790844,6
0.12,32,44,1005094,greedy,1289,10,10,8,2,80.0,250.6154076065719,205.4358164836238,458.1072452999798,2004.923260852575,6
0.12,32,44,1005094,global_min_cost,1289,10,10,8,2,80.0,250.6154076065719,205.4358164836238,458.1072452999798,2004.9232608525751,6
0.12,8,45,1005095,greedy,1431,10,10,7,3,70.0,529.7887266639327,374.0737465127728,970.8035523702194,3708.521086647529,12
0.12,8,45,1005095,global_min_cost,1431,10,10,7,3,70.0,341.3875053820917,294.78407778170083,565.0407109921529,2389.7125376746417,12
0.12,10,45,1005095,greedy,1431,10,10,9,1,90.0,512.7184837725825,374.0737465127728,865.7983300603197,4614.466353953243,3
0.12,10,45,1005095,global_min_cost,1431,10,10,9,1,90.0,366.6348044479804,300.77736861891555,583.843354429236,3299.713240031824,4
0.12,12,45,1005095,greedy,1431,10,10,10,0,100.0,436.9342327653931,312.79410569313137,658.1332049409269,4369.342327653931,0
0.12,12,45,1005095,global_min_cost,1431,10,10,10,0,100.0,436.9342327653931,326.2881959895071,843.5167889349794,4369.342327653931,0
0.12,14,45,1005095,greedy,1431,10,10,10,0,100.0,422.42207139734376,312.79410569313137,658.1332049409269,4224.220713973437,0
0.12,14,45,1005095,global_min_cost,1431,10,10,10,0,100.0,422.42207139734376,326.2881959895071,843.5167889349794,4224.220713973437,0
0.12,16,45,1005095,greedy,1431,10,10,10,0,100.0,387.6179208445156,266.1057160521015,639.5506398945511,3876.179208445156,0
0.12,16,45,1005095,global_min_cost,1431,10,10,10,0,100.0,336.7284049696948,312.79410569313137,570.9992478451343,3367.2840496969475,0
0.12,20,45,1005095,greedy,1431,10,10,10,0,100.0,293.6972777501386,241.74415909397842,570.9992478451343,2936.9727775013857,0
0.12,20,45,1005095,global_min_cost,1431,10,10,10,0,100.0,288.0489905707885,231.2183707860334,570.9992478451343,2880.489905707884,0
0.12,24,45,1005095,greedy,1431,10,10,10,0,100.0,278.76525583672793,241.74415909397842,438.051341292582,2787.6525583672787,0
0.12,24,45,1005095,global_min_cost,1431,10,10,10,0,100.0,273.11696865737775,231.2183707860334,438.051341292582,2731.169686573777,0
0.12,32,45,1005095,greedy,1431,10,10,10,0,100.0,274.5347232523397,224.91457128798905,438.051341292582,2745.347232523397,0
0.12,32,45,1005095,global_min_cost,1431,10,10,10,0,100.0,268.88643607298957,214.38878298004403,438.051341292582,2688.864360729896,0
0.12,8,46,1005096,greedy,1355,10,10,7,3,70.0,936.8139997505561,695.4918403124004,1675.708672499312,6557.697998253893,10
0.12,8,46,1005096,global_min_cost,1355,10,10,7,3,70.0,619.2441112851745,644.8744526393552,972.1337723705486,4334.708778996222,8
0.12,10,46,1005096,greedy,1355,10,10,8,2,80.0,855.1708236745071,717.7296010300803,1306.5686409282362,6841.366589396057,8
0.12,10,46,1005096,global_min_cost,1355,10,10,8,2,80.0,730.2319747857953,646.774713657762,1444.7320337977467,5841.855798286362,7
0.12,12,46,1005096,greedy,1355,10,10,10,0,100.0,887.6206027912796,638.4865041612239,1900.617552948825,8876.206027912796,0
0.12,12,46,1005096,global_min_cost,1355,10,10,10,0,100.0,778.8685445082124,692.4209071935577,1510.9764021612582,7788.685445082123,0
0.12,14,46,1005096,greedy,1355,10,10,10,0,100.0,640.4916688758706,565.9745855673827,1050.8485966507894,6404.916688758705,0
0.12,14,46,1005096,global_min_cost,1355,10,10,10,0,100.0,544.0335094551482,525.7428471725075,1006.9442737001534,5440.335094551481,0
0.12,16,46,1005096,greedy,1355,10,10,10,0,100.0,571.0037994451668,557.1819425981689,960.7381714665568,5710.037994451668,0
0.12,16,46,1005096,global_min_cost,1355,10,10,10,0,100.0,401.3807541605136,413.1901370631464,647.8771191504441,4013.807541605137,0
0.12,20,46,1005096,greedy,1355,10,10,10,0,100.0,396.2669288482522,413.1901370631464,603.5667169649405,3962.669288482521,0
0.12,20,46,1005096,global_min_cost,1355,10,10,10,0,100.0,362.8467007316296,370.4436988800469,640.3457223013709,3628.467007316296,0
0.12,24,46,1005096,greedy,1355,10,10,10,0,100.0,330.0838285284884,352.3780194442114,562.0809009136889,3300.838285284884,0
0.12,24,46,1005096,global_min_cost,1355,10,10,10,0,100.0,328.2517631512784,350.0806319009657,566.7659778249462,3282.5176315127837,0
0.12,32,46,1005096,greedy,1355,10,10,10,0,100.0,258.67197827542844,283.67347452851965,411.05093033770686,2586.719782754284,0
0.12,32,46,1005096,global_min_cost,1355,10,10,10,0,100.0,249.71487049044563,220.35233619535586,437.4515239374553,2497.148704904456,0
0.12,8,47,1005097,greedy,1308,10,10,8,2,80.0,938.888465375381,596.4064776195632,2101.612330508004,7511.107723003048,6
0.12,8,47,1005097,global_min_cost,1308,10,10,8,2,80.0,570.5205638245767,496.8398361369708,830.9982310711312,4564.164510596614,5
0.12,10,47,1005097,greedy,1308,10,10,10,0,100.0,1057.8752123138863,652.89751658762,2044.704771335516,10578.752123138864,0
0.12,10,47,1005097,global_min_cost,1308,10,10,10,0,100.0,878.7903071923288,638.8302672709469,1507.6798606749014,8787.903071923287,0
0.12,12,47,1005097,greedy,1308,10,10,10,0,100.0,717.5302526247441,652.89751658762,1149.8243685183568,7175.30252624744,0
0.12,12,47,1005097,global_min_cost,1308,10,10,10,0,100.0,617.0820314366057,526.5184534745894,1073.07085594252,6170.820314366057,0
0.12,14,47,1005097,greedy,1308,10,10,10,0,100.0,629.1781806073071,652.89751658762,979.5243761900125,6291.781806073071,0
0.12,14,47,1005097,global_min_cost,1308,10,10,10,0,100.0,537.5664352370424,428.04674207951564,858.2220650085563,5375.664352370424,0
0.12,16,47,1005097,greedy,1308,10,10,10,0,100.0,516.1427527222621,351.37569109522616,979.5243761900125,5161.4275272226205,0
0.12,16,47,1005097,global_min_cost,1308,10,10,10,0,100.0,440.8638901536789,328.06228288013097,818.0092063387583,4408.638901536789,0
0.12,20,47,1005097,greedy,1308,10,10,10,0,100.0,429.18831990702415,351.37569109522616,645.9102542867986,4291.883199070242,0
0.12,20,47,1005097,global_min_cost,1308,10,10,10,0,100.0,333.7010012497606,321.761787852566,480.2150215549106,3337.0100124976057,0
0.12,24,47,1005097,greedy,1308,10,10,10,0,100.0,334.5255494125533,318.38973244563266,428.92020875843235,3345.255494125533,0
0.12,24,47,1005097,global_min_cost,1308,10,10,10,0,100.0,296.9424031262195,307.7264616593052,341.52081803588436,2969.424031262195,0
0.12,32,47,1005097,greedy,1308,10,10,10,0,100.0,287.0264404088443,297.65489363862514,381.2490139311995,2870.2644040884434,0
0.12,32,47,1005097,global_min_cost,1308,10,10,10,0,100.0,257.16611973247046,262.99284348509815,341.52081803588436,2571.661197324705,0
0.12,8,48,1005098,greedy,1311,10,10,7,3,70.0,729.5496157287679,401.8542814053118,1709.0978341387174,5106.847310101375,13
0.12,8,48,1005098,global_min_cost,1311,10,10,7,3,70.0,453.44231594316767,251.92796928579804,922.0149418632953,3174.0962116021738,8
0.12,10,48,1005098,greedy,1311,10,10,9,1,90.0,686.3374099238087,435.0278188593882,1376.7011043545372,6177.036689314278,5
0.12,10,48,1005098,global_min_cost,1311,10,10,9,1,90.0,552.445620053161,379.2677186722641,1013.4553652228311,4972.010580478449,3
0.12,12,48,1005098,greedy,1311,10,10,9,1,90.0,590.9073454938142,366.1275161033915,1099.9624015411603,5318.166109444328,5
0.12,12,48,1005098,global_min_cost,1311,10,10,9,1,90.0,477.8708103332719,401.8542814053118,784.7477147214378,4300.8372929994475,3
0.12,14,48,1005098,greedy,1311,10,10,10,0,100.0,643.6472301646972,383.99089875435163,1744.2641676096055,6436.4723016469725,0
0.12,14,48,1005098,global_min_cost,1311,10,10,10,0,100.0,642.3175576143079,418.44105013235003,1277.1043753315057,6423.1755761430795,0
0.12,16,48,1005098,greedy,1311,10,10,10,0,100.0,587.94200929413,383.99089875435163,1242.9171797745005,5879.4200929413,0
0.12,16,48,1005098,global_min_cost,1311,10,10,10,0,100.0,586.6123367437406,418.44105013235003,1242.9171797745005,5866.123367437406,0
0.12,20,48,1005098,greedy,1311,10,10,10,0,100.0,542.8103043790228,294.2122673402163,1242.9171797745005,5428.103043790227,0
0.12,20,48,1005098,global_min_cost,1311,10,10,10,0,100.0,541.4806318286334,304.76304918629717,1221.3991544609387,5414.8063182863325,0
0.12,24,48,1005098,greedy,1311,10,10,10,0,100.0,499.5832365866192,219.3660462919048,1242.9171797745005,4995.832365866191,0
0.12,24,48,1005098,global_min_cost,1311,10,10,10,0,100.0,496.95791410581455,231.07705594929695,1221.3991544609387,4969.579141058144,0
0.12,32,48,1005098,greedy,1311,10,10,10,0,100.0,234.02365853243626,188.29194047501022,427.89064624318297,2340.2365853243627,0
0.12,32,48,1005098,global_min_cost,1311,10,10,10,0,100.0,233.11991934623768,184.61044932263545,427.89064624318297,2331.1991934623766,0
0.12,8,49,1005099,greedy,1407,10,10,8,2,80.0,973.9070802941842,816.1603092926687,1867.4011835052634,7791.256642353474,3
0.12,8,49,1005099,global_min_cost,1407,10,10,8,2,80.0,559.8058897065783,311.88625452301864,1351.9587266369856,4478.447117652627,2
0.12,10,49,1005099,greedy,1407,10,10,10,0,100.0,684.7751783215758,340.84317549144225,1437.6155384408337,6847.751783215758,0
0.12,10,49,1005099,global_min_cost,1407,10,10,10,0,100.0,537.7563947181559,229.38221049271414,1362.2578859363089,5377.563947181558,0
0.12,12,49,1005099,greedy,1407,10,10,10,0,100.0,314.0273493414961,224.7900717936056,585.4252687953834,3140.2734934149607,0
0.12,12,49,1005099,global_min_cost,1407,10,10,10,0,100.0,302.73518122914265,255.6029678404591,677.0637716760913,3027.3518122914265,0
0.12,14,49,1005099,greedy,1407,10,10,10,0,100.0,287.15577456689226,214.86016197594566,571.9534567552038,2871.5577456689225,0
0.12,14,49,1005099,global_min_cost,1407,10,10,10,0,100.0,278.40306320535205,229.81109318443077,556.2858497098699,2784.030632053521,0
0.12,16,49,1005099,greedy,1407,10,10,10,0,100.0,261.41777614442947,172.47243054209247,529.543773154907,2614.177761444295,0
0.12,16,49,1005099,global_min_cost,1407,10,10,10,0,100.0,240.80654011337722,172.47243054209247,586.6320474995575,2408.065401133772,0
0.12,20,49,1005099,greedy,1407,10,10,10,0,100.0,250.79603846645705,121.42085249583788,529.543773154907,2507.9603846645705,0
0.12,20,49,1005099,global_min_cost,1407,10,10,10,0,100.0,230.18480243540478,121.42085249583788,586.6320474995575,2301.848024354048,0
0.12,24,49,1005099,greedy,1407,10,10,10,0,100.0,250.79603846645705,121.42085249583788,529.543773154907,2507.9603846645705,0
0.12,24,49,1005099,global_min_cost,1407,10,10,10,0,100.0,230.18480243540478,121.42085249583788,586.6320474995575,2301.848024354048,0
0.12,32,49,1005099,greedy,1407,10,10,10,0,100.0,217.3582327999062,121.42085249583788,498.7595935321357,2173.5823279990623,0
0.12,32,49,1005099,global_min_cost,1407,10,10,10,0,100.0,193.75830945745392,121.42085249583788,407.59371514232646,1937.583094574539,0
0.13,8,0,2005050,greedy,1493,10,10,5,5,50.0,874.0707266656264,666.6548096835411,1695.2899228371816,4370.353633328132,15
0.13,8,0,2005050,global_min_cost,1493,10,10,5,5,50.0,389.3058092422866,324.84095622867466,714.0610399808153,1946.5290462114333,15
0.13,10,0,2005050,greedy,1493,10,10,6,4,60.0,671.1477594395856,532.5366180024291,1331.5165530291806,4026.8865566375134,10
0.13,10,0,2005050,global_min_cost,1493,10,10,6,4,60.0,541.8659232170844,455.5651908997886,1020.6424714643174,3251.1955393025064,12
0.13,12,0,2005050,greedy,1493,10,10,8,2,80.0,650.4042026691734,510.73849838704155,1183.5526811786679,5203.233621353387,2
0.13,12,0,2005050,global_min_cost,1493,10,10,8,2,80.0,580.316237124247,497.6201067787251,1074.0841113429074,4642.529896993976,2
0.13,14,0,2005050,greedy,1493,10,10,8,2,80.0,477.4000309192537,375.4165620937217,952.8884287370387,3819.200247354029,2
0.13,14,0,2005050,global_min_cost,1493,10,10,8,2,80.0,472.1240547591561,385.3000347130006,952.8884287370387,3776.9924380732486,2
0.13,16,0,2005050,greedy,1493,10,10,8,2,80.0,403.81984935108983,338.6278270474005,656.5184664588148,3230.558794808718,2
0.13,16,0,2005050,global_min_cost,1493,10,10,8,2,80.0,398.5438731909922,348.5112996666794,618.0820424374749,3188.3509855279376,2
0.13,20,0,2005050,greedy,1493,10,10,8,2,80.0,371.19545596434097,306.456383787743,618.0820424374749,2969.5636477147277,2
0.13,20,0,2005050,global_min_cost,1493,10,10,8,2,80.0,371.19545596434097,306.456383787743,618.0820424374749,2969.5636477147277,2
0.13,24,0,2005050,greedy,1493,10,10,8,2,80.0,328.4952563545141,205.87134224730818,618.0820424374749,2627.9620508361127,2
0.13,24,0,2005050,global_min_cost,1493,10,10,8,2,80.0,328.4952563545141,205.87134224730818,618.0820424374749,2627.9620508361127,2
0.13,32,0,2005050,greedy,1493,10,10,8,2,80.0,197.08361247332473,167.17488292164705,295.85557723063823,1576.6688997865979,2
0.13,32,0,2005050,global_min_cost,1493,10,10,8,2,80.0,197.08361247332473,167.17488292164705,295.85557723063823,1576.6688997865976,2
0.13,8,1,2005051,greedy,1447,10,10,7,3,70.0,1021.7947366753232,1101.4767288264184,1757.5673418885015,7152.563156727262,11
0.13,8,1,2005051,global_min_cost,1447,10,10,7,3,70.0,579.4576429637223,434.83969757519355,1057.256064905488,4056.203500746056,11
0.13,10,1,2005051,greedy,1447,10,10,9,1,90.0,1155.7981030569626,1211.3819336603376,1926.025760221395,10402.182927512664,3
0.13,10,1,2005051,global_min_cost,1447,10,10,9,1,90.0,862.3480311510715,490.64653441412446,1870.5469927538652,7761.132280359644,3
0.13,12,1,2005051,greedy,1447,10,10,10,0,100.0,985.1228110895878,1065.892153280748,1484.5116039852787,9851.228110895876,0
0.13,12,1,2005051,global_min_cost,1447,10,10,10,0,100.0,852.0163543639411,540.4267985204722,1804.9308108870925,8520.163543639412,0
0.13,14,1,2005051,greedy,1447,10,10,10,0,100.0,870.4108847831111,868.4884349028183,1298.139973825095,8704.108847831112,0
0.13,14,1,2005051,global_min_cost,1447,10,10,10,0,100.0,726.5551143909662,540.4267985204722,1589.4771118492858,7265.551143909662,0
0.13,16,1,2005051,greedy,1447,10,10,10,0,100.0,558.429354208153,265.85461860612577,1130.7184205394638,5584.29354208153,0
0.13,16,1,2005051,global_min_cost,1447,10,10,10,0,100.0,521.7133926013972,288.61234382855866,1099.0777924867912,5217.133926013973,0
0.13,20,1,2005051,greedy,1447,10,10,10,0,100.0,517.0622939829274,252.2058201546804,1130.7184205394638,5170.622939829274,0
0.13,20,1,2005051,global_min_cost,1447,10,10,10,0,100.0,494.9003736295161,357.5460813608322,1040.602848527614,4949.003736295162,0
0.13,24,1,2005051,greedy,1447,10,10,10,0,100.0,423.9137008270633,198.2300800582077,996.4054846671589,4239.1370082706335,0
0.13,24,1,2005051,global_min_cost,1447,10,10,10,0,100.0,402.66903058586297,288.61234382855866,946.3340055507836,4026.69030585863,0
0.13,32,1,2005051,greedy,1447,10,10,10,0,100.0,423.0727556345081,194.0253540954316,996.4054846671589,4230.727556345081,0
0.13,32,1,2005051,global_min_cost,1447,10,10,10,0,100.0,401.82808539330773,288.61234382855866,941.9771828313189,4018.2808539330777,0
0.13,8,2,2005052,greedy,1439,10,10,6,4,60.0,873.2455988191941,642.7112677776327,1720.4503572224573,5239.473592915165,13
0.13,8,2,2005052,global_min_cost,1439,10,10,6,4,60.0,751.3581125321809,582.1762284772249,1464.912055516735,4508.148675193085,15
0.13,10,2,2005052,greedy,1439,10,10,7,3,70.0,1013.3841045526716,895.4018338458498,1909.2288367251308,7093.6887318687,9
0.13,10,2,2005052,global_min_cost,1439,10,10,7,3,70.0,918.4264684016708,895.4018338458498,1821.9793608390246,6428.985278811695,14
0.13,12,2,2005052,greedy,1439,10,10,9,1,90.0,1078.8334723069718,895.4018338458498,1986.1534086836366,9709.501250762747,5
0.13,12,2,2005052,global_min_cost,1439,10,10,9,1,90.0,983.0183982368401,895.4018338458498,1777.1708408544384,8847.16558413156,5
0.13,14,2,2005052,greedy,1439,10,10,9,1,90.0,846.7512974765863,780.3675502789779,1460.344873653574,7620.761677289275,5
0.13,14,2,2005052,global_min_cost,1439,10,10,9,1,90.0,794.2560675844312,746.9591814271535,1501.0180548968112,7148.304608259881,5
0.13,16,2,2005052,greedy,1439,10,10,9,1,90.0,776.3439314621355,780.3675502789779,1286.990672259875,6987.09538315922,5
0.13,16,2,2005052,global_min_cost,1439,10,10,9,1,90.0,723.8487015699803,771.9964492525522,1261.6734633603255,6514.638314129823,5
0.13,20,2,2005052,greedy,1439,10,10,9,1,90.0,710.5432730861164,780.3675502789779,1189.0632057591574,6394.889457775048,5
0.13,20,2,2005052,global_min_cost,1439,10,10,9,1,90.0,628.1294518246531,708.099418399192,1083.867713885804,5653.165066421878,5
0.13,24,2,2005052,greedy,1439,10,10,9,1,90.0,468.5083332707705,417.7065887394699,888.8678566614944,4216.574999436934,5
0.13,24,2,2005052,global_min_cost,1439,10,10,9,1,90.0,406.64054670378385,424.4840570648966,771.9812245393757,3659.7649203340548,5
0.13,32,2,2005052,greedy,1439,10,10,9,1,90.0,312.3267586021046,309.55407165590134,486.814906096257,2810.9408274189414,5
0.13,32,2,2005052,global_min_cost,1439,10,10,9,1,90.0,289.07237476101636,301.8244172742151,498.0548865242826,2601.651372849147,5
0.13,8,3,2005053,greedy,1512,10,10,8,2,80.0,855.7330670341105,908.3743549775593,1201.7596916462094,6845.864536272885,5
0.13,8,3,2005053,global_min_cost,1512,10,10,8,2,80.0,598.1285722481413,481.7767265798203,1157.3815090836715,4785.02857798513,4
0.13,10,3,2005053,greedy,1512,10,10,10,0,100.0,680.1550847660136,588.5365459887346,1095.3800285744219,6801.550847660135,0
0.13,10,3,2005053,global_min_cost,1512,10,10,10,0,100.0,646.2935227677415,481.7767265798203,1414.3637996982202,6462.935227677415,0
0.13,12,3,2005053,greedy,1512,10,10,10,0,100.0,561.1447386370629,562.8274124713544,896.063289379655,5611.447386370629,0
0.13,12,3,2005053,global_min_cost,1512,10,10,10,0,100.0,516.3756934064094,481.7767265798203,938.45695343191,5163.756934064093,0
0.13,14,3,2005053,greedy,1512,10,10,10,0,100.0,501.1349858267987,456.0675930624402,882.597574383846,5011.349858267988,0
0.13,14,3,2005053,global_min_cost,1512,10,10,10,0,100.0,456.3659405961451,336.7426325579315,921.1803604073673,4563.659405961451,0
0.13,16,3,2005053,greedy,1512,10,10,10,0,100.0,408.03977439751617,336.7426325579315,837.7296296052506,4080.397743975161,0
0.13,16,3,2005053,global_min_cost,1512,10,10,10,0,100.0,407.37181319758764,335.18544381664873,880.1232936575058,4073.718131975876,0
0.13,20,3,2005053,greedy,1512,10,10,10,0,100.0,370.9054756908886,237.49806100432585,837.7296296052506,3709.054756908886,0
0.13,20,3,2005053,global_min_cost,1512,10,10,10,0,100.0,358.3820188481351,221.43019302177402,880.1232936575058,3583.8201884813507,0
0.13,24,3,2005053,greedy,1512,10,10,10,0,100.0,339.5602152559131,237.49806100432585,649.9498462786921,3395.602152559131,0
0.13,24,3,2005053,global_min_cost,1512,10,10,10,0,100.0,327.7047196130881,221.43019302177402,649.9498462786921,3277.0471961308813,0
0.13,32,3,2005053,greedy,1512,10,10,10,0,100.0,278.70411837482476,185.11448971180872,599.9029806353832,2787.041183748248,0
0.13,32,3,2005053,global_min_cost,1512,10,10,10,0,100.0,276.3593614796481,185.11448971180872,599.9029806353832,2763.593614796481,0
0.13,8,4,2005054,greedy,1538,10,10,7,3,70.0,771.6081418039623,667.2192213530433,1083.2103749354442,5401.2569926277365,9
0.13,8,4,2005054,global_min_cost,1538,10,10,7,3,70.0,376.8153992665049,298.7598150461738,628.5857509214335,2637.7077948655347,14
0.13,10,4,2005054,greedy,1538,10,10,9,1,90.0,1102.5302832479738,731.4761908690641,2161.399729987118,9922.772549231764,3
0.13,10,4,2005054,global_min_cost,1538,10,10,9,1,90.0,789.7245058198076,587.4412152424719,2093.3228901295997,7107.520552378268,5
0.13,12,4,2005054,greedy,1538,10,10,10,0,100.0,1028.0120574465948,698.6217681885673,2227.5000159959004,10280.120574465947,0
0.13,12,4,2005054,global_min_cost,1538,10,10,10,0,100.0,700.8614558187704,577.6180239815767,1840.5749663200097,7008.614558187704,0
0.13,14,4,2005054,greedy,1538,10,10,10,0,100.0,435.7147711694225,428.3308053016213,744.8368768280267,4357.147711694224,0
0.13,14,4,2005054,global_min_cost,1538,10,10,10,0,100.0,407.61345305611655,354.99529461115196,702.000435298422,4076.134530561166,0
0.13,16,4,2005054,greedy,1538,10,10,10,0,100.0,435.7147711694225,428.3308053016213,744.8368768280267,4357.147711694224,0
0.13,16,4,2005054,global_min_cost,1538,10,10,10,0,100.0,407.61345305611655,354.99529461115196,702.000435298422,4076.134530561166,0
0.13,20,4,2005054,greedy,1538,10,10,10,0,100.0,299.01371350670775,256.4114515966387,488.53274215303577,2990.1371350670775,0
0.13,20,4,2005054,global_min_cost,1538,10,10,10,0,100.0,299.01371350670775,281.53225361751396,475.11939120814895,2990.1371350670775,0
0.13,24,4,2005054,greedy,1538,10,10,10,0,100.0,234.08249144058226,202.86336375840972,416.371615612284,2340.8249144058227,0
0.13,24,4,2005054,global_min_cost,1538,10,10,10,0,100.0,234.08249144058226,202.86336375840972,416.371615612284,2340.8249144058227,0
0.13,32,4,2005054,greedy,1538,10,10,10,0,100.0,203.7941009188227,167.65957475187565,416.371615612284,2037.9410091882269,0
0.13,32,4,2005054,global_min_cost,1538,10,10,10,0,100.0,203.7941009188227,167.65957475187565,416.371615612284,2037.9410091882269,0
0.13,8,5,2005055,greedy,1510,10,10,5,5,50.0,839.4796477481523,530.4877644432161,1550.7783397846997,4197.398238740761,12
0.13,8,5,2005055,global_min_cost,1510,10,10,5,5,50.0,629.79435872827,378.9800959455573,1249.1088646495955,3148.97179364135,19
0.13,10,5,2005055,greedy,1510,10,10,7,3,70.0,1037.0235708081036,644.382693721056,2142.6808282914258,7259.164995656724,5
0.13,10,5,2005055,global_min_cost,1510,10,10,7,3,70.0,676.1523562134042,530.4877644432161,1224.6874798765639,4733.0664934938295,13
0.13,12,5,2005055,greedy,1510,10,10,9,1,90.0,878.3255984515592,552.791130236346,1950.174339924473,7904.930386064033,3
0.13,12,5,2005055,global_min_cost,1510,10,10,9,1,90.0,613.2546707064138,552.791130236346,953.9224166438792,5519.292036357723,3
0.13,14,5,2005055,greedy,1510,10,10,10,0,100.0,733.376490760005,531.9765578158668,1089.1934641237513,7333.76490760005,0
0.13,14,5,2005055,global_min_cost,1510,10,10,10,0,100.0,601.6070898172113,541.6394473397811,1303.4524653430376,6016.070898172114,0
0.13,16,5,2005055,greedy,1510,10,10,10,0,100.0,565.5976410229647,461.9270935785879,981.1154115716824,5655.976410229647,0
0.13,16,5,2005055,global_min_cost,1510,10,10,10,0,100.0,507.317260224468,446.14887860661565,852.3663637423907,5073.172602244679,0
0.13,20,5,2005055,greedy,1510,10,10,10,0,100.0,469.5424138692422,461.9270935785879,693.0594691825157,4695.424138692422,0
0.13,20,5,2005055,global_min_cost,1510,10,10,10,0,100.0,417.6065076570363,392.16922457870197,648.1056169888108,4176.065076570362,0
0.13,24,5,2005055,greedy,1510,10,10,10,0,100.0,383.16208061167737,342.94709380462393,684.1111758245893,3831.6208061167736,0
0.13,24,5,2005055,global_min_cost,1510,10,10,10,0,100.0,358.99705148221796,373.82117089664973,565.6732098525717,3589.9705148221797,0
0.13,32,5,2005055,greedy,1510,10,10,10,0,100.0,259.2005762316688,249.83055154565227,396.4583126125239,2592.0057623166877,0
0.13,32,5,2005055,global_min_cost,1510,10,10,10,0,100.0,256.27224683567806,249.83055154565227,409.30889346619836,2562.7224683567806,0
0.13,8,6,2005056,greedy,1535,10,10,7,3,70.0,656.2517173442639,303.1821479257603,1426.4397362921095,4593.762021409848,13
0.13,8,6,2005056,global_min_cost,1535,10,10,7,3,70.0,629.272888304098,279.38449312507413,1426.4397362921095,4404.910218128686,9
0.13,10,6,2005056,greedy,1535,10,10,8,2,80.0,331.5409810150857,291.28332052541725,505.2083412489706,2652.3278481206858,8
0.13,10,6,2005056,global_min_cost,1535,10,10,8,2,80.0,318.906351696416,312.636602645954,488.5683776638759,2551.250813571328,8
0.13,12,6,2005056,greedy,1535,10,10,8,2,80.0,281.6100438637908,268.7492182800524,388.412655701206,2252.8803509103263,8
0.13,12,6,2005056,global_min_cost,1535,10,10,8,2,80.0,268.97541454512105,264.21509802569767,388.412655701206,2151.8033163609684,8
0.13,14,6,2005056,greedy,1535,10,10,8,2,80.0,281.6100438637908,268.7492182800524,388.412655701206,2252.8803509103263,8
0.13,14,6,2005056,global_min_cost,1535,10,10,8,2,80.0,268.97541454512105,264.21509802569767,388.412655701206,2151.8033163609684,8
0.13,16,6,2005056,greedy,1535,10,10,8,2,80.0,281.6100438637908,268.7492182800524,388.412655701206,2252.8803509103263,8
0.13,16,6,2005056,global_min_cost,1535,10,10,8,2,80.0,268.97541454512105,264.21509802569767,388.412655701206,2151.8033163609684,8
0.13,20,6,2005056,greedy,1535,10,10,8,2,80.0,208.57820892575654,211.26339939064275,315.1825913370208,1668.6256714060526,8
0.13,20,6,2005056,global_min_cost,1535,10,10,8,2,80.0,195.9435796070868,203.33533036530417,343.99515182435687,1567.5486368566944,8
0.13,24,6,2005056,greedy,1535,10,10,8,2,80.0,183.8762403676448,203.33533036530417,271.63440478224953,1471.0099229411587,8
0.13,24,6,2005056,global_min_cost,1535,10,10,8,2,80.0,171.24161104897507,173.99230144945759,256.55761806588373,1369.9328883918006,8
0.13,32,6,2005056,greedy,1535,10,10,8,2,80.0,150.86626148866694,139.4006437331633,243.7456487935617,1206.9300919093353,8
0.13,32,6,2005056,global_min_cost,1535,10,10,8,2,80.0,150.86626148866694,139.4006437331633,243.7456487935617,1206.9300919093357,8
0.13,8,7,2005057,greedy,1460,10,10,6,4,60.0,1598.700500601723,498.7338598545121,4136.217200229308,9592.203003610339,13
0.13,8,7,2005057,global_min_cost,1460,10,10,6,4,60.0,1269.365516172572,333.1399108433694,3290.2749296041848,7616.1930970354315,9
0.13,10,7,2005057,greedy,1460,10,10,8,2,80.0,1353.2414621563628,309.0354032322592,3294.102448474909,10825.931697250902,8
0.13,10,7,2005057,global_min_cost,1460,10,10,8,2,80.0,1031.5833233691392,309.0354032322592,3286.20942473983,8252.666586953113,7
0.13,12,7,2005057,greedy,1460,10,10,9,1,90.0,970.2833423194164,184.14537891313913,2536.6159621943016,8732.550080874747,3
0.13,12,7,2005057,global_min_cost,1460,10,10,9,1,90.0,744.8664111776438,173.1664908954737,2468.964031581051,6703.797700598794,3
0.13,14,7,2005057,greedy,1460,10,10,9,1,90.0,541.3560509439093,184.14537891313913,1280.6996467428853,4872.204458495183,3
0.13,14,7,2005057,global_min_cost,1460,10,10,9,1,90.0,448.96164910120007,171.7880363724646,831.1848958181831,4040.6548419108008,3
0.13,16,7,2005057,greedy,1460,10,10,9,1,90.0,487.1615954432074,184.14537891313913,1257.9618522086434,4384.454358988866,3
0.13,16,7,2005057,global_min_cost,1460,10,10,9,1,90.0,430.308191834242,171.7880363724646,797.6086727376585,3872.773726508178,3
0.13,20,7,2005057,greedy,1460,10,10,9,1,90.0,234.491913206023,184.14537891313913,454.59368666281534,2110.4272188542072,3
0.13,20,7,2005057,global_min_cost,1460,10,10,9,1,90.0,207.43809482914247,171.7880363724646,349.9962398477726,1866.9428534622823,3
0.13,24,7,2005057,greedy,1460,10,10,9,1,90.0,186.84956135675208,165.78212055998617,272.5273609058312,1681.6460522107689,3
0.13,24,7,2005057,global_min_cost,1460,10,10,9,1,90.0,181.9386579619901,165.78212055998617,272.5273609058312,1637.447921657911,3
0.13,32,7,2005057,greedy,1460,10,10,9,1,90.0,180.7352104284929,149.13439254722505,272.5273609058312,1626.6168938564363,3
0.13,32,7,2005057,global_min_cost,1460,10,10,9,1,90.0,174.45719858658072,149.13439254722505,272.5273609058312,1570.1147872792267,3
0.13,8,8,2005058,greedy,1477,10,10,7,3,70.0,1039.7868151320442,926.6544517437418,2039.97013520778,7278.50770592431,11
0.13,8,8,2005058,global_min_cost,1477,10,10,7,3,70.0,677.6163586738535,320.8389532315112,1410.123337930469,4743.314510716975,12
0.13,10,8,2005058,greedy,1477,10,10,8,2,80.0,675.7607906095301,383.18552074622664,1523.92255433657,5406.08632487624,7
0.13,10,8,2005058,global_min_cost,1477,10,10,8,2,80.0,565.3163325282471,366.5669036824357,1198.8400789601521,4522.530660225977,7
0.13,12,8,2005058,greedy,1477,10,10,8,2,80.0,552.3044028107422,344.88830005088744,1475.0629953957034,4418.435222485938,7
0.13,12,8,2005058,global_min_cost,1477,10,10,8,2,80.0,499.45794175406087,366.5669036824357,1198.8400789601521,3995.663534032487,7
0.13,14,8,2005058,greedy,1477,10,10,8,2,80.0,503.1383495894197,344.88830005088744,1252.6186183833374,4025.1067967153576,7
0.13,14,8,2005058,global_min_cost,1477,10,10,8,2,80.0,491.5100893833382,366.5669036824357,1198.8400789601521,3932.0807150667056,7
0.13,16,8,2005058,greedy,1477,10,10,8,2,80.0,342.6890932042868,260.8012981678411,604.4727878151061,2741.5127456342943,7
0.13,16,8,2005058,global_min_cost,1477,10,10,8,2,80.0,342.27382603297633,257.15697844870704,604.4727878151061,2738.1906082638106,7
0.13,20,8,2005058,greedy,1477,10,10,8,2,80.0,224.67078591894403,197.11932338503692,371.17858081186324,1797.3662873515525,7
0.13,20,8,2005058,global_min_cost,1477,10,10,8,2,80.0,224.25551874763357,170.7909178671793,371.17858081186324,1794.0441499810686,7
0.13,24,8,2005058,greedy,1477,10,10,8,2,80.0,224.67078591894403,197.11932338503692,371.17858081186324,1797.3662873515525,7
0.13,24,8,2005058,global_min_cost,1477,10,10,8,2,80.0,224.25551874763357,192.97692126189602,371.17858081186324,1794.0441499810686,7
0.13,32,8,2005058,greedy,1477,10,10,8,2,80.0,188.86560885347933,171.57567470847363,371.17858081186324,1510.9248708278346,7
0.13,32,8,2005058,global_min_cost,1477,10,10,8,2,80.0,188.45034168216887,148.8915889097501,371.17858081186324,1507.602733457351,7
0.13,8,9,2005059,greedy,1456,10,10,6,4,60.0,793.168955446856,510.436514439411,1661.3945058142563,4759.0137326811355,10
0.13,8,9,2005059,global_min_cost,1456,10,10,6,4,60.0,655.5626565746497,467.47031083876783,1393.3114064487431,3933.3759394478984,10
0.13,10,9,2005059,greedy,1456,10,10,6,4,60.0,576.0663136638624,510.436514439411,1010.0865804652756,3456.397881983174,10
0.13,10,9,2005059,global_min_cost,1456,10,10,6,4,60.0,438.46001479165614,323.3334056613354,886.1403862771947,2630.7600887499366,10
0.13,12,9,2005059,greedy,1456,10,10,6,4,60.0,576.0663136638624,510.436514439411,1010.0865804652756,3456.397881983174,10
0.13,12,9,2005059,global_min_cost,1456,10,10,6,4,60.0,438.46001479165614,323.3334056613354,886.1403862771947,2630.7600887499366,10
0.13,14,9,2005059,greedy,1456,10,10,6,4,60.0,572.0613029676803,510.436514439411,1010.0865804652756,3432.3678178060813,10
0.13,14,9,2005059,global_min_cost,1456,10,10,6,4,60.0,434.455004095474,421.2317837334967,776.2269761164869,2606.730024572844,10
0.13,16,9,2005059,greedy,1456,10,10,6,4,60.0,544.6896232009973,510.436514439411,1010.0865804652756,3268.1377392059835,10
0.13,16,9,2005059,global_min_cost,1456,10,10,6,4,60.0,407.0833243287911,287.54107189430823,886.1403862771947,2442.499945972746,10
0.13,20,9,2005059,greedy,1456,10,10,6,4,60.0,544.6896232009973,510.436514439411,1010.0865804652756,3268.1377392059835,10
0.13,20,9,2005059,global_min_cost,1456,10,10,6,4,60.0,407.0833243287911,287.54107189430823,886.1403862771947,2442.499945972746,10
0.13,24,9,2005059,greedy,1456,10,10,6,4,60.0,416.8970557456457,476.2130194226861,660.9323731159454,2501.382334473874,10
0.13,24,9,2005059,global_min_cost,1456,10,10,6,4,60.0,322.596214850664,287.54107189430823,632.6790578428133,1935.577289103984,10
0.13,32,9,2005059,greedy,1456,10,10,6,4,60.0,372.6807750477664,343.56417732904833,660.9323731159454,2236.0846502865984,10
0.13,32,9,2005059,global_min_cost,1456,10,10,6,4,60.0,279.9740776010825,264.805639961378,527.5480780269991,1679.844465606495,10
0.13,8,10,2005060,greedy,1492,10,10,7,3,70.0,1433.2920258288468,1062.7101405526214,2970.4941606861325,10033.044180801928,11
0.13,8,10,2005060,global_min_cost,1492,10,10,7,3,70.0,898.4166254920947,638.2331388840385,1770.9744020250519,6288.916378444663,7
0.13,10,10,2005060,greedy,1492,10,10,8,2,80.0,806.662699016736,448.4352916333396,1799.7014346455205,6453.301592133888,6
0.13,10,10,2005060,global_min_cost,1492,10,10,8,2,80.0,713.3558059934941,553.3463911382953,1270.11828459067,5706.846447947953,6
0.13,12,10,2005060,greedy,1492,10,10,8,2,80.0,777.483664672078,448.4352916333396,1655.7557893699727,6219.869317376624,6
0.13,12,10,2005060,global_min_cost,1492,10,10,8,2,80.0,684.1767716488362,594.5400025353724,1230.3019591918073,5473.414173190689,6
0.13,14,10,2005060,greedy,1492,10,10,8,2,80.0,541.2640270021138,380.71979943339954,953.1641907445259,4330.11221601691,6
0.13,14,10,2005060,global_min_cost,1492,10,10,8,2,80.0,490.81552221165674,312.3727276351767,919.9883233648577,3926.524177693254,6
0.13,16,10,2005060,greedy,1492,10,10,8,2,80.0,419.60964620120376,315.42509434143835,856.2319229894283,3356.87716960963,6
0.13,16,10,2005060,global_min_cost,1492,10,10,8,2,80.0,326.4461782754592,252.69404363274094,522.6676383657962,2611.569426203673,6
0.13,20,10,2005060,greedy,1492,10,10,8,2,80.0,300.9984309220529,265.79010628213837,475.56040168405514,2407.987447376423,6
0.13,20,10,2005060,global_min_cost,1492,10,10,9,1,90.0,348.21099535368506,257.85263934923364,680.6743507212266,3133.898958183166,4
0.13,24,10,2005060,greedy,1492,10,10,8,2,80.0,300.9984309220529,265.79010628213837,475.56040168405514,2407.987447376423,6
0.13,24,10,2005060,global_min_cost,1492,10,10,9,1,90.0,348.21099535368506,257.85263934923364,680.6743507212266,3133.898958183166,4
0.13,32,10,2005060,greedy,1492,10,10,9,1,90.0,278.70376346580093,240.9698860247882,580.9084649337159,2508.3338711922083,4
0.13,32,10,2005060,global_min_cost,1492,10,10,9,1,90.0,278.70376346580093,240.9698860247882,580.9084649337159,2508.3338711922083,4
0.13,8,11,2005061,greedy,1466,10,10,7,3,70.0,846.5987356255946,810.4888566345229,1495.654539867528,5926.191149379163,8
0.13,8,11,2005061,global_min_cost,1466,10,10,7,3,70.0,785.3988659070765,810.4888566345229,1167.0613203024059,5497.792061349535,8
0.13,10,11,2005061,greedy,1466,10,10,9,1,90.0,902.8159779681498,851.1224233960505,1581.2766582093823,8125.34380171335,2
0.13,10,11,2005061,global_min_cost,1466,10,10,9,1,90.0,869.5728199014412,1003.4033379593509,1430.2251131860369,7826.15537911297,2
0.13,12,11,2005061,greedy,1466,10,10,9,1,90.0,729.5880267057917,851.1224233960505,1313.0496189068483,6566.292240352125,2
0.13,12,11,2005061,global_min_cost,1466,10,10,9,1,90.0,712.6085716631193,810.4888566345229,1133.121255680746,6413.477144968072,2
0.13,14,11,2005061,greedy,1466,10,10,9,1,90.0,631.006872195587,426.45831610352116,1203.574058782387,5679.061849760282,2
0.13,14,11,2005061,global_min_cost,1466,10,10,9,1,90.0,630.6138164522745,491.5654534425016,1133.121255680746,5675.52434807047,2
0.13,16,11,2005061,greedy,1466,10,10,9,1,90.0,590.3816138833006,405.85725836466895,1151.4883489112028,5313.4345249497055,2
0.13,16,11,2005061,global_min_cost,1466,10,10,9,1,90.0,557.8724805214888,426.45831610352116,1133.121255680746,5020.8523246934,2
0.13,20,11,2005061,greedy,1466,10,10,9,1,90.0,586.2036853875825,405.85725836466895,1133.121255680746,5275.833168488241,2
0.13,20,11,2005061,global_min_cost,1466,10,10,9,1,90.0,557.8724805214888,426.45831610352116,1133.121255680746,5020.8523246934,2
0.13,24,11,2005061,greedy,1466,10,10,9,1,90.0,306.50943508384916,188.99478578592414,627.1399503359478,2758.5849157546427,2
0.13,24,11,2005061,global_min_cost,1466,10,10,9,1,90.0,299.02077142158197,188.99478578592414,556.5992179548211,2691.186942794238,2
0.13,32,11,2005061,greedy,1466,10,10,9,1,90.0,214.45024077386395,154.46161527486876,408.11219172917583,1930.0521669647758,2
0.13,32,11,2005061,global_min_cost,1466,10,10,9,1,90.0,214.45024077386395,154.46161527486876,408.11219172917583,1930.0521669647758,2
0.13,8,12,2005062,greedy,1468,10,10,8,2,80.0,1606.168140772554,820.5977040722494,4419.5763896364715,12849.345126180433,9
0.13,8,12,2005062,global_min_cost,1468,10,10,8,2,80.0,1433.749470934423,721.7840416148538,3783.330126045354,11469.995767475386,10
0.13,10,12,2005062,greedy,1468,10,10,9,1,90.0,1562.9967932023533,766.5535482407192,4229.040710605423,14066.97113882118,5
0.13,10,12,2005062,global_min_cost,1468,10,10,9,1,90.0,1471.2722347472927,1012.7101381819608,3724.7546445093794,13241.450112725634,5
0.13,12,12,2005062,greedy,1468,10,10,9,1,90.0,1562.9967932023533,766.5535482407192,4229.040710605423,14066.97113882118,5
0.13,12,12,2005062,global_min_cost,1468,10,10,9,1,90.0,1471.2722347472927,1012.7101381819608,3721.6070740336413,13241.450112725634,5
0.13,14,12,2005062,greedy,1468,10,10,9,1,90.0,1495.4070031931792,766.5535482407192,3902.659788897888,13458.663028738612,5
0.13,14,12,2005062,global_min_cost,1468,10,10,9,1,90.0,1403.6824447381182,1154.7481833879099,3234.9605859675844,12633.142002643064,5
0.13,16,12,2005062,greedy,1468,10,10,9,1,90.0,1464.7417791337311,766.5535482407192,3902.659788897888,13182.676012203581,5
0.13,16,12,2005062,global_min_cost,1468,10,10,9,1,90.0,1373.0172206786701,946.3250738715537,3430.7726411370236,12357.154986108033,5
0.13,20,12,2005062,greedy,1468,10,10,9,1,90.0,1464.3740221200587,766.5535482407192,3902.659788897888,13179.366199080529,5
0.13,20,12,2005062,global_min_cost,1468,10,10,9,1,90.0,1372.6494636649977,1154.7481833879099,3226.0533414460024,12353.84517298498,5
0.13,24,12,2005062,greedy,1468,10,10,9,1,90.0,508.13090902926547,386.24830716823755,873.5937600216056,4573.178181263389,5
0.13,24,12,2005062,global_min_cost,1468,10,10,10,0,100.0,534.4546685414482,347.3236124990401,901.5822272945736,5344.5466854144815,0
0.13,32,12,2005062,greedy,1468,10,10,10,0,100.0,279.0787386668983,213.9209944503404,467.88559615509087,2790.7873866689824,0
0.13,32,12,2005062,global_min_cost,1468,10,10,10,0,100.0,260.8886483231126,210.26557209631255,374.35203012126783,2608.8864832311256,0
0.13,8,13,2005063,greedy,1477,10,10,6,4,60.0,876.2571852825115,618.9451524996889,1678.8852234001095,5257.5431116950695,10
0.13,8,13,2005063,global_min_cost,1477,10,10,6,4,60.0,640.9097865781434,395.82078801324553,1333.1327125007392,3845.4587194688606,9
0.13,10,13,2005063,greedy,1477,10,10,8,2,80.0,1383.6201567340545,618.9451524996889,3623.0340903009355,11068.961253872436,4
0.13,10,13,2005063,global_min_cost,1477,10,10,8,2,80.0,603.2737583746762,460.4786666688435,1196.0218138639495,4826.190066997409,6
0.13,12,13,2005063,greedy,1477,10,10,10,0,100.0,1341.7383313647672,787.8570788799559,3602.438487842355,13417.383313647673,0
0.13,12,13,2005063,global_min_cost,1477,10,10,10,0,100.0,682.3696200489791,640.3882786711099,1110.1697150369334,6823.6962004897905,0
0.13,14,13,2005063,greedy,1477,10,10,10,0,100.0,721.3416110801764,530.4697517196527,1309.5055908604102,7213.416110801764,0
0.13,14,13,2005063,global_min_cost,1477,10,10,10,0,100.0,527.891341990586,543.6354004537745,819.9184946792766,5278.913419905861,0
0.13,16,13,2005063,greedy,1477,10,10,10,0,100.0,617.7216693496548,522.1443767273856,1236.644121238559,6177.216693496548,0
0.13,16,13,2005063,global_min_cost,1477,10,10,10,0,100.0,461.1067224852931,493.9628565646642,747.7667909656003,4611.067224852931,0
0.13,20,13,2005063,greedy,1477,10,10,10,0,100.0,347.27745964336174,233.82645007358744,617.4032974749632,3472.774596433617,0
0.13,20,13,2005063,global_min_cost,1477,10,10,10,0,100.0,346.17229508042885,262.9528107970333,599.960728453961,3461.7229508042883,0
0.13,24,13,2005063,greedy,1477,10,10,10,0,100.0,316.36208048234664,204.31535426417355,596.512278995268,3163.6208048234666,0
0.13,24,13,2005063,global_min_cost,1477,10,10,10,0,100.0,316.36208048234664,204.31535426417355,716.7307458373646,3163.620804823466,0
0.13,32,13,2005063,greedy,1477,10,10,10,0,100.0,301.24359509138935,204.31535426417355,596.512278995268,3012.4359509138935,0
0.13,32,13,2005063,global_min_cost,1477,10,10,10,0,100.0,301.24359509138935,204.31535426417355,716.7307458373646,3012.435950913893,0
0.13,8,14,2005064,greedy,1537,10,10,8,2,80.0,844.1213678151629,823.1123812617533,1498.499891828942,6752.970942521303,3
0.13,8,14,2005064,global_min_cost,1537,10,10,8,2,80.0,651.8773550694631,634.0139619030919,1090.2365935279615,5215.018840555705,6
0.13,10,14,2005064,greedy,1537,10,10,10,0,100.0,1082.0944986009376,1027.8022889320132,1875.1425490649713,10820.944986009377,0
0.13,10,14,2005064,global_min_cost,1537,10,10,10,0,100.0,939.8701933316502,1027.4344935381873,1641.8314195964967,9398.7019333165,0
0.13,12,14,2005064,greedy,1537,10,10,10,0,100.0,782.0718304128729,405.9119549484593,1690.817759423658,7820.71830412873,0
0.13,12,14,2005064,global_min_cost,1537,10,10,10,0,100.0,705.1142994752065,453.4983494691718,1540.035309432234,7051.142994752064,0
0.13,14,14,2005064,greedy,1537,10,10,10,0,100.0,670.1534344108991,355.0283423077302,1360.9375083941172,6701.53434410899,0
0.13,14,14,2005064,global_min_cost,1537,10,10,10,0,100.0,506.2545850164855,277.85440746809047,1114.5252492498648,5062.5458501648545,0
0.13,16,14,2005064,greedy,1537,10,10,10,0,100.0,422.7657787409489,277.85440746809047,826.113802425637,4227.657787409489,0
0.13,16,14,2005064,global_min_cost,1537,10,10,10,0,100.0,422.7657787409489,277.85440746809047,826.113802425637,4227.657787409489,0
0.13,20,14,2005064,greedy,1537,10,10,10,0,100.0,376.0553710181535,277.85440746809047,618.7360206257498,3760.5537101815353,0
0.13,20,14,2005064,global_min_cost,1537,10,10,10,0,100.0,376.0553710181535,277.85440746809047,618.7360206257498,3760.553710181535,0
0.13,24,14,2005064,greedy,1537,10,10,10,0,100.0,368.12784513233817,273.86037731564664,618.7360206257498,3681.278451323382,0
0.13,24,14,2005064,global_min_cost,1537,10,10,10,0,100.0,359.11738424312654,273.86037731564664,630.2498182034044,3591.1738424312653,0
0.13,32,14,2005064,greedy,1537,10,10,10,0,100.0,281.48028535766105,249.52370223413186,430.6069255972221,2814.8028535766107,0
0.13,32,14,2005064,global_min_cost,1537,10,10,10,0,100.0,281.48028535766105,249.52370223413186,430.6069255972221,2814.80285357661,0
0.13,8,15,2005065,greedy,1472,10,10,7,3,70.0,873.7064537483573,745.1412711559267,1626.6835992282618,6115.945176238501,12
0.13,8,15,2005065,global_min_cost,1472,10,10,7,3,70.0,568.59476602773,275.53469779682615,1270.677990087917,3980.1633621941096,10
0.13,10,15,2005065,greedy,1472,10,10,9,1,90.0,837.3172200186566,655.7748920594795,1514.8408811132463,7535.85498016791,5
0.13,10,15,2005065,global_min_cost,1472,10,10,9,1,90.0,575.46269663756,275.53469779682615,1265.3523136522044,5179.164269738041,3
0.13,12,15,2005065,greedy,1472,10,10,10,0,100.0,571.4283557309933,495.459158062642,1079.5288615333022,5714.283557309934,0
0.13,12,15,2005065,global_min_cost,1472,10,10,10,0,100.0,511.4443489994009,418.35747109900956,880.0685564651445,5114.44348999401,0
0.13,14,15,2005065,greedy,1472,10,10,10,0,100.0,470.75670310225,425.11234538761414,888.5327003279566,4707.5670310225,0
0.13,14,15,2005065,global_min_cost,1472,10,10,10,0,100.0,385.76447996950793,276.64748930906035,781.0322762166825,3857.644799695079,0
0.13,16,15,2005065,greedy,1472,10,10,10,0,100.0,470.75670310225,425.11234538761414,888.5327003279566,4707.5670310225,0
0.13,16,15,2005065,global_min_cost,1472,10,10,10,0,100.0,385.76447996950793,276.64748930906035,765.8476861548586,3857.644799695079,0
0.13,20,15,2005065,greedy,1472,10,10,10,0,100.0,382.96202033669346,314.4504893572983,598.8004887725295,3829.620203366934,0
0.13,20,15,2005065,global_min_cost,1472,10,10,10,0,100.0,364.5242275519531,289.44188175523425,695.5875270698654,3645.242275519531,0
0.13,24,15,2005065,greedy,1472,10,10,10,0,100.0,373.90469305798365,314.4504893572983,598.8004887725295,3739.046930579836,0
0.13,24,15,2005065,global_min_cost,1472,10,10,10,0,100.0,355.4669002732433,289.44188175523425,695.5875270698654,3554.669002732433,0
0.13,32,15,2005065,greedy,1472,10,10,10,0,100.0,218.8954012293177,161.69856615912073,533.8974421827669,2188.9540122931776,0
0.13,32,15,2005065,global_min_cost,1472,10,10,10,0,100.0,218.8954012293177,161.69856615912073,533.8974421827669,2188.954012293177,0
0.13,8,16,2005066,greedy,1422,10,10,6,4,60.0,1027.050020644756,942.0784376525241,1637.3363340601004,6162.300123868535,15
0.13,8,16,2005066,global_min_cost,1422,10,10,6,4,60.0,661.7387094075676,603.6800734305259,1206.1214592739848,3970.432256445405,9
0.13,10,16,2005066,greedy,1422,10,10,7,3,70.0,981.9791920504987,983.1650897150132,1427.201527777214,6873.854344353491,12
0.13,10,16,2005066,global_min_cost,1422,10,10,7,3,70.0,631.2235274965589,544.7180298410608,1338.5614346242385,4418.564692475912,8
0.13,12,16,2005066,greedy,1422,10,10,7,3,70.0,981.9791920504987,983.1650897150132,1427.201527777214,6873.854344353491,12
0.13,12,16,2005066,global_min_cost,1422,10,10,7,3,70.0,631.223527496559,544.7180298410608,1181.1421274988893,4418.564692475912,8
0.13,14,16,2005066,greedy,1422,10,10,9,1,90.0,1074.2186941913183,1081.224800398507,1883.730658018338,9667.968247721865,5
0.13,14,16,2005066,global_min_cost,1422,10,10,9,1,90.0,732.3326840181719,549.0521977396223,1372.5897707614597,6590.994156163548,1
0.13,16,16,2005066,greedy,1422,10,10,10,0,100.0,971.4977054716162,889.4092430601793,1666.93176327384,9714.977054716162,0
0.13,16,16,2005066,global_min_cost,1422,10,10,10,0,100.0,725.6634856425486,570.1760424185475,1361.2330900489312,7256.634856425487,0
0.13,20,16,2005066,greedy,1422,10,10,10,0,100.0,653.7680082302514,696.9284000037522,949.5999857621241,6537.680082302514,0
0.13,20,16,2005066,global_min_cost,1422,10,10,10,0,100.0,514.6221440983393,532.9002804676181,859.9809521244299,5146.221440983392,0
0.13,24,16,2005066,greedy,1422,10,10,10,0,100.0,432.72949857990113,442.1262363486018,679.1493767618575,4327.294985799011,0
0.13,24,16,2005066,global_min_cost,1422,10,10,10,0,100.0,424.2493278668374,419.41742208846927,689.097409632237,4242.493278668374,0
0.13,32,16,2005066,greedy,1422,10,10,10,0,100.0,417.0357648064128,378.16609007500347,678.7953482236785,4170.357648064129,0
0.13,32,16,2005066,global_min_cost,1422,10,10,10,0,100.0,405.6364097873546,406.9589872603397,692.8559074920455,4056.3640978735457,0
0.13,8,17,2005067,greedy,1522,10,10,8,2,80.0,680.4404701369901,673.3400120321962,1100.1741162271455,5443.523761095922,3
0.13,8,17,2005067,global_min_cost,1522,10,10,8,2,80.0,675.6944065428099,626.3906502739544,1100.1741162271455,5405.555252342479,3
0.13,10,17,2005067,greedy,1522,10,10,9,1,90.0,626.0074021593946,645.1977765177587,1093.7533978934798,5634.066619434551,2
0.13,10,17,2005067,global_min_cost,1522,10,10,9,1,90.0,621.7886789645677,687.925883292322,1093.7533978934798,5596.09811068111,2
0.13,12,17,2005067,greedy,1522,10,10,9,1,90.0,552.7950315398649,581.53972178643,950.4483127152452,4975.155283858784,2
0.13,12,17,2005067,global_min_cost,1522,10,10,9,1,90.0,548.5763083450381,551.2990530012751,965.1180936817982,4937.186775105343,2
0.13,14,17,2005067,greedy,1522,10,10,9,1,90.0,505.59739448826224,530.6311499446019,759.8239195120275,4550.37655039436,2
0.13,14,17,2005067,global_min_cost,1522,10,10,9,1,90.0,505.59739448826224,500.39048115944695,777.3681902825366,4550.3765503943605,2
0.13,16,17,2005067,greedy,1522,10,10,9,1,90.0,461.89042687974535,486.20780898703913,749.2916488541263,4157.013841917708,2
0.13,16,17,2005067,global_min_cost,1522,10,10,9,1,90.0,461.89042687974535,336.2020204787488,985.5586739069541,4157.013841917707,2
0.13,20,17,2005067,greedy,1522,10,10,9,1,90.0,460.4131167642248,472.91201794735434,749.2916488541263,4143.718050878024,2
0.13,20,17,2005067,global_min_cost,1522,10,10,9,1,90.0,460.4131167642248,336.2020204787488,944.8318164334917,4143.718050878024,2
0.13,24,17,2005067,greedy,1522,10,10,9,1,90.0,384.35361344354624,301.1156585813398,629.495649507375,3459.182520991916,2
0.13,24,17,2005067,global_min_cost,1522,10,10,9,1,90.0,381.01926234973246,221.58724265679857,749.2916488541263,3429.173361147592,2
0.13,32,17,2005067,greedy,1522,10,10,9,1,90.0,270.56872718177647,190.54285833862988,477.83977542106135,2435.1185446359877,2
0.13,32,17,2005067,global_min_cost,1522,10,10,9,1,90.0,270.56872718177647,190.54285833862988,477.83977542106135,2435.1185446359877,2
0.13,8,18,2005068,greedy,1412,10,10,7,3,70.0,715.9330855426143,440.55760968512527,1467.718030059265,5011.5315987983,10
0.13,8,18,2005068,global_min_cost,1412,10,10,7,3,70.0,675.104440363665,464.98763705520287,1247.3021893885812,4725.731082545654,8
0.13,10,18,2005068,greedy,1412,10,10,8,2,80.0,700.3600100043265,606.6201480284833,1280.8129848989365,5602.880080034613,7
0.13,10,18,2005068,global_min_cost,1412,10,10,8,2,80.0,690.13026152439,636.8549947348782,1197.6779299131704,5521.04209219512,7
0.13,12,18,2005068,greedy,1412,10,10,8,2,80.0,668.4225279354908,543.6311478605076,1280.8129848989365,5347.380223483927,7
0.13,12,18,2005068,global_min_cost,1412,10,10,8,2,80.0,668.4225279354908,460.59657748843205,1382.677514922581,5347.380223483927,7
0.13,14,18,2005068,greedy,1412,10,10,8,2,80.0,643.5878618130348,543.6311478605076,1243.6033846368266,5148.702894504278,7
0.13,14,18,2005068,global_min_cost,1412,10,10,8,2,80.0,643.5878618130348,460.59657748843205,1280.8129848989365,5148.702894504278,7
0.13,16,18,2005068,greedy,1412,10,10,8,2,80.0,624.3507537379809,525.0213835195004,1173.0851796786344,4994.806029903847,7
0.13,16,18,2005068,global_min_cost,1412,10,10,8,2,80.0,624.3507537379809,525.0213835195004,1153.408656193331,4994.806029903848,7
0.13,20,18,2005068,greedy,1412,10,10,8,2,80.0,612.0097697202199,475.6574474484565,1173.0851796786344,4896.078157761759,7
0.13,20,18,2005068,global_min_cost,1412,10,10,8,2,80.0,612.0097697202199,475.6574474484565,1153.408656193331,4896.07815776176,7
0.13,24,18,2005068,greedy,1412,10,10,8,2,80.0,600.1981539954055,452.15963406189405,1173.0851796786344,4801.585231963245,7
0.13,24,18,2005068,global_min_cost,1412,10,10,8,2,80.0,600.1981539954055,452.15963406189405,1153.408656193331,4801.585231963245,7
0.13,32,18,2005068,greedy,1412,10,10,8,2,80.0,499.8922918014572,301.69525977580344,1049.635742182124,3999.1383344116575,7
0.13,32,18,2005068,global_min_cost,1412,10,10,8,2,80.0,459.27611719478296,198.61274348179649,998.3823274498839,3674.2089375582636,7
0.13,8,19,2005069,greedy,1567,10,10,7,3,70.0,770.2849962085933,654.0716131494187,1230.4350576684192,5391.994973460153,12
0.13,8,19,2005069,global_min_cost,1567,10,10,7,3,70.0,534.5526022867103,349.21306682495083,1256.9557295189813,3741.8682160069725,10
0.13,10,19,2005069,greedy,1567,10,10,9,1,90.0,602.0969138064934,337.0072630388667,1145.8930407751757,5418.872224258441,5
0.13,10,19,2005069,global_min_cost,1567,10,10,9,1,90.0,452.70228761331737,324.85965434288545,1252.7029747471504,4074.3205885198568,5
0.13,12,19,2005069,greedy,1567,10,10,9,1,90.0,471.5703219817004,305.1615947448831,1016.9663089056102,4244.132897835304,5
0.13,12,19,2005069,global_min_cost,1567,10,10,9,1,90.0,327.47843769428937,242.21817213760994,608.1382456215424,2947.305939248605,5
0.13,14,19,2005069,greedy,1567,10,10,9,1,90.0,314.186950762579,242.21817213760994,655.9210330182323,2827.682556863211,5
0.13,14,19,2005069,global_min_cost,1567,10,10,9,1,90.0,230.3845312376303,226.33916327970917,437.9161536561302,2073.4607811386727,5
0.13,16,19,2005069,greedy,1567,10,10,9,1,90.0,287.5054585294714,174.82172868220206,655.9210330182323,2587.549126765243,5
0.13,16,19,2005069,global_min_cost,1567,10,10,9,1,90.0,204.45909993031773,156.85009090574033,404.92093969283155,1840.1318993728594,5
0.13,20,19,2005069,greedy,1567,10,10,9,1,90.0,145.36540156355517,71.71216223804838,310.0542333884515,1308.2886140719966,5
0.13,20,19,2005069,global_min_cost,1567,10,10,9,1,90.0,145.36540156355517,71.71216223804838,310.0542333884515,1308.2886140719966,5
0.13,24,19,2005069,greedy,1567,10,10,9,1,90.0,114.46123259490089,71.71216223804838,228.9870002123489,1030.151093354108,5
0.13,24,19,2005069,global_min_cost,1567,10,10,9,1,90.0,114.46123259490089,71.71216223804838,228.9870002123489,1030.151093354108,5
0.13,32,19,2005069,greedy,1567,10,10,9,1,90.0,106.73065500715329,71.71216223804838,228.9870002123489,960.5758950643794,5
0.13,32,19,2005069,global_min_cost,1567,10,10,9,1,90.0,106.73065500715329,71.71216223804838,228.9870002123489,960.5758950643794,5
0.13,8,20,2005070,greedy,1513,10,10,6,4,60.0,1950.0486830139625,1925.2503460976573,2477.8078106071725,11700.292098083775,15
0.13,8,20,2005070,global_min_cost,1513,10,10,6,4,60.0,1391.4736311496026,1685.6531080093087,1916.5821676617277,8348.841786897616,14
0.13,10,20,2005070,greedy,1513,10,10,8,2,80.0,1400.6359590290872,1361.6773708584963,2287.5624052368053,11205.087672232698,6
0.13,10,20,2005070,global_min_cost,1513,10,10,8,2,80.0,1151.3562851719473,1281.5018408387518,1841.0885096106201,9210.850281375579,6
0.13,12,20,2005070,greedy,1513,10,10,8,2,80.0,1027.459492375337,1091.8161362642886,1915.3245053083053,8219.675939002696,6
0.13,12,20,2005070,global_min_cost,1513,10,10,8,2,80.0,822.4555339741936,730.7032752696164,1670.7746224700816,6579.644271793549,6
0.13,14,20,2005070,greedy,1513,10,10,8,2,80.0,662.8396409995822,861.2833690933087,1106.324001352774,5302.717127996659,6
0.13,14,20,2005070,global_min_cost,1513,10,10,8,2,80.0,639.3327181713368,767.3869705184471,936.1391724795717,5114.661745370694,6
0.13,16,20,2005070,greedy,1513,10,10,8,2,80.0,478.35779887783445,433.86851588520074,978.7673533204776,3826.862391022675,6
0.13,16,20,2005070,global_min_cost,1513,10,10,8,2,80.0,452.4250623056897,360.1505622525705,885.9194446765039,3619.4004984455178,6
0.13,20,20,2005070,greedy,1513,10,10,8,2,80.0,423.35095051379255,341.36541511991464,936.5930792010705,3386.8076041103404,6
0.13,20,20,2005070,global_min_cost,1513,10,10,8,2,80.0,408.77352705466336,360.1505622525705,864.4315420487817,3270.1882164373073,6
0.13,24,20,2005070,greedy,1513,10,10,8,2,80.0,423.18578580331877,341.36541511991464,936.1966838959335,3385.4862864265506,6
0.13,24,20,2005070,global_min_cost,1513,10,10,8,2,80.0,394.9664433078228,304.9222272652081,864.4315420487817,3159.731546462582,6
0.13,32,20,2005070,greedy,1513,10,10,8,2,80.0,301.0087271680323,151.46350478468366,633.9083500321069,2408.0698173442584,6
0.13,32,20,2005070,global_min_cost,1513,10,10,8,2,80.0,293.68114912177737,151.46350478468366,633.9083500321069,2349.449192974219,6
0.13,8,21,2005071,greedy,1460,10,10,6,4,60.0,746.9344101919032,550.9663575431348,1462.5923007197903,4481.606461151419,11
0.13,8,21,2005071,global_min_cost,1460,10,10,6,4,60.0,412.36892152162886,408.217106192712,719.1871269843343,2474.213529129773,15
0.13,10,21,2005071,greedy,1460,10,10,8,2,80.0,578.2980640202809,455.85720014830133,1130.8114007704528,4626.384512162246,6
0.13,10,21,2005071,global_min_cost,1460,10,10,8,2,80.0,380.5367470975196,408.217106192712,674.2134314765243,3044.2939767801563,8
0.13,12,21,2005071,greedy,1460,10,10,10,0,100.0,494.72038913778795,445.4607707893814,1037.972310097606,4947.20389137788,0
0.13,12,21,2005071,global_min_cost,1460,10,10,10,0,100.0,439.37325481589187,408.217106192712,880.9366303776868,4393.732548158918,0
0.13,14,21,2005071,greedy,1460,10,10,10,0,100.0,435.60664567120614,409.88834130070586,599.6107458273781,4356.066456712062,0
0.13,14,21,2005071,global_min_cost,1460,10,10,10,0,100.0,378.776434035304,313.172726206933,678.5550005925414,3787.76434035304,0
0.13,16,21,2005071,greedy,1460,10,10,10,0,100.0,283.7796868106897,273.6246836665631,483.5410985143997,2837.796868106897,0
0.13,16,21,2005071,global_min_cost,1460,10,10,10,0,100.0,281.17049562304436,273.6246836665631,476.8441128372723,2811.704956230444,0
0.13,20,21,2005071,greedy,1460,10,10,10,0,100.0,276.6756173091521,273.6246836665631,476.8441128372723,2766.7561730915204,0
0.13,20,21,2005071,global_min_cost,1460,10,10,10,0,100.0,265.6480502661836,241.83144359796705,476.8441128372723,2656.480502661836,0
0.13,24,21,2005071,greedy,1460,10,10,10,0,100.0,217.99551743530535,195.77938103282588,401.2958995021801,2179.9551743530533,0
0.13,24,21,2005071,global_min_cost,1460,10,10,10,0,100.0,209.51103792885107,189.56787422054805,359.75455465618415,2095.1103792885106,0
0.13,32,21,2005071,greedy,1460,10,10,10,0,100.0,188.69833821417546,167.01376565674707,354.9254293206931,1886.9833821417546,0
0.13,32,21,2005071,global_min_cost,1460,10,10,10,0,100.0,183.00399254332953,132.07676003049176,359.75455465618415,1830.0399254332951,0
0.13,8,22,2005072,greedy,1536,10,10,8,2,80.0,1395.0876055121648,1305.7926261409739,2762.8496565829546,11160.700844097319,5
0.13,8,22,2005072,global_min_cost,1536,10,10,8,2,80.0,875.8574896127224,460.4599237914633,2068.4957690979318,7006.859916901778,5
0.13,10,22,2005072,greedy,1536,10,10,9,1,90.0,848.4204528380359,484.3680761874452,1792.296639217371,7635.784075542323,4
0.13,10,22,2005072,global_min_cost,1536,10,10,9,1,90.0,847.9974871891303,484.3680761874452,1792.296639217371,7631.9773847021725,4
0.13,12,22,2005072,greedy,1536,10,10,9,1,90.0,790.788869078692,484.3680761874452,1792.296639217371,7117.099821708226,4
0.13,12,22,2005072,global_min_cost,1536,10,10,9,1,90.0,790.3659034297864,402.8416697594704,1856.0389610383768,7113.293130868077,4
0.13,14,22,2005072,greedy,1536,10,10,9,1,90.0,741.3770346718139,385.5468965169767,1792.296639217371,6672.393312046325,4
0.13,14,22,2005072,global_min_cost,1536,10,10,9,1,90.0,741.3770346718139,385.5468965169767,1792.296639217371,6672.393312046325,4
0.13,16,22,2005072,greedy,1536,10,10,9,1,90.0,732.3190582531627,385.5468965169767,1792.296639217371,6590.871524278464,4
0.13,16,22,2005072,global_min_cost,1536,10,10,9,1,90.0,715.3667593468241,238.0734540051469,1792.296639217371,6438.300834121417,4
0.13,20,22,2005072,greedy,1536,10,10,9,1,90.0,681.6484241238148,298.78709929320866,1581.3510544969952,6134.835817114334,4
0.13,20,22,2005072,global_min_cost,1536,10,10,9,1,90.0,652.4405434025165,238.0734540051469,1552.602511490544,5871.964890622649,4
0.13,24,22,2005072,greedy,1536,10,10,9,1,90.0,570.4107500229568,298.78709929320866,1248.3655230016125,5133.696750206611,4
0.13,24,22,2005072,global_min_cost,1536,10,10,9,1,90.0,549.4627016340546,238.0734540051469,1552.602511490544,4945.1643147064915,4
0.13,32,22,2005072,greedy,1536,10,10,9,1,90.0,420.837351985241,214.92064770432717,837.980491014834,3787.536167867169,4
0.13,32,22,2005072,global_min_cost,1536,10,10,9,1,90.0,409.43584319891005,214.92064770432717,837.980491014834,3684.9225887901907,4
0.13,8,23,2005073,greedy,1459,10,10,7,3,70.0,1635.8974076195723,1566.9464134921252,2799.389659567085,11451.281853337006,10
0.13,8,23,2005073,global_min_cost,1459,10,10,7,3,70.0,1635.897407619572,1308.306950917279,3258.8144903324014,11451.281853337005,10
0.13,10,23,2005073,greedy,1459,10,10,7,3,70.0,1348.4956258928416,1190.705512178286,2312.63061579927,9439.469381249892,10
0.13,10,23,2005073,global_min_cost,1459,10,10,7,3,70.0,1314.4779478008736,1312.9859050104035,2316.4324259981377,9201.345634606116,10
0.13,12,23,2005073,greedy,1459,10,10,7,3,70.0,1074.2562895338222,1072.5468182963727,1690.3134886552803,7519.794026736756,10
0.13,12,23,2005073,global_min_cost,1459,10,10,7,3,70.0,1040.2386114418543,1308.306950917279,1598.1487127324592,7281.67028009298,10
0.13,14,23,2005073,greedy,1459,10,10,7,3,70.0,1074.2562895338222,1072.5468182963727,1690.3134886552803,7519.794026736756,10
0.13,14,23,2005073,global_min_cost,1459,10,10,7,3,70.0,1040.2386114418543,1308.306950917279,1598.1487127324592,7281.67028009298,10
0.13,16,23,2005073,greedy,1459,10,10,7,3,70.0,886.4486896758206,846.2613743801882,1642.7199380947284,6205.140827730744,10
0.13,16,23,2005073,global_min_cost,1459,10,10,7,3,70.0,852.4310115838526,855.2713930295666,1439.9361766854431,5967.017081086969,10
0.13,20,23,2005073,greedy,1459,10,10,7,3,70.0,658.4661011714655,531.8902702451297,1218.1588944472117,4609.262708200258,10
0.13,20,23,2005073,global_min_cost,1459,10,10,7,3,70.0,620.0355115237584,576.5659088729858,1207.382263575628,4340.248580666309,10
0.13,24,23,2005073,greedy,1459,10,10,7,3,70.0,466.7666193023376,531.8902702451297,710.6991502031306,3267.3663351163627,10
0.13,24,23,2005073,global_min_cost,1459,10,10,7,3,70.0,393.91348160338663,408.3033726367975,711.2003995840003,2757.394371223706,10
0.13,32,23,2005073,greedy,1459,10,10,7,3,70.0,316.1354257499925,240.14378195604675,596.3779378478398,2212.9479802499477,10
0.13,32,23,2005073,global_min_cost,1459,10,10,7,3,70.0,316.1354257499925,240.14378195604675,596.3779378478398,2212.9479802499477,10
0.13,8,24,2005074,greedy,1455,10,10,7,3,70.0,804.188329420233,590.814599173172,1567.2538596192992,5629.3183059416315,10
0.13,8,24,2005074,global_min_cost,1455,10,10,7,3,70.0,544.425616538182,590.814599173172,918.2800407474331,3810.9793157672743,9
0.13,10,24,2005074,greedy,1455,10,10,9,1,90.0,683.3497940431049,508.7707800318569,1324.534985956681,6150.1481463879445,1
0.13,10,24,2005074,global_min_cost,1455,10,10,9,1,90.0,683.3497940431049,508.7707800318569,1324.534985956681,6150.148146387944,1
0.13,12,24,2005074,greedy,1455,10,10,9,1,90.0,639.9101860047476,508.7707800318569,1094.8476018107046,5759.19167404273,1
0.13,12,24,2005074,global_min_cost,1455,10,10,9,1,90.0,522.8077832275914,508.7707800318569,960.4110255481918,4705.270049048322,1
0.13,14,24,2005074,greedy,1455,10,10,9,1,90.0,568.5921380786643,508.7707800318569,966.4751155437546,5117.32924270798,1
0.13,14,24,2005074,global_min_cost,1455,10,10,9,1,90.0,522.8077832275914,508.7707800318569,960.4110255481918,4705.270049048322,1
0.13,16,24,2005074,greedy,1455,10,10,9,1,90.0,487.1540597962249,508.7707800318569,813.2693203395785,4384.386538166024,1
0.13,16,24,2005074,global_min_cost,1455,10,10,9,1,90.0,487.1540597962249,508.7707800318569,813.2693203395785,4384.3865381660235,1
0.13,20,24,2005074,greedy,1455,10,10,9,1,90.0,378.69229712253684,301.1952285902673,791.5784100439317,3408.2306741028315,1
0.13,20,24,2005074,global_min_cost,1455,10,10,9,1,90.0,370.85499741725454,179.33771167830812,791.5784100439317,3337.694976755291,1
0.13,24,24,2005074,greedy,1455,10,10,9,1,90.0,342.3819968908694,177.93197125754253,791.5784100439317,3081.4379720178254,1
0.13,24,24,2005074,global_min_cost,1455,10,10,9,1,90.0,342.3819968908694,177.93197125754253,791.5784100439317,3081.437972017825,1
0.13,32,24,2005074,greedy,1455,10,10,9,1,90.0,339.5892024944627,177.93197125754253,786.5513801303997,3056.3028224501645,1
0.13,32,24,2005074,global_min_cost,1455,10,10,9,1,90.0,336.3935946010578,177.93197125754253,786.5513801303997,3027.5423514095205,1
0.13,8,25,2005075,greedy,1500,10,10,6,4,60.0,740.131654503611,284.226570662487,1779.6629699499088,4440.789927021666,14
0.13,8,25,2005075,global_min_cost,1500,10,10,6,4,60.0,222.11131584028186,203.66961737599797,306.15890724641054,1332.6678950416913,15
0.13,10,25,2005075,greedy,1500,10,10,7,3,70.0,813.4699313857064,372.8045026734681,1759.020563880559,5694.289519699945,11
0.13,10,25,2005075,global_min_cost,1500,10,10,7,3,70.0,269.0673944616546,209.10680313792415,445.0377652650637,1883.4717612315821,10
0.13,12,25,2005075,greedy,1500,10,10,9,1,90.0,561.8563063854381,372.8045026734681,1192.4698423564228,5056.706757468943,4
0.13,12,25,2005075,global_min_cost,1500,10,10,9,1,90.0,402.90480136840307,239.51331181935302,821.7634682126,3626.1432123156274,4
0.13,14,25,2005075,greedy,1500,10,10,10,0,100.0,502.55776173637844,361.3184618158633,1181.7924724312857,5025.577617363784,0
0.13,14,25,2005075,global_min_cost,1500,10,10,10,0,100.0,460.4766281709801,311.0859911785061,935.5468711193965,4604.766281709801,0
0.13,16,25,2005075,greedy,1500,10,10,10,0,100.0,468.5052410621644,290.9556529056961,1181.7924724312857,4685.052410621644,0
0.13,16,25,2005075,global_min_cost,1500,10,10,10,0,100.0,460.4766281709801,311.0859911785061,881.8631198772379,4604.766281709801,0
0.13,20,25,2005075,greedy,1500,10,10,10,0,100.0,467.55785510015966,290.9556529056961,1181.7924724312857,4675.578551001597,0
0.13,20,25,2005075,global_min_cost,1500,10,10,10,0,100.0,460.4766281709801,311.0859911785061,881.8631198772379,4604.766281709801,0
0.13,24,25,2005075,greedy,1500,10,10,10,0,100.0,356.56400970932236,233.83207261581504,651.7147307913028,3565.6400970932236,0
0.13,24,25,2005075,global_min_cost,1500,10,10,10,0,100.0,356.56400970932236,280.7609900719131,609.0923192370166,3565.6400970932236,0
0.13,32,25,2005075,greedy,1500,10,10,10,0,100.0,356.56400970932236,233.83207261581504,651.7147307913028,3565.6400970932236,0
0.13,32,25,2005075,global_min_cost,1500,10,10,10,0,100.0,356.56400970932236,280.7609900719131,609.0923192370166,3565.6400970932236,0
0.13,8,26,2005076,greedy,1449,10,10,8,2,80.0,729.4979404358376,196.30542879997688,2031.0666774077774,5835.9835234867005,5
0.13,8,26,2005076,global_min_cost,1449,10,10,8,2,80.0,717.2356409213353,434.09604853594954,1806.0469831535245,5737.885127370681,5
0.13,10,26,2005076,greedy,1449,10,10,9,1,90.0,716.6071157694955,204.10368333903006,1918.0102542648685,6449.464041925459,4
0.13,10,26,2005076,global_min_cost,1449,10,10,9,1,90.0,705.7072939788268,466.3640237727026,1735.5064629126764,6351.365645809441,4
0.13,12,26,2005076,greedy,1449,10,10,9,1,90.0,534.5669328013136,204.10368333903006,1165.4721732239605,4811.102395211822,4
0.13,12,26,2005076,global_min_cost,1449,10,10,9,1,90.0,465.0912395919952,204.10368333903006,982.9683818717681,4185.8211563279565,4
0.13,14,26,2005076,greedy,1449,10,10,9,1,90.0,292.9106724754741,204.10368333903006,557.5186774071761,2636.196052279267,4
0.13,14,26,2005076,global_min_cost,1449,10,10,9,1,90.0,279.8274237352313,243.19258063766466,493.9405648143547,2518.4468136170817,4
0.13,16,26,2005076,greedy,1449,10,10,9,1,90.0,280.17312943334264,188.50717426092368,549.0680649152712,2521.5581649000833,4
0.13,16,26,2005076,global_min_cost,1449,10,10,9,1,90.0,267.0898806930999,243.19258063766466,428.2920830448105,2403.8089262378985,4
0.13,20,26,2005076,greedy,1449,10,10,9,1,90.0,231.73239288065813,181.22383468069378,443.17841472124087,2085.5915359259234,4
0.13,20,26,2005076,global_min_cost,1449,10,10,9,1,90.0,231.73239288065815,188.50717426092368,392.9012849399111,2085.5915359259234,4
0.13,24,26,2005076,greedy,1449,10,10,9,1,90.0,227.98658908200798,179.91432687676505,436.6978694444564,2051.8793017380717,4
0.13,24,26,2005076,global_min_cost,1449,10,10,9,1,90.0,207.68210863072375,181.22383468069378,388.5740907439099,1869.1389776765136,4
0.13,32,26,2005076,greedy,1449,10,10,9,1,90.0,227.98658908200798,179.91432687676505,436.6978694444564,2051.8793017380717,4
0.13,32,26,2005076,global_min_cost,1449,10,10,9,1,90.0,207.68210863072375,181.22383468069378,392.9012849399111,1869.1389776765138,4
0.13,8,27,2005077,greedy,1478,10,10,8,2,80.0,992.5001874953246,1095.6889881294053,1486.3254626114037,7940.001499962596,5
0.13,8,27,2005077,global_min_cost,1478,10,10,8,2,80.0,838.3549255551334,829.6674207469907,1472.3872148217158,6706.839404441067,8
0.13,10,27,2005077,greedy,1478,10,10,9,1,90.0,993.6091235082856,1135.8895494473445,1502.6014408756675,8942.48211157457,3
0.13,10,27,2005077,global_min_cost,1478,10,10,9,1,90.0,895.4682311188196,1185.919267456024,1450.6819679095643,8059.214080069376,3
0.13,12,27,2005077,greedy,1478,10,10,9,1,90.0,835.868932482596,689.6282313762671,1248.142603124891,7522.820392343366,3
0.13,12,27,2005077,global_min_cost,1478,10,10,9,1,90.0,801.4091537597304,689.6282313762671,1293.4984815832486,7212.682383837574,3
0.13,14,27,2005077,greedy,1478,10,10,9,1,90.0,835.1478975334218,689.6282313762671,1246.844740216377,7516.331077800796,3
0.13,14,27,2005077,global_min_cost,1478,10,10,9,1,90.0,800.6881188105561,689.6282313762671,1292.2006186747346,7206.1930692950045,3
0.13,16,27,2005077,greedy,1478,10,10,9,1,90.0,835.1478975334218,689.6282313762671,1246.844740216377,7516.331077800796,3
0.13,16,27,2005077,global_min_cost,1478,10,10,9,1,90.0,800.6881188105561,689.6282313762671,1292.2006186747346,7206.1930692950045,3
0.13,20,27,2005077,greedy,1478,10,10,9,1,90.0,521.6920341219152,405.3970354356618,1070.7856938657342,4695.228307097237,3
0.13,20,27,2005077,global_min_cost,1478,10,10,9,1,90.0,495.6922227601129,357.11813292575414,1060.69247119098,4461.230004841015,3
0.13,24,27,2005077,greedy,1478,10,10,9,1,90.0,427.3773787347779,357.11813292575414,656.9351444612977,3846.396408613001,3
0.13,24,27,2005077,global_min_cost,1478,10,10,9,1,90.0,387.5700096162898,280.06475448955365,640.3770439447762,3488.130086546608,3
0.13,32,27,2005077,greedy,1478,10,10,9,1,90.0,277.9417061103866,280.06475448955365,473.0244595112296,2501.475354993479,3
0.13,32,27,2005077,global_min_cost,1478,10,10,9,1,90.0,268.13387353861066,214.89842554452858,425.79071423596605,2413.204861847496,3
0.13,8,28,2005078,greedy,1457,10,10,7,3,70.0,1136.3744535224077,545.0129719342593,2925.4571807201623,7954.621174656855,7
0.13,8,28,2005078,global_min_cost,1457,10,10,7,3,70.0,656.2817818017759,868.1630906373947,1147.2857633841065,4593.9724726124305,7
0.13,10,28,2005078,greedy,1457,10,10,9,1,90.0,799.0372678767694,574.7147437286485,1835.294144503088,7191.335410890925,3
0.13,10,28,2005078,global_min_cost,1457,10,10,9,1,90.0,678.7921385201693,462.3648393397553,1290.1745833842103,6109.129246681522,3
0.13,12,28,2005078,greedy,1457,10,10,9,1,90.0,431.8996166851021,377.3908460098965,696.8946376139729,3887.0965501659193,3
0.13,12,28,2005078,global_min_cost,1457,10,10,9,1,90.0,417.8104279211975,236.95120127032604,925.950411077599,3760.293851290778,3
0.13,14,28,2005078,greedy,1457,10,10,9,1,90.0,373.0390205414303,236.95120127032604,691.1917335506021,3357.3511848728735,3
0.13,14,28,2005078,global_min_cost,1457,10,10,9,1,90.0,362.73196276876513,236.95120127032604,601.3118100394876,3264.5876649188867,3
0.13,16,28,2005078,greedy,1457,10,10,9,1,90.0,365.55606493182455,236.95120127032604,677.7224134533117,3290.0045843864214,3
0.13,16,28,2005078,global_min_cost,1457,10,10,9,1,90.0,355.24900715915936,236.95120127032604,587.8424899421972,3197.2410644324345,3
0.13,20,28,2005078,greedy,1457,10,10,9,1,90.0,275.08151378567504,236.95120127032604,419.21258296382695,2475.733624071075,3
0.13,20,28,2005078,global_min_cost,1457,10,10,9,1,90.0,241.43619663559355,236.95120127032604,373.4436926143819,2172.925769720342,3
0.13,24,28,2005078,greedy,1457,10,10,9,1,90.0,272.8539070502568,236.95120127032604,419.21258296382695,2455.6851634523114,3
0.13,24,28,2005078,global_min_cost,1457,10,10,9,1,90.0,239.20858990017533,236.95120127032604,373.4436926143819,2152.877309101578,3
0.13,32,28,2005078,greedy,1457,10,10,9,1,90.0,215.43626957428188,221.15917180515638,373.4436926143819,1938.9264261685369,3
0.13,32,28,2005078,global_min_cost,1457,10,10,9,1,90.0,215.43626957428188,221.15917180515638,373.4436926143819,1938.9264261685369,3
0.13,8,29,2005079,greedy,1446,10,10,7,3,70.0,1151.1203726001381,605.816738691121,2311.298817205597,8057.842608200967,9
0.13,8,29,2005079,global_min_cost,1446,10,10,7,3,70.0,936.4522685414203,429.6622946813922,2338.387947026086,6555.165879789943,12
0.13,10,29,2005079,greedy,1446,10,10,9,1,90.0,882.3451502533566,462.10486608938976,2438.5936932245254,7941.106352280209,2
0.13,10,29,2005079,global_min_cost,1446,10,10,9,1,90.0,832.9522453940159,589.8784144765091,2090.394976576592,7496.570208546143,5
0.13,12,29,2005079,greedy,1446,10,10,10,0,100.0,786.6379024805661,439.40771365246474,2315.2219772435647,7866.379024805661,0
0.13,12,29,2005079,global_min_cost,1446,10,10,10,0,100.0,748.777731503176,432.8819238372908,2228.5109128914855,7487.77731503176,0
0.13,14,29,2005079,greedy,1446,10,10,10,0,100.0,514.2963904080686,439.40771365246474,820.6651036038367,5142.963904080687,0
0.13,14,29,2005079,global_min_cost,1446,10,10,10,0,100.0,411.28147322346797,424.9127617299848,710.295106681752,4112.8147322346795,0
0.13,16,29,2005079,greedy,1446,10,10,10,0,100.0,389.2740412451874,349.77556879563446,711.9922091573492,3892.7404124518735,0
0.13,16,29,2005079,global_min_cost,1446,10,10,10,0,100.0,376.5849452721581,336.8452887418672,726.3367009505,3765.849452721581,0
0.13,20,29,2005079,greedy,1446,10,10,10,0,100.0,318.1587252940248,268.183962540443,623.435228773934,3181.5872529402477,0
0.13,20,29,2005079,global_min_cost,1446,10,10,10,0,100.0,305.4696293209956,246.5981148514182,591.5926588852316,3054.696293209955,0
0.13,24,29,2005079,greedy,1446,10,10,10,0,100.0,318.1587252940248,268.183962540443,623.435228773934,3181.5872529402477,0
0.13,24,29,2005079,global_min_cost,1446,10,10,10,0,100.0,305.4696293209956,239.47686431892453,591.5926588852316,3054.6962932099555,0
0.13,32,29,2005079,greedy,1446,10,10,10,0,100.0,241.60723827261134,210.32308337409887,430.4904722976737,2416.0723827261136,0
0.13,32,29,2005079,global_min_cost,1446,10,10,10,0,100.0,233.93845607485727,200.78688753731433,421.11313536885893,2339.3845607485728,0
0.13,8,30,2005080,greedy,1445,10,10,7,3,70.0,1362.2268891897497,1369.9428992521762,2635.4773675601973,9535.588224328249,14
0.13,8,30,2005080,global_min_cost,1445,10,10,7,3,70.0,823.7384295612183,335.93316321451096,1893.1483027955942,5766.169006928528,5
0.13,10,30,2005080,greedy,1445,10,10,9,1,90.0,1058.3626019059705,970.5209787254703,1824.8056010739992,9525.263417153736,4
0.13,10,30,2005080,global_min_cost,1445,10,10,9,1,90.0,842.414405567672,335.93316321451096,1742.7743993917977,7581.729650109048,2
0.13,12,30,2005080,greedy,1445,10,10,10,0,100.0,1153.1364751291492,1002.2046193948524,2040.3707405018165,11531.364751291492,0
0.13,12,30,2005080,global_min_cost,1445,10,10,10,0,100.0,917.9021357008237,480.2606598732384,1968.0538926576758,9179.021357008236,0
0.13,14,30,2005080,greedy,1445,10,10,10,0,100.0,736.9137075223467,534.8995084273281,1604.3869753637591,7369.137075223467,0
0.13,14,30,2005080,global_min_cost,1445,10,10,10,0,100.0,552.0083746695309,328.63265968176984,1251.3906106595753,5520.08374669531,0
0.13,16,30,2005080,greedy,1445,10,10,10,0,100.0,528.8156587685115,303.86274028930137,1145.5009847593083,5288.156587685115,0
0.13,16,30,2005080,global_min_cost,1445,10,10,10,0,100.0,402.21485501819376,320.26205969180324,683.5800985535869,4022.148550181938,0
0.13,20,30,2005080,greedy,1445,10,10,10,0,100.0,247.23738859861453,249.1081362066939,349.61028028737115,2472.373885986145,0
0.13,20,30,2005080,global_min_cost,1445,10,10,10,0,100.0,247.23738859861453,249.1081362066939,349.61028028737115,2472.3738859861455,0
0.13,24,30,2005080,greedy,1445,10,10,10,0,100.0,247.23738859861453,249.1081362066939,349.61028028737115,2472.373885986145,0
0.13,24,30,2005080,global_min_cost,1445,10,10,10,0,100.0,247.23738859861453,251.78850596319919,349.61028028737115,2472.3738859861455,0
0.13,32,30,2005080,greedy,1445,10,10,10,0,100.0,223.8883054257326,213.01902905844287,306.7108736100972,2238.883054257326,0
0.13,32,30,2005080,global_min_cost,1445,10,10,10,0,100.0,209.99086802388493,187.14728919469758,324.2596625242281,2099.9086802388492,0
0.13,8,31,2005081,greedy,1418,10,10,4,6,40.0,582.7940138097116,437.97386664296926,991.3651884646749,2331.1760552388464,23
0.13,8,31,2005081,global_min_cost,1418,10,10,4,6,40.0,270.50095197378056,249.6949426213418,447.0222626607799,1082.0038078951222,21
0.13,10,31,2005081,greedy,1418,10,10,6,4,60.0,437.6833557342552,345.00846154930343,691.0688427501383,2626.100134405531,17
0.13,10,31,2005081,global_min_cost,1418,10,10,6,4,60.0,398.9538098311881,368.53542970740114,691.0688427501383,2393.7228589871283,14
0.13,12,31,2005081,greedy,1418,10,10,8,2,80.0,650.4824859171309,354.04651376229873,1406.0300646596004,5203.859887337047,8
0.13,12,31,2005081,global_min_cost,1418,10,10,8,2,80.0,388.4090063706005,376.3411481294613,700.5976921399961,3107.2720509648043,6
0.13,14,31,2005081,greedy,1418,10,10,10,0,100.0,452.1217691238456,292.3086266418561,774.9965261281565,4521.217691238456,0
0.13,14,31,2005081,global_min_cost,1418,10,10,10,0,100.0,395.70971531889353,378.00896459802027,652.1401329755288,3957.097153188936,0
0.13,16,31,2005081,greedy,1418,10,10,10,0,100.0,393.6974462670694,277.64912262527173,741.142861949319,3936.9744626706934,0
0.13,16,31,2005081,global_min_cost,1418,10,10,10,0,100.0,337.28539246211733,297.2187740069862,541.2873920238599,3372.853924621173,0
0.13,20,31,2005081,greedy,1418,10,10,10,0,100.0,190.32654070015997,159.08398858925386,321.03592663640586,1903.2654070015997,0
0.13,20,31,2005081,global_min_cost,1418,10,10,10,0,100.0,171.91399538803776,159.08398858925386,302.39678148471387,1719.1399538803778,0
0.13,24,31,2005081,greedy,1418,10,10,10,0,100.0,153.86822307217406,159.08398858925386,261.4996524813578,1538.6822307217406,0
0.13,24,31,2005081,global_min_cost,1418,10,10,10,0,100.0,153.86822307217406,159.08398858925386,261.4996524813578,1538.6822307217406,0
0.13,32,31,2005081,greedy,1418,10,10,10,0,100.0,136.9355284631424,118.03475239989083,224.97832421879778,1369.3552846314242,0
0.13,32,31,2005081,global_min_cost,1418,10,10,10,0,100.0,136.9355284631424,118.03475239989083,224.97832421879778,1369.355284631424,0
0.13,8,32,2005082,greedy,1507,10,10,5,5,50.0,977.4238410480523,957.2689606017375,1588.066364837186,4887.119205240262,17
0.13,8,32,2005082,global_min_cost,1507,10,10,5,5,50.0,618.6835223530945,552.3781519268463,1108.737402565387,3093.417611765473,15
0.13,10,32,2005082,greedy,1507,10,10,7,3,70.0,1011.5478515912955,1113.2257701400833,1464.9735744150726,7080.834961139069,10
0.13,10,32,2005082,global_min_cost,1507,10,10,7,3,70.0,706.2388837400696,538.8178379085402,1245.9507106585213,4943.672186180487,7
0.13,12,32,2005082,greedy,1507,10,10,8,2,80.0,991.3333910772767,920.7234698510886,1702.5740874944638,7930.667128618214,8
0.13,12,32,2005082,global_min_cost,1507,10,10,8,2,80.0,726.6410485685232,672.1533171328606,1269.1702897256,5813.128388548185,6
0.13,14,32,2005082,greedy,1507,10,10,9,1,90.0,733.4742459819324,999.0682691096355,1123.1009431750106,6601.268213837392,5
0.13,14,32,2005082,global_min_cost,1507,10,10,9,1,90.0,658.0056683853121,335.54626052765434,1240.8546214409446,5922.051015467809,5
0.13,16,32,2005082,greedy,1507,10,10,9,1,90.0,538.1421555493181,346.1229237796815,976.247692276773,4843.279399943863,5
0.13,16,32,2005082,global_min_cost,1507,10,10,9,1,90.0,535.9076967270919,335.54626052765434,976.247692276773,4823.169270543827,5
0.13,20,32,2005082,greedy,1507,10,10,9,1,90.0,395.74556669631187,320.90578802491916,865.2152346993851,3561.710100266807,5
0.13,20,32,2005082,global_min_cost,1507,10,10,9,1,90.0,392.32238452090644,320.90578802491916,865.2152346993851,3530.9014606881583,5
0.13,24,32,2005082,greedy,1507,10,10,9,1,90.0,246.19086641792762,160.7227508757467,427.14608559301735,2215.7177977613483,5
0.13,24,32,2005082,global_min_cost,1507,10,10,9,1,90.0,244.68191420065838,160.7227508757467,427.14608559301735,2202.1372278059257,5
0.13,32,32,2005082,greedy,1507,10,10,9,1,90.0,177.56987307887653,160.7227508757467,311.9596016742959,1598.1288577098887,5
0.13,32,32,2005082,global_min_cost,1507,10,10,9,1,90.0,176.06092086160731,160.7227508757467,311.9596016742959,1584.548287754466,5
0.13,8,33,2005083,greedy,1508,10,10,7,3,70.0,768.6984902253837,594.1254184414548,1506.7824099683544,5380.889431577685,5
0.13,8,33,2005083,global_min_cost,1508,10,10,8,2,80.0,840.2619547526301,502.3329767958664,1869.1670865803003,6722.095638021042,4
0.13,10,33,2005083,greedy,1508,10,10,7,3,70.0,543.4310918670019,594.1254184414548,868.4989433636697,3804.0176430690135,5
0.13,10,33,2005083,global_min_cost,1508,10,10,8,2,80.0,635.896004933445,585.0061666425611,1436.4162841067946,5087.16803946756,4
0.13,12,33,2005083,greedy,1508,10,10,8,2,80.0,361.7488769963154,290.0353070137124,656.0103392760709,2893.9910159705237,4
0.13,12,33,2005083,global_min_cost,1508,10,10,8,2,80.0,361.7488769963154,290.0353070137124,656.0103392760709,2893.991015970523,4
0.13,14,33,2005083,greedy,1508,10,10,9,1,90.0,323.9029755476432,153.92644233356285,630.5308665027853,2915.1267799287893,1
0.13,14,33,2005083,global_min_cost,1508,10,10,9,1,90.0,323.9029755476432,153.92644233356285,630.5308665027853,2915.1267799287893,1
0.13,16,33,2005083,greedy,1508,10,10,9,1,90.0,272.78174608848866,134.03435330906345,605.761905300203,2455.0357147963978,1
0.13,16,33,2005083,global_min_cost,1508,10,10,9,1,90.0,272.78174608848866,134.03435330906345,605.761905300203,2455.0357147963978,1
0.13,20,33,2005083,greedy,1508,10,10,9,1,90.0,244.52539418155703,133.02931979903323,581.0390245133758,2200.728547634013,1
0.13,20,33,2005083,global_min_cost,1508,10,10,9,1,90.0,239.63388135616617,134.03435330906345,581.0390245133758,2156.7049322054954,1
0.13,24,33,2005083,greedy,1508,10,10,9,1,90.0,243.39660611165868,133.02931979903323,572.9117504101075,2190.569455004928,1
0.13,24,33,2005083,global_min_cost,1508,10,10,9,1,90.0,224.14162530092312,133.02931979903323,581.0390245133758,2017.2746277083081,1
0.13,32,33,2005083,greedy,1508,10,10,9,1,90.0,208.36112274486203,133.02931979903323,549.5497913136195,1875.250104703758,1
0.13,32,33,2005083,global_min_cost,1508,10,10,9,1,90.0,203.4825320026257,133.02931979903323,401.1891703056817,1831.3427880236313,1
0.13,8,34,2005084,greedy,1487,10,10,7,3,70.0,1123.3218211563321,1172.2337860933953,1673.791012471087,7863.2527480943245,4
0.13,8,34,2005084,global_min_cost,1487,10,10,7,3,70.0,582.4716830051549,581.6593758247093,1084.7054683729962,4077.301781036084,5
0.13,10,34,2005084,greedy,1487,10,10,8,2,80.0,883.1943487203346,979.9722587307833,1529.2645002920494,7065.554789762677,3
0.13,10,34,2005084,global_min_cost,1487,10,10,8,2,80.0,549.7140919166043,521.0543874544716,1047.7191463695149,4397.712735332834,2
0.13,12,34,2005084,greedy,1487,10,10,10,0,100.0,734.3647178154271,617.3144615425583,1514.3607895633547,7343.647178154271,0
0.13,12,34,2005084,global_min_cost,1487,10,10,10,0,100.0,673.6725127608535,521.0543874544716,1766.733527940666,6736.725127608534,0
0.13,14,34,2005084,greedy,1487,10,10,10,0,100.0,512.7443218984679,210.1777368823889,1203.2093943265313,5127.443218984678,0
0.13,14,34,2005084,global_min_cost,1487,10,10,10,0,100.0,481.728296246856,210.1777368823889,1093.1970692201514,4817.28296246856,0
0.13,16,34,2005084,greedy,1487,10,10,10,0,100.0,417.31209348716317,210.1777368823889,1028.7808664604588,4173.120934871632,0
0.13,16,34,2005084,global_min_cost,1487,10,10,10,0,100.0,417.31209348716317,210.1777368823889,1028.7808664604588,4173.120934871631,0
0.13,20,34,2005084,greedy,1487,10,10,10,0,100.0,391.9004259317747,210.1777368823889,1007.1438302709396,3919.004259317747,0
0.13,20,34,2005084,global_min_cost,1487,10,10,10,0,100.0,391.9004259317747,210.1777368823889,1007.1438302709396,3919.004259317747,0
0.13,24,34,2005084,greedy,1487,10,10,10,0,100.0,377.1459811859545,210.1777368823889,1007.1438302709396,3771.459811859545,0
0.13,24,34,2005084,global_min_cost,1487,10,10,10,0,100.0,376.9489869457664,210.1777368823889,1007.1438302709396,3769.4898694576636,0
0.13,32,34,2005084,greedy,1487,10,10,10,0,100.0,329.11458460488,175.5125652694382,683.5654294770256,3291.1458460488,0
0.13,32,34,2005084,global_min_cost,1487,10,10,10,0,100.0,328.91759036469193,178.11269622322163,683.5654294770256,3289.175903646919,0
0.13,8,35,2005085,greedy,1479,10,10,7,3,70.0,1156.4234698200837,962.4450285160987,2578.8221906747117,8094.964288740586,10
0.13,8,35,2005085,global_min_cost,1479,10,10,7,3,70.0,793.2635018825438,580.1371973782052,1485.1227721661808,5552.844513177806,8
0.13,10,35,2005085,greedy,1479,10,10,9,1,90.0,1207.3286190505994,962.4450285160987,2075.309421644183,10865.957571455396,2
0.13,10,35,2005085,global_min_cost,1479,10,10,9,1,90.0,834.9024610908023,582.4920683652789,1318.0906360075307,7514.122149817219,2
0.13,12,35,2005085,greedy,1479,10,10,9,1,90.0,1136.5269338356095,962.4450285160987,1947.8663882572012,10228.742404520486,2
0.13,12,35,2005085,global_min_cost,1479,10,10,9,1,90.0,764.1007758758122,582.4920683652789,1171.8196296735184,6876.90698288231,2
0.13,14,35,2005085,greedy,1479,10,10,9,1,90.0,645.0893343745655,568.0273967938849,1016.9204651588124,5805.80400937109,2
0.13,14,35,2005085,global_min_cost,1479,10,10,9,1,90.0,609.6396054467077,582.4920683652789,1021.9419486783505,5486.75644902037,2
0.13,16,35,2005085,greedy,1479,10,10,9,1,90.0,628.3316765727006,479.29577087045436,999.8584131720967,5654.985089154306,2
0.13,16,35,2005085,global_min_cost,1479,10,10,9,1,90.0,592.6311673380197,582.4920683652789,986.0217124326965,5333.6805060421775,2
0.13,20,35,2005085,greedy,1479,10,10,9,1,90.0,391.45600486625307,372.4986805797852,854.8733241151856,3523.104043796278,2
0.13,20,35,2005085,global_min_cost,1479,10,10,9,1,90.0,381.20562625208123,372.4986805797852,693.7769904368481,3430.8506362687313,2
0.13,24,35,2005085,greedy,1479,10,10,9,1,90.0,316.0658017583105,372.4986805797852,491.35988676936586,2844.5922158247945,2
0.13,24,35,2005085,global_min_cost,1479,10,10,9,1,90.0,286.672354294313,354.4254056120765,474.208026549542,2580.0511886488166,2
0.13,32,35,2005085,greedy,1479,10,10,9,1,90.0,259.3940212105758,147.71811181195244,491.35988676936586,2334.546190895182,2
0.13,32,35,2005085,global_min_cost,1479,10,10,9,1,90.0,236.1526940149915,147.71811181195244,470.88923135191567,2125.374246134924,2
0.13,8,36,2005086,greedy,1510,10,10,7,3,70.0,910.5291317126394,375.64897434544736,2094.485172655882,6373.7039219884755,11
0.13,8,36,2005086,global_min_cost,1510,10,10,7,3,70.0,703.8382851803256,293.9772728694636,1672.1696619936133,4926.867996262278,10
0.13,10,36,2005086,greedy,1510,10,10,9,1,90.0,917.2806622623187,489.8228592797314,1924.1165306437201,8255.525960360868,4
0.13,10,36,2005086,global_min_cost,1510,10,10,9,1,90.0,891.2205062762943,293.9772728694636,1892.3755458419896,8020.984556486648,4
0.13,12,36,2005086,greedy,1510,10,10,9,1,90.0,524.201643775159,293.9772728694636,1478.6101087307914,4717.814793976431,4
0.13,12,36,2005086,global_min_cost,1510,10,10,9,1,90.0,481.6374526152118,193.95033974854834,1526.3982988393918,4334.737073536907,4
0.13,14,36,2005086,greedy,1510,10,10,9,1,90.0,329.99860024592266,193.95033974854834,523.4093035786259,2969.9874022133035,4
0.13,14,36,2005086,global_min_cost,1510,10,10,9,1,90.0,308.33571260711346,180.5288894237608,514.5283114254763,2775.0214134640205,4
0.13,16,36,2005086,greedy,1510,10,10,9,1,90.0,325.9489000697883,193.95033974854834,494.25146231045846,2933.5401006280945,4
0.13,16,36,2005086,global_min_cost,1510,10,10,9,1,90.0,304.2860124309791,180.5288894237608,485.3704701573089,2738.574111878812,4
0.13,20,36,2005086,greedy,1510,10,10,9,1,90.0,222.48159522327418,193.95033974854834,308.0103135867329,2002.3343570094676,4
0.13,20,36,2005086,global_min_cost,1510,10,10,9,1,90.0,194.6514562051847,180.5288894237608,288.0282689508788,1751.8631058466622,4
0.13,24,36,2005086,greedy,1510,10,10,9,1,90.0,169.28928056188172,180.5288894237608,256.27336285593844,1523.6035250569355,4
0.13,24,36,2005086,global_min_cost,1510,10,10,9,1,90.0,166.29483600304653,171.7314813476202,256.27336285593844,1496.6535240274188,4
0.13,32,36,2005086,greedy,1510,10,10,9,1,90.0,149.85092548183823,158.286390635578,205.9502975384243,1348.6583293365443,4
0.13,32,36,2005086,global_min_cost,1510,10,10,9,1,90.0,146.85648092300303,122.6665649832313,205.9502975384243,1321.7083283070276,4
0.13,8,37,2005087,greedy,1490,10,10,8,2,80.0,838.6207793326105,582.3554728696434,1758.4308967673985,6708.966234660884,3
0.13,8,37,2005087,global_min_cost,1490,10,10,8,2,80.0,647.0667693088632,439.02779322716685,1313.6609029853817,5176.534154470905,5
0.13,10,37,2005087,greedy,1490,10,10,10,0,100.0,888.9364713649006,804.9388340554417,1627.6125878813566,8889.364713649007,0
0.13,10,37,2005087,global_min_cost,1490,10,10,10,0,100.0,798.8055024155725,582.3554728696434,1550.700464502935,7988.055024155725,0
0.13,12,37,2005087,greedy,1490,10,10,10,0,100.0,529.5000610428791,390.73293051491135,1134.4211180491736,5295.000610428791,0
0.13,12,37,2005087,global_min_cost,1490,10,10,10,0,100.0,489.8742798391741,281.92578612875064,1086.4467526665824,4898.7427983917405,0
0.13,14,37,2005087,greedy,1490,10,10,10,0,100.0,518.2342094458495,390.73293051491135,1081.9764696265029,5182.342094458495,0
0.13,14,37,2005087,global_min_cost,1490,10,10,10,0,100.0,478.6084282421445,281.92578612875064,1075.1809010695529,4786.084282421445,0
0.13,16,37,2005087,greedy,1490,10,10,10,0,100.0,518.2342094458495,390.73293051491135,1081.9764696265029,5182.342094458495,0
0.13,16,37,2005087,global_min_cost,1490,10,10,10,0,100.0,478.6084282421445,281.92578612875064,1075.1809010695529,4786.084282421445,0
0.13,20,37,2005087,greedy,1490,10,10,10,0,100.0,422.98565618742134,384.95885926563767,752.8379200752053,4229.856561874213,0
0.13,20,37,2005087,global_min_cost,1490,10,10,10,0,100.0,354.9932848517029,201.70743311535097,891.3739091631004,3549.932848517029,0
0.13,24,37,2005087,greedy,1490,10,10,10,0,100.0,306.8576774739902,255.80631829210006,538.8730408988639,3068.576774739902,0
0.13,24,37,2005087,global_min_cost,1490,10,10,10,0,100.0,263.8211801152298,255.80631829210006,399.07115529880286,2638.211801152298,0
0.13,32,37,2005087,greedy,1490,10,10,10,0,100.0,242.5526178295587,219.38951706255105,426.151820430305,2425.5261782955868,0
0.13,32,37,2005087,global_min_cost,1490,10,10,10,0,100.0,227.7955772484364,219.38951706255105,399.07115529880286,2277.955772484364,0
0.13,8,38,2005088,greedy,1480,10,10,8,2,80.0,1095.3970619869272,804.5222016201183,2020.7972520607204,8763.176495895417,6
0.13,8,38,2005088,global_min_cost,1480,10,10,8,2,80.0,946.4589604244244,718.9224819244259,1696.793008544642,7571.671683395395,8
0.13,10,38,2005088,greedy,1480,10,10,10,0,100.0,1032.3669856545512,775.5569712959606,1927.2040088635654,10323.66985654551,0
0.13,10,38,2005088,global_min_cost,1480,10,10,10,0,100.0,952.9506262917981,978.6953089162396,1618.39955255094,9529.506262917981,0
0.13,12,38,2005088,greedy,1480,10,10,10,0,100.0,855.1201105347889,775.5569712959606,1562.8836138373929,8551.20110534789,0
0.13,12,38,2005088,global_min_cost,1480,10,10,10,0,100.0,792.1913643262939,575.1460230717861,1361.9002873648349,7921.9136432629375,0
0.13,14,38,2005088,greedy,1480,10,10,10,0,100.0,844.9368664736436,775.5569712959606,1471.2344172870849,8449.368664736436,0
0.13,14,38,2005088,global_min_cost,1480,10,10,10,0,100.0,782.0081202651485,575.1460230717861,1361.9002873648349,7820.081202651485,0
0.13,16,38,2005088,greedy,1480,10,10,10,0,100.0,569.7095208047864,465.3081099992958,862.6381311929769,5697.095208047864,0
0.13,16,38,2005088,global_min_cost,1480,10,10,10,0,100.0,568.7500872558288,517.8990037452138,838.7502831645096,5687.5008725582875,0
0.13,20,38,2005088,greedy,1480,10,10,10,0,100.0,563.3184105052597,465.3081099992958,862.6381311929769,5633.184105052597,0
0.13,20,38,2005088,global_min_cost,1480,10,10,10,0,100.0,495.03114233471666,393.37685492901915,838.7502831645096,4950.311423347166,0
0.13,24,38,2005088,greedy,1480,10,10,10,0,100.0,518.0914035306604,465.3081099992958,787.2358428709109,5180.914035306604,0
0.13,24,38,2005088,global_min_cost,1480,10,10,10,0,100.0,444.96461346740483,328.2058391010945,838.7502831645096,4449.646134674049,0
0.13,32,38,2005088,greedy,1480,10,10,10,0,100.0,313.52350379257405,292.8219217607757,525.704688327544,3135.2350379257405,0
0.13,32,38,2005088,global_min_cost,1480,10,10,10,0,100.0,297.5287349921499,281.27503220171286,515.6625721803154,2975.2873499214993,0
0.13,8,39,2005089,greedy,1462,10,10,8,2,80.0,995.7543387490504,918.8153466472623,1959.109023358406,7966.034709992403,5
0.13,8,39,2005089,global_min_cost,1462,10,10,8,2,80.0,743.218541464291,506.36375875683564,1429.9256287849055,5945.748331714327,5
0.13,10,39,2005089,greedy,1462,10,10,9,1,90.0,656.4769744158765,578.473580562993,1082.0090036954375,5908.292769742889,1
0.13,10,39,2005089,global_min_cost,1462,10,10,9,1,90.0,600.549360735993,578.473580562993,984.2996608378935,5404.944246623937,1
0.13,12,39,2005089,greedy,1462,10,10,9,1,90.0,606.6669611053989,578.473580562993,1082.0090036954375,5460.002649948589,1
0.13,12,39,2005089,global_min_cost,1462,10,10,9,1,90.0,550.7393474255153,578.473580562993,1010.8828816504517,4956.654126829638,1
0.13,14,39,2005089,greedy,1462,10,10,9,1,90.0,606.6669611053989,578.473580562993,1082.0090036954375,5460.002649948589,1
0.13,14,39,2005089,global_min_cost,1462,10,10,9,1,90.0,550.7393474255153,578.473580562993,951.3525389343847,4956.654126829638,1
0.13,16,39,2005089,greedy,1462,10,10,9,1,90.0,606.6669611053989,578.473580562993,1082.0090036954375,5460.002649948589,1
0.13,16,39,2005089,global_min_cost,1462,10,10,9,1,90.0,550.7393474255153,578.473580562993,951.3525389343847,4956.654126829638,1
0.13,20,39,2005089,greedy,1462,10,10,9,1,90.0,468.2548952597606,466.5444654502102,687.413643769074,4214.2940573378455,1
0.13,20,39,2005089,global_min_cost,1462,10,10,9,1,90.0,439.55089544795544,390.6642087738771,687.413643769074,3955.958059031599,1
0.13,24,39,2005089,greedy,1462,10,10,9,1,90.0,414.1550682647907,412.0242628593705,619.968083258536,3727.395614383116,1
0.13,24,39,2005089,global_min_cost,1462,10,10,9,1,90.0,382.4892910994789,315.6449918786776,619.968083258536,3442.40361989531,1
0.13,32,39,2005089,greedy,1462,10,10,9,1,90.0,273.9722677370819,162.66453345457327,584.200419934397,2465.750409633737,1
0.13,32,39,2005089,global_min_cost,1462,10,10,9,1,90.0,257.66197836134984,176.99807701253545,584.200419934397,2318.9578052521483,1
0.13,8,40,2005090,greedy,1442,10,10,8,2,80.0,797.6313326899304,237.42499896225456,2294.95990731466,6381.050661519443,7
0.13,8,40,2005090,global_min_cost,1442,10,10,8,2,80.0,565.4101296513994,200.68204219655826,1300.419844516838,4523.281037211195,6
0.13,10,40,2005090,greedy,1442,10,10,10,0,100.0,1140.752399908272,441.6238391753067,2608.953902421436,11407.523999082721,0
0.13,10,40,2005090,global_min_cost,1442,10,10,10,0,100.0,671.0221817393248,347.33763665351216,1059.103429069523,6710.221817393248,0
0.13,12,40,2005090,greedy,1442,10,10,10,0,100.0,511.73413047473673,381.32507263002634,1136.1188041281878,5117.341304747368,0
0.13,12,40,2005090,global_min_cost,1442,10,10,10,0,100.0,390.9391697535051,188.43209761629052,815.8743992400823,3909.391697535051,0
0.13,14,40,2005090,greedy,1442,10,10,10,0,100.0,386.19494848492803,269.8132000935683,675.1412440660605,3861.949484849281,0
0.13,14,40,2005090,global_min_cost,1442,10,10,10,0,100.0,316.0970004724583,188.43209761629052,707.7703403378199,3160.9700047245833,0
0.13,16,40,2005090,greedy,1442,10,10,10,0,100.0,346.3873224240197,269.8132000935683,604.3934745896617,3463.873224240197,0
0.13,16,40,2005090,global_min_cost,1442,10,10,10,0,100.0,311.21640883233596,188.43209761629052,663.8450155767184,3112.1640883233595,0
0.13,20,40,2005090,greedy,1442,10,10,10,0,100.0,310.5700115238738,231.69773718723755,553.1990846531971,3105.700115238738,0
0.13,20,40,2005090,global_min_cost,1442,10,10,10,0,100.0,302.49065348934425,227.71698857240324,548.6217877888508,3024.9065348934428,0
0.13,24,40,2005090,greedy,1442,10,10,10,0,100.0,290.6655711361783,168.59157680657353,548.6217877888508,2906.6557113617832,0
0.13,24,40,2005090,global_min_cost,1442,10,10,10,0,100.0,281.5491595424287,158.6860669537474,606.6492349787006,2815.4915954242874,0
0.13,32,40,2005090,greedy,1442,10,10,10,0,100.0,290.6655711361783,168.59157680657353,548.6217877888508,2906.6557113617832,0
0.13,32,40,2005090,global_min_cost,1442,10,10,10,0,100.0,281.5491595424287,158.6860669537474,606.6492349787006,2815.4915954242874,0
0.13,8,41,2005091,greedy,1516,10,10,7,3,70.0,842.1618507554045,520.277150688188,1779.4674627169275,5895.132955287832,10
0.13,8,41,2005091,global_min_cost,1516,10,10,7,3,70.0,656.3821543183234,406.41484917214837,1280.7731349083579,4594.675080228264,9
0.13,10,41,2005091,greedy,1516,10,10,7,3,70.0,842.1618507554045,520.277150688188,1779.4674627169275,5895.132955287832,10
0.13,10,41,2005091,global_min_cost,1516,10,10,7,3,70.0,656.3821543183234,406.41484917214837,1280.7731349083579,4594.675080228264,9
0.13,12,41,2005091,greedy,1516,10,10,8,2,80.0,574.5902853779019,427.9056050852191,1018.3195074143687,4596.722283023216,8
0.13,12,41,2005091,global_min_cost,1516,10,10,8,2,80.0,554.1816962271976,463.3459999301682,985.350418285916,4433.4535698175805,8
0.13,14,41,2005091,greedy,1516,10,10,8,2,80.0,509.0774614119626,427.9056050852191,847.0783852612517,4072.619691295701,8
0.13,14,41,2005091,global_min_cost,1516,10,10,8,2,80.0,432.9802693462976,348.8495101797972,735.5798447691707,3463.842154770381,8
0.13,16,41,2005091,greedy,1516,10,10,8,2,80.0,509.0774614119626,427.9056050852191,847.0783852612517,4072.619691295701,8
0.13,16,41,2005091,global_min_cost,1516,10,10,8,2,80.0,432.9802693462976,348.8495101797972,735.5798447691707,3463.842154770381,8
0.13,20,41,2005091,greedy,1516,10,10,8,2,80.0,509.0774614119626,427.9056050852191,847.0783852612517,4072.619691295701,8
0.13,20,41,2005091,global_min_cost,1516,10,10,8,2,80.0,432.9802693462976,348.8495101797972,735.5798447691707,3463.842154770381,8
0.13,24,41,2005091,greedy,1516,10,10,8,2,80.0,499.42495066415023,392.7860479234323,847.0783852612517,3995.399605313202,8
0.13,24,41,2005091,global_min_cost,1516,10,10,8,2,80.0,419.40657923040845,376.28169342146623,725.0185390574397,3355.252633843267,8
0.13,32,41,2005091,greedy,1516,10,10,8,2,80.0,366.1261203945544,376.28169342146623,667.7255833505712,2929.008963156435,8
0.13,32,41,2005091,global_min_cost,1516,10,10,8,2,80.0,366.1261203945544,376.28169342146623,667.7255833505712,2929.0089631564356,8
0.13,8,42,2005092,greedy,1538,10,10,7,3,70.0,952.5375513444762,709.633440940284,2027.0091331034232,6667.762859411334,12
0.13,8,42,2005092,global_min_cost,1538,10,10,7,3,70.0,595.1336877890238,197.56966251390986,1460.3232480336858,4165.935814523166,7
0.13,10,42,2005092,greedy,1538,10,10,8,2,80.0,1051.6189083144473,823.7528801823476,1980.1640113792405,8412.951266515578,7
0.13,10,42,2005092,global_min_cost,1538,10,10,8,2,80.0,714.3133941208115,381.3304733768683,1610.7397154490386,5714.507152966491,4
0.13,12,42,2005092,greedy,1538,10,10,9,1,90.0,1018.230575110753,937.8723194244112,1996.9253883320666,9164.075175996777,2
0.13,12,42,2005092,global_min_cost,1538,10,10,9,1,90.0,731.2276279711721,597.5231171534565,1695.9356582255048,6581.048651740548,3
0.13,14,42,2005092,greedy,1538,10,10,10,0,100.0,882.5481427657231,640.3066410263409,1881.464901616926,8825.48142765723,0
0.13,14,42,2005092,global_min_cost,1538,10,10,10,0,100.0,723.8338375773299,625.9449813729119,1687.8108519432697,7238.338375773298,0
0.13,16,42,2005092,greedy,1538,10,10,10,0,100.0,535.234303692493,573.7497210178215,715.4873757748046,5352.343036924929,0
0.13,16,42,2005092,global_min_cost,1538,10,10,10,0,100.0,496.8251003815176,428.4438704481563,978.5071825226427,4968.251003815176,0
0.13,20,42,2005092,greedy,1538,10,10,10,0,100.0,403.0984960440289,414.90818249961455,626.6789643653209,4030.9849604402884,0
0.13,20,42,2005092,global_min_cost,1538,10,10,10,0,100.0,368.82401980763825,419.2849861926278,570.9145116178372,3688.240198076382,0
0.13,24,42,2005092,greedy,1538,10,10,10,0,100.0,335.0384584808387,354.1982273950248,570.9145116178372,3350.384584808386,0
0.13,24,42,2005092,global_min_cost,1538,10,10,10,0,100.0,309.5127611786154,318.6790738652671,543.5416920708205,3095.127611786154,0
0.13,32,42,2005092,greedy,1538,10,10,10,0,100.0,300.68242917803667,249.83572829146942,570.9145116178372,3006.8242917803664,0
0.13,32,42,2005092,global_min_cost,1538,10,10,10,0,100.0,285.3609719641851,249.83572829146942,543.5416920708205,2853.609719641851,0
0.13,8,43,2005093,greedy,1484,10,10,7,3,70.0,806.1141146267904,827.190212605634,1480.8023145635639,5642.798802387532,7
0.13,8,43,2005093,global_min_cost,1484,10,10,7,3,70.0,512.9063230393675,493.0413638234917,975.5292912055022,3590.344261275573,7
0.13,10,43,2005093,greedy,1484,10,10,8,2,80.0,705.0049683159018,639.4881353512781,1246.6364715840848,5640.0397465272135,5
0.13,10,43,2005093,global_min_cost,1484,10,10,8,2,80.0,673.8822246181733,511.35256316135866,1444.3771762671859,5391.057796945386,5
0.13,12,43,2005093,greedy,1484,10,10,8,2,80.0,679.2271037232633,568.0993782257658,1246.6364715840848,5433.816829786106,5
0.13,12,43,2005093,global_min_cost,1484,10,10,8,2,80.0,623.2727319706765,408.24110479080474,1271.2692080792817,4986.181855765412,5
0.13,14,43,2005093,greedy,1484,10,10,8,2,80.0,401.6748289250571,310.74789391595397,835.0572526942984,3213.3986314004574,5
0.13,14,43,2005093,global_min_cost,1484,10,10,8,2,80.0,384.0538488783572,310.74789391595397,660.6306401267734,3072.4307910268576,5
0.13,16,43,2005093,greedy,1484,10,10,8,2,80.0,399.68967833390366,310.74789391595397,823.940409383839,3197.5174266712293,5
0.13,16,43,2005093,global_min_cost,1484,10,10,8,2,80.0,384.0538488783572,310.74789391595397,724.0312137467524,3072.4307910268576,5
0.13,20,43,2005093,greedy,1484,10,10,8,2,80.0,347.7896703055883,310.74789391595397,611.7815875651384,2782.3173624447063,5
0.13,20,43,2005093,global_min_cost,1484,10,10,8,2,80.0,306.40856920536885,275.48267768788185,555.8001222576887,2451.268553642951,5
0.13,24,43,2005093,greedy,1484,10,10,8,2,80.0,316.85752807110816,310.74789391595397,548.2182994399542,2534.8602245688653,5
0.13,24,43,2005093,global_min_cost,1484,10,10,8,2,80.0,286.82701413610016,230.19655367361116,509.543987489763,2294.6161130888013,5
0.13,32,43,2005093,greedy,1484,10,10,8,2,80.0,236.49266414489242,215.7550273014382,408.4306683852648,1891.9413131591396,5
0.13,32,43,2005093,global_min_cost,1484,10,10,8,2,80.0,233.64154531718407,170.4689032871675,435.2644552221513,1869.1323625374725,5
0.13,8,44,2005094,greedy,1487,10,10,7,3,70.0,925.0067120984212,578.1915675314375,1832.5483231390197,6475.046984688948,10
0.13,8,44,2005094,global_min_cost,1487,10,10,7,3,70.0,604.2363355805412,311.71306342335555,1353.3932077889656,4229.654349063789,9
0.13,10,44,2005094,greedy,1487,10,10,9,1,90.0,930.0599536517693,592.2292161825115,1579.8092145714354,8370.539582865924,5
0.13,10,44,2005094,global_min_cost,1487,10,10,9,1,90.0,672.192066431332,403.4209970487169,1439.0220267223772,6049.728597881988,3
0.13,12,44,2005094,greedy,1487,10,10,10,0,100.0,842.8562127130638,588.7982872590051,1228.8711494422155,8428.562127130637,0
0.13,12,44,2005094,global_min_cost,1487,10,10,10,0,100.0,686.473624318946,490.8062822900772,1302.36610256529,6864.736243189461,0
0.13,14,44,2005094,greedy,1487,10,10,10,0,100.0,484.0271258487909,581.779462933468,753.2680153625731,4840.271258487909,0
0.13,14,44,2005094,global_min_cost,1487,10,10,10,0,100.0,421.37692152049215,357.5670302360362,767.8669461086857,4213.769215204921,0
0.13,16,44,2005094,greedy,1487,10,10,10,0,100.0,484.0271258487909,581.779462933468,753.2680153625731,4840.271258487909,0
0.13,16,44,2005094,global_min_cost,1487,10,10,10,0,100.0,421.37692152049215,357.5670302360362,767.8669461086857,4213.769215204921,0
0.13,20,44,2005094,greedy,1487,10,10,10,0,100.0,400.29258638843726,325.8757167617093,753.2680153625731,4002.9258638843726,0
0.13,20,44,2005094,global_min_cost,1487,10,10,10,0,100.0,385.5522924456894,325.8757167617093,748.9861241953064,3855.5229244568936,0
0.13,24,44,2005094,greedy,1487,10,10,10,0,100.0,389.9897786619351,325.8757167617093,753.2680153625731,3899.897786619351,0
0.13,24,44,2005094,global_min_cost,1487,10,10,10,0,100.0,383.91775228778386,325.8757167617093,767.8669461086857,3839.1775228778383,0
0.13,32,44,2005094,greedy,1487,10,10,10,0,100.0,253.01149377855555,258.52545558942904,402.8903611554369,2530.1149377855554,0
0.13,32,44,2005094,global_min_cost,1487,10,10,10,0,100.0,242.40386490754682,241.72790173528625,408.8392004254632,2424.0386490754686,0
0.13,8,45,2005095,greedy,1502,10,10,7,3,70.0,788.7623025828207,381.3895480280093,1946.9275028616917,5521.336118079744,10
0.13,8,45,2005095,global_min_cost,1502,10,10,7,3,70.0,725.4659462855639,366.8074750166583,1778.4469490361832,5078.2616239989475,7
0.13,10,45,2005095,greedy,1502,10,10,9,1,90.0,1093.0908865872857,397.0770534753523,3281.89812677487,9837.81797928557,4
0.13,10,45,2005095,global_min_cost,1502,10,10,9,1,90.0,1009.8346831138373,409.84718635591275,3043.747411768085,9088.512148024534,1
0.13,12,45,2005095,greedy,1502,10,10,10,0,100.0,735.6492687460728,483.17782877429124,1246.2516309523585,7356.492687460727,0
0.13,12,45,2005095,global_min_cost,1502,10,10,10,0,100.0,724.5241742988918,451.1907361523666,1246.2516309523585,7245.241742988917,0
0.13,14,45,2005095,greedy,1502,10,10,10,0,100.0,676.7996315285967,389.23330075168076,1162.8397938654118,6767.996315285966,0
0.13,14,45,2005095,global_min_cost,1502,10,10,10,0,100.0,634.4611814694726,426.1945294642178,1033.8892488946062,6344.611814694726,0
0.13,16,45,2005095,greedy,1502,10,10,10,0,100.0,642.0215775946077,387.3664398126114,1033.8892488946062,6420.215775946077,0
0.13,16,45,2005095,global_min_cost,1502,10,10,10,0,100.0,630.8964831474267,426.3910049457844,1033.8892488946062,6308.964831474267,0
0.13,20,45,2005095,greedy,1502,10,10,10,0,100.0,336.8713193596308,251.1253968509953,575.5868335768655,3368.713193596308,0
0.13,20,45,2005095,global_min_cost,1502,10,10,10,0,100.0,336.8713193596308,251.1253968509953,575.5868335768655,3368.7131935963075,0
0.13,24,45,2005095,greedy,1502,10,10,10,0,100.0,325.3434786459215,193.4861932824487,575.5868335768655,3253.434786459215,0
0.13,24,45,2005095,global_min_cost,1502,10,10,10,0,100.0,325.3434786459215,193.4861932824487,575.5868335768655,3253.4347864592146,0
0.13,32,45,2005095,greedy,1502,10,10,10,0,100.0,292.6141898276428,193.4861932824487,536.5911286069951,2926.1418982764276,0
0.13,32,45,2005095,global_min_cost,1502,10,10,10,0,100.0,292.6141898276428,193.4861932824487,544.0954235117758,2926.141898276428,0
0.13,8,46,2005096,greedy,1415,10,10,8,2,80.0,797.5833516109344,629.6080846252214,1515.3298639655466,6380.666812887475,3
0.13,8,46,2005096,global_min_cost,1415,10,10,8,2,80.0,670.0332550797652,596.8471520343307,1304.8396850276583,5360.266040638122,3
0.13,10,46,2005096,greedy,1415,10,10,8,2,80.0,427.0515614520276,467.8572519753435,648.1572893831413,3416.412491616221,3
0.13,10,46,2005096,global_min_cost,1415,10,10,8,2,80.0,403.4419788639693,429.4618447544834,602.6026811438949,3227.5358309117546,3
0.13,12,46,2005096,greedy,1415,10,10,8,2,80.0,407.0957130379416,467.8572519753435,574.6790871979481,3256.765704303533,3
0.13,12,46,2005096,global_min_cost,1415,10,10,8,2,80.0,392.6094402121077,406.0771143941418,598.1400389339867,3140.8755216968616,3
0.13,14,46,2005096,greedy,1415,10,10,8,2,80.0,352.91953173683964,304.3836652364155,564.5249081693049,2823.3562538947176,3
0.13,14,46,2005096,global_min_cost,1415,10,10,8,2,80.0,352.91953173683964,304.3836652364155,564.5249081693049,2823.3562538947167,3
0.13,16,46,2005096,greedy,1415,10,10,8,2,80.0,346.75740141692626,304.3836652364155,531.7862856648267,2774.0592113354105,3
0.13,16,46,2005096,global_min_cost,1415,10,10,8,2,80.0,336.7099840577638,304.3836652364155,564.5249081693049,2693.6798724621103,3
0.13,20,46,2005096,greedy,1415,10,10,8,2,80.0,295.8605697381043,304.3836652364155,503.27793897863575,2366.8845579048343,3
0.13,20,46,2005096,global_min_cost,1415,10,10,8,2,80.0,295.8605697381043,304.3836652364155,503.27793897863575,2366.8845579048348,3
0.13,24,46,2005096,greedy,1415,10,10,8,2,80.0,295.8605697381043,304.3836652364155,503.27793897863575,2366.8845579048343,3
0.13,24,46,2005096,global_min_cost,1415,10,10,8,2,80.0,295.8605697381043,304.3836652364155,503.27793897863575,2366.8845579048348,3
0.13,32,46,2005096,greedy,1415,10,10,8,2,80.0,287.78854987614176,304.3836652364155,458.0746277516456,2302.308399009134,3
0.13,32,46,2005096,global_min_cost,1415,10,10,8,2,80.0,284.1024920756723,309.76649998250497,433.5572988253407,2272.8199366053786,3
0.13,8,47,2005097,greedy,1419,10,10,7,3,70.0,947.6242044329643,540.6064891528463,1731.5885991170337,6633.369431030751,9
0.13,8,47,2005097,global_min_cost,1419,10,10,7,3,70.0,607.6426789349932,597.584457865666,1080.1054560559483,4253.498752544952,9
0.13,10,47,2005097,greedy,1419,10,10,7,3,70.0,363.1516960950274,375.5119536150495,527.6151364029196,2542.061872665192,9
0.13,10,47,2005097,global_min_cost,1419,10,10,7,3,70.0,327.0836406935742,353.40202816350154,480.14668896662135,2289.5854848550193,9
0.13,12,47,2005097,greedy,1419,10,10,7,3,70.0,299.6049647021395,353.40202816350154,394.4386347630324,2097.2347529149765,9
0.13,12,47,2005097,global_min_cost,1419,10,10,7,3,70.0,299.6049647021395,353.40202816350154,394.4386347630324,2097.2347529149765,9
0.13,14,47,2005097,greedy,1419,10,10,7,3,70.0,277.4399068456784,316.8372873864335,385.5899585396932,1942.0793479197487,9
0.13,14,47,2005097,global_min_cost,1419,10,10,7,3,70.0,260.5861943567515,235.41427563421323,394.4386347630324,1824.1033604972606,9
0.13,16,47,2005097,greedy,1419,10,10,7,3,70.0,230.9726033713645,235.41427563421323,325.07143930559243,1616.8082235995514,9
0.13,16,47,2005097,global_min_cost,1419,10,10,7,3,70.0,230.9726033713645,235.41427563421323,325.07143930559243,1616.8082235995514,9
0.13,20,47,2005097,greedy,1419,10,10,7,3,70.0,219.1052400499922,233.76574413682752,286.7254029966904,1533.7366803499456,9
0.13,20,47,2005097,global_min_cost,1419,10,10,7,3,70.0,219.1052400499922,233.76574413682752,286.7254029966904,1533.7366803499456,9
0.13,24,47,2005097,greedy,1419,10,10,7,3,70.0,209.69961767218098,220.36831372662178,286.7254029966904,1467.897323705267,9
0.13,24,47,2005097,global_min_cost,1419,10,10,7,3,70.0,209.69961767218098,220.36831372662178,286.7254029966904,1467.897323705267,9
0.13,32,47,2005097,greedy,1419,10,10,7,3,70.0,196.75834814981735,173.34128011965922,286.7254029966904,1377.3084370487215,9
0.13,32,47,2005097,global_min_cost,1419,10,10,7,3,70.0,196.75834814981735,173.34128011965922,286.7254029966904,1377.3084370487215,9
0.13,8,48,2005098,greedy,1440,10,10,5,5,50.0,791.6400217515061,511.75395378291483,1496.7302173274911,3958.20010875753,20
0.13,8,48,2005098,global_min_cost,1440,10,10,5,5,50.0,234.935693974728,179.03736038509223,393.89342353509846,1174.67846987364,24
0.13,10,48,2005098,greedy,1440,10,10,7,3,70.0,757.3477113692738,515.6284460134952,1434.1759034196568,5301.433979584916,13
0.13,10,48,2005098,global_min_cost,1440,10,10,7,3,70.0,382.5138321172727,277.6312946033438,722.8546238202189,2677.596824820909,15
0.13,12,48,2005098,greedy,1440,10,10,8,2,80.0,536.3645537697229,308.44918610217115,1412.0719834876154,4290.916430157782,10
0.13,12,48,2005098,global_min_cost,1440,10,10,8,2,80.0,536.3645537697229,290.75405689418034,1339.6279644168194,4290.916430157783,10
0.13,14,48,2005098,greedy,1440,10,10,8,2,80.0,516.0737322484089,285.1113461818755,1342.6235440979672,4128.58985798727,10
0.13,14,48,2005098,global_min_cost,1440,10,10,8,2,80.0,516.0737322484088,267.4162169738847,1304.932696717843,4128.58985798727,10
0.13,16,48,2005098,greedy,1440,10,10,8,2,80.0,498.5675235827847,265.06209059134966,1342.6235440979672,3988.5401886622776,10
0.13,16,48,2005098,global_min_cost,1440,10,10,8,2,80.0,498.5675235827847,247.36696138335884,1342.6235440979672,3988.540188662278,10
0.13,20,48,2005098,greedy,1440,10,10,8,2,80.0,310.2257749865356,158.02196091103053,710.9469033218393,2481.806199892285,10
0.13,20,48,2005098,global_min_cost,1440,10,10,8,2,80.0,309.7621661193737,158.02196091103053,635.906674594937,2478.0973289549897,10
0.13,24,48,2005098,greedy,1440,10,10,8,2,80.0,308.42940585985343,158.02196091103053,710.9469033218393,2467.4352468788275,10
0.13,24,48,2005098,global_min_cost,1440,10,10,8,2,80.0,307.96579699269154,158.02196091103053,635.906674594937,2463.7263759415323,10
0.13,32,48,2005098,greedy,1440,10,10,8,2,80.0,287.32938373709607,103.21990523275672,710.9469033218393,2298.6350698967685,10
0.13,32,48,2005098,global_min_cost,1440,10,10,8,2,80.0,284.15129055991963,103.21990523275672,635.906674594937,2273.210324479357,10
0.13,8,49,2005099,greedy,1468,10,10,8,2,80.0,894.4900858867856,829.5368512652949,1394.6097489357437,7155.9206870942835,6
0.13,8,49,2005099,global_min_cost,1468,10,10,8,2,80.0,523.2587542704325,488.9396854279728,858.3449278274157,4186.07003416346,2
0.13,10,49,2005099,greedy,1468,10,10,10,0,100.0,809.072956528579,600.0360037043151,1516.0858146556313,8090.72956528579,0
0.13,10,49,2005099,global_min_cost,1468,10,10,10,0,100.0,796.1603082277625,658.1761973628131,1477.862246280252,7961.603082277625,0
0.13,12,49,2005099,greedy,1468,10,10,10,0,100.0,717.5350768093721,569.9579825941464,1307.7657553996753,7175.35076809372,0
0.13,12,49,2005099,global_min_cost,1468,10,10,10,0,100.0,691.6416431957307,531.7323248130233,1444.2372332478062,6916.4164319573065,0
0.13,14,49,2005099,greedy,1468,10,10,10,0,100.0,641.0336027175689,522.3550567285985,1074.029638176902,6410.336027175688,0
0.13,14,49,2005099,global_min_cost,1468,10,10,10,0,100.0,615.1401691039276,525.4522682080919,1259.8667585891412,6151.401691039275,0
0.13,16,49,2005099,greedy,1468,10,10,10,0,100.0,640.554426100512,522.3550567285985,1074.029638176902,6405.54426100512,0
0.13,16,49,2005099,global_min_cost,1468,10,10,10,0,100.0,606.4158790690364,484.22670111892023,1259.8667585891412,6064.158790690363,0
0.13,20,49,2005099,greedy,1468,10,10,10,0,100.0,603.8728443724642,509.67247434357216,1048.2389407852716,6038.728443724642,0
0.13,20,49,2005099,global_min_cost,1468,10,10,10,0,100.0,562.9353416530345,411.8024611802566,1316.6276105764312,5629.353416530345,0
0.13,24,49,2005099,greedy,1468,10,10,10,0,100.0,504.0337054550064,382.886112546771,913.1381429998083,5040.337054550063,0
0.13,24,49,2005099,global_min_cost,1468,10,10,10,0,100.0,488.8617263707289,347.63926488003654,1213.6039974877774,4888.61726370729,0
0.13,32,49,2005099,greedy,1468,10,10,10,0,100.0,357.96481848518675,282.2523385724818,813.0572264927915,3579.648184851867,0
0.13,32,49,2005099,global_min_cost,1468,10,10,10,0,100.0,336.8298270915262,347.63926488003654,624.8978704063908,3368.2982709152625,0
0.14,8,0,3005050,greedy,1579,10,10,8,2,80.0,819.6423760284582,709.2252944078656,1235.332462311625,6557.139008227666,9
0.14,8,0,3005050,global_min_cost,1579,10,10,8,2,80.0,768.1258550786791,810.9694055261689,1205.4012297853374,6145.006840629434,9
0.14,10,0,3005050,greedy,1579,10,10,8,2,80.0,776.2773895449137,709.2252944078656,1131.2564947511182,6210.219116359309,9
0.14,10,0,3005050,global_min_cost,1579,10,10,8,2,80.0,726.0369999649376,679.970919814757,1226.6313091649338,5808.295999719501,9
0.14,12,0,3005050,greedy,1579,10,10,8,2,80.0,663.069362794909,620.4784262668261,950.3625511614318,5304.554902359272,9
0.14,12,0,3005050,global_min_cost,1579,10,10,8,2,80.0,613.4586154244735,591.15981308399,1115.6665786636056,4907.668923395789,9
0.14,14,0,3005050,greedy,1579,10,10,8,2,80.0,578.8792141958351,545.3992974750025,876.3794985519532,4631.0337135666805,9
0.14,14,0,3005050,global_min_cost,1579,10,10,8,2,80.0,457.3272890268581,436.71781943915397,778.2975023202789,3658.6183122148655,9
0.14,16,0,3005050,greedy,1579,10,10,8,2,80.0,569.962270287052,545.3992974750025,854.9788331708737,4559.698162296416,9
0.14,16,0,3005050,global_min_cost,1579,10,10,8,2,80.0,450.24702784762906,436.71781943915397,761.3048754901292,3601.976222781033,9
0.14,20,0,3005050,greedy,1579,10,10,8,2,80.0,528.137743466727,509.3653608873217,796.7832417592542,4225.101947733816,9
0.14,20,0,3005050,global_min_cost,1579,10,10,8,2,80.0,446.9513805213832,436.71781943915397,753.3953219071392,3575.611044171066,9
0.14,24,0,3005050,greedy,1579,10,10,9,1,90.0,470.9483079124535,505.89906339312137,736.4706634407639,4238.534771212082,4
0.14,24,0,3005050,global_min_cost,1579,10,10,9,1,90.0,388.7174893960535,360.6039804967859,675.5056130555969,3498.4574045644817,4
0.14,32,0,3005050,greedy,1579,10,10,9,1,90.0,310.4801438439562,360.6039804967859,481.1984891162598,2794.321294595606,4
0.14,32,0,3005050,global_min_cost,1579,10,10,9,1,90.0,292.37905544573704,224.46291471673024,588.7551469745858,2631.411499011633,4
0.14,8,1,3005051,greedy,1664,10,10,7,3,70.0,757.9365411831851,806.1196162375613,1176.4892835239407,5305.555788282296,9
0.14,8,1,3005051,global_min_cost,1664,10,10,7,3,70.0,390.32736878648535,366.22721182952176,646.1065263393597,2732.2915815053975,11
0.14,10,1,3005051,greedy,1664,10,10,8,2,80.0,385.8033977004902,335.07657468492937,649.0600370422843,3086.4271816039222,6
0.14,10,1,3005051,global_min_cost,1664,10,10,8,2,80.0,385.8033977004902,335.07657468492937,649.0600370422843,3086.4271816039222,6
0.14,12,1,3005051,greedy,1664,10,10,8,2,80.0,301.5023213310287,265.8618459935689,549.9606837962418,2412.01857064823,6
0.14,12,1,3005051,global_min_cost,1664,10,10,8,2,80.0,301.5023213310287,265.8618459935689,549.9606837962418,2412.01857064823,6
0.14,14,1,3005051,greedy,1664,10,10,8,2,80.0,301.5023213310287,265.8618459935689,549.9606837962418,2412.01857064823,6
0.14,14,1,3005051,global_min_cost,1664,10,10,8,2,80.0,287.2381385562345,315.41953991244804,451.1366765474749,2297.905108449876,6
0.14,16,1,3005051,greedy,1664,10,10,8,2,80.0,301.5023213310287,265.8618459935689,549.9606837962418,2412.01857064823,6
0.14,16,1,3005051,global_min_cost,1664,10,10,8,2,80.0,287.2381385562345,315.41953991244804,451.1366765474749,2297.905108449876,6
0.14,20,1,3005051,greedy,1664,10,10,8,2,80.0,301.5023213310287,265.8618459935689,549.9606837962418,2412.01857064823,6
0.14,20,1,3005051,global_min_cost,1664,10,10,8,2,80.0,286.7468236320091,313.4542802155465,451.1366765474749,2293.974589056073,6
0.14,24,1,3005051,greedy,1664,10,10,8,2,80.0,257.41631416067855,228.45154123568852,451.1366765474749,2059.3305132854284,6
0.14,24,1,3005051,global_min_cost,1664,10,10,8,2,80.0,257.41631416067855,228.45154123568852,451.1366765474749,2059.3305132854284,6
0.14,32,1,3005051,greedy,1664,10,10,8,2,80.0,257.2310129804551,227.71033651479473,451.1366765474749,2057.8481038436407,6
0.14,32,1,3005051,global_min_cost,1664,10,10,8,2,80.0,257.2310129804551,227.71033651479473,451.1366765474749,2057.8481038436407,6
0.14,8,2,3005052,greedy,1614,10,10,7,3,70.0,296.5389397377494,210.9316248075827,534.184411700634,2075.7725781642457,9
0.14,8,2,3005052,global_min_cost,1614,10,10,7,3,70.0,242.9771545383467,210.9316248075827,448.1443142726742,1700.840081768427,7
0.14,10,2,3005052,greedy,1614,10,10,9,1,90.0,378.7195542978413,289.37682393582577,874.0509476047869,3408.4759886805714,4
0.14,10,2,3005052,global_min_cost,1614,10,10,9,1,90.0,274.82643738977066,230.96312043096552,497.09721319665863,2473.437936507936,4
0.14,12,2,3005052,greedy,1614,10,10,9,1,90.0,378.7195542978413,289.37682393582577,874.0509476047869,3408.4759886805714,4
0.14,12,2,3005052,global_min_cost,1614,10,10,9,1,90.0,274.82643738977066,230.96312043096552,480.978930731086,2473.437936507936,4
0.14,14,2,3005052,greedy,1614,10,10,9,1,90.0,295.43840366047687,289.37682393582577,502.448334264472,2658.9456329442914,4
0.14,14,2,3005052,global_min_cost,1614,10,10,9,1,90.0,224.50051501316253,276.49648650925553,436.3860449282423,2020.5046351184628,4
0.14,16,2,3005052,greedy,1614,10,10,9,1,90.0,295.43840366047687,289.37682393582577,502.448334264472,2658.9456329442914,4
0.14,16,2,3005052,global_min_cost,1614,10,10,9,1,90.0,224.50051501316253,276.49648650925553,436.3860449282423,2020.5046351184628,4
0.14,20,2,3005052,greedy,1614,10,10,9,1,90.0,218.97093268079755,276.49648650925553,341.92281198094184,1970.7383941271778,4
0.14,20,2,3005052,global_min_cost,1614,10,10,9,1,90.0,213.9342807443853,276.49648650925553,360.30915819304624,1925.4085266994678,4
0.14,24,2,3005052,greedy,1614,10,10,9,1,90.0,216.44988830479198,253.8070871252053,341.92281198094184,1948.0489947431277,4
0.14,24,2,3005052,global_min_cost,1614,10,10,9,1,90.0,211.41323636837973,217.3678624787232,389.46053791023195,1902.7191273154178,4
0.14,32,2,3005052,greedy,1614,10,10,10,0,100.0,187.31387787509917,218.7774180744654,313.99517482889496,1873.1387787509916,0
0.14,32,2,3005052,global_min_cost,1614,10,10,10,0,100.0,165.27485106191037,101.80526562836073,357.8772078318575,1652.7485106191036,0
0.14,8,3,3005053,greedy,1631,10,10,6,4,60.0,695.6537787717556,565.9902481768717,1216.9756465045343,4173.922672630533,12
0.14,8,3,3005053,global_min_cost,1631,10,10,6,4,60.0,387.7749860368064,360.9497568550847,718.3153012048135,2326.6499162208383,14
0.14,10,3,3005053,greedy,1631,10,10,7,3,70.0,617.2620317887857,536.9870575024739,1116.9056258324433,4320.8342225215,8
0.14,10,3,3005053,global_min_cost,1631,10,10,7,3,70.0,352.0147945696014,283.648882451782,702.6844961440663,2464.10356198721,10
0.14,12,3,3005053,greedy,1631,10,10,8,2,80.0,661.6731664389083,565.9902481768717,1261.0723923908054,5293.3853315112665,5
0.14,12,3,3005053,global_min_cost,1631,10,10,8,2,80.0,387.7769478320862,360.9497568550847,696.6711756982064,3102.21558265669,8
0.14,14,3,3005053,greedy,1631,10,10,9,1,90.0,484.3635795133061,354.2890023350662,891.6068142746745,4359.272215619755,3
0.14,14,3,3005053,global_min_cost,1631,10,10,9,1,90.0,416.6955084266016,431.3205463915668,721.1792317907284,3750.259575839415,3
0.14,16,3,3005053,greedy,1631,10,10,9,1,90.0,412.2031096768992,324.61979544751955,844.4628426075167,3709.8279870920924,3
0.14,16,3,3005053,global_min_cost,1631,10,10,9,1,90.0,381.63534393176184,324.61979544751955,637.3767656653423,3434.718095385857,3
0.14,20,3,3005053,greedy,1631,10,10,9,1,90.0,371.2088707006811,324.61979544751955,653.8201776803179,3340.8798363061296,3
0.14,20,3,3005053,global_min_cost,1631,10,10,9,1,90.0,363.5012512992441,324.61979544751955,653.8201776803179,3271.511261693197,3
0.14,24,3,3005053,greedy,1631,10,10,9,1,90.0,353.9447781665585,324.61979544751955,549.3043219787464,3185.5030034990264,3
0.14,24,3,3005053,global_min_cost,1631,10,10,9,1,90.0,346.2371587651215,324.61979544751955,549.3043219787464,3116.1344288860932,3
0.14,32,3,3005053,greedy,1631,10,10,9,1,90.0,278.62547048268686,191.90497003315483,516.6112153552618,2507.629234344182,3
0.14,32,3,3005053,global_min_cost,1631,10,10,9,1,90.0,278.62547048268686,191.90497003315483,516.6112153552618,2507.6292343441814,3
0.14,8,4,3005054,greedy,1659,10,10,7,3,70.0,1118.0699055617802,748.643668598769,2271.25057103567,7826.489338932461,11
0.14,8,4,3005054,global_min_cost,1659,10,10,7,3,70.0,614.1293667368791,333.49921891926124,1290.4401087738006,4298.905567158153,11
0.14,10,4,3005054,greedy,1659,10,10,7,3,70.0,850.9774537242403,522.6286052207778,1685.5761857937912,5956.842176069682,11
0.14,10,4,3005054,global_min_cost,1659,10,10,7,3,70.0,376.49332427028435,329.21033379662964,648.4468098695625,2635.4532698919907,11
0.14,12,4,3005054,greedy,1659,10,10,7,3,70.0,636.3309109264055,462.30666889803916,1174.6206234482738,4454.316376484839,11
0.14,12,4,3005054,global_min_cost,1659,10,10,7,3,70.0,349.1387530632093,320.67795276746745,545.3637928115133,2443.971271442465,11
0.14,14,4,3005054,greedy,1659,10,10,7,3,70.0,507.40457769118115,329.21033379662964,990.1528300870027,3551.8320438382684,11
0.14,14,4,3005054,global_min_cost,1659,10,10,7,3,70.0,334.7082394898339,320.67795276746745,545.3637928115133,2342.957676428837,11
0.14,16,4,3005054,greedy,1659,10,10,7,3,70.0,473.48252174785694,280.36002284659435,990.1528300870027,3314.377652234999,11
0.14,16,4,3005054,global_min_cost,1659,10,10,7,3,70.0,300.7861835465096,230.52227160569998,545.3637928115133,2105.503284825568,11
0.14,20,4,3005054,greedy,1659,10,10,7,3,70.0,256.40100165850527,153.00556768898338,527.0347346145776,1794.8070116095366,11
0.14,20,4,3005054,global_min_cost,1659,10,10,7,3,70.0,251.0435896826443,153.00556768898338,483.5153651036881,1757.3051277785103,11
0.14,24,4,3005054,greedy,1659,10,10,7,3,70.0,256.40100165850527,153.00556768898338,527.0347346145776,1794.8070116095366,11
0.14,24,4,3005054,global_min_cost,1659,10,10,7,3,70.0,222.4509947657034,153.00556768898338,403.4560993362535,1557.1569633599238,11
0.14,32,4,3005054,greedy,1659,10,10,8,2,80.0,153.3884400337882,138.17056604942638,262.2059379263333,1227.1075202703057,6
0.14,32,4,3005054,global_min_cost,1659,10,10,8,2,80.0,153.3884400337882,138.17056604942638,262.2059379263333,1227.1075202703055,6
0.14,8,5,3005055,greedy,1599,10,10,7,3,70.0,1404.417682236772,1244.2811820984584,2650.36478552195,9830.923775657404,7
0.14,8,5,3005055,global_min_cost,1599,10,10,7,3,70.0,1158.7972363283297,926.2683675304628,2201.189974845297,8111.580654298308,7
0.14,10,5,3005055,greedy,1599,10,10,9,1,90.0,1152.8997899635112,836.2199589415605,2669.313820191013,10376.098109671599,5
0.14,10,5,3005055,global_min_cost,1599,10,10,9,1,90.0,1098.8956789385882,836.2199589415605,2122.599855761823,9890.061110447296,1
0.14,12,5,3005055,greedy,1599,10,10,10,0,100.0,1035.0033672369393,868.4678924535511,2724.10318555799,10350.033672369393,0
0.14,12,5,3005055,global_min_cost,1599,10,10,10,0,100.0,828.940234126267,736.9146226764897,1859.9262183943588,8289.402341262668,0
0.14,14,5,3005055,greedy,1599,10,10,10,0,100.0,692.3682325401589,721.727637813869,1089.104960424698,6923.68232540159,0
0.14,14,5,3005055,global_min_cost,1599,10,10,10,0,100.0,547.7906272790676,586.999546692817,950.5093514789086,5477.906272790677,0
0.14,16,5,3005055,greedy,1599,10,10,10,0,100.0,470.3106055410302,414.36835162444896,862.5824815664668,4703.106055410302,0
0.14,16,5,3005055,global_min_cost,1599,10,10,10,0,100.0,443.77765677967784,397.310666210054,752.5051123173034,4437.776567796779,0
0.14,20,5,3005055,greedy,1599,10,10,10,0,100.0,372.0692877993541,260.21225288963154,734.9469064951061,3720.6928779935406,0
0.14,20,5,3005055,global_min_cost,1599,10,10,10,0,100.0,359.2987249819041,252.61253288687664,689.0822848510076,3592.987249819041,0
0.14,24,5,3005055,greedy,1599,10,10,10,0,100.0,340.514147162317,260.21225288963154,631.9443894754099,3405.1414716231698,0
0.14,24,5,3005055,global_min_cost,1599,10,10,10,0,100.0,333.02012140205323,245.99328099970162,582.7874953316503,3330.2012140205325,0
0.14,32,5,3005055,greedy,1599,10,10,10,0,100.0,251.0490669900213,225.61252509898128,487.4893015001173,2510.4906699002127,0
0.14,32,5,3005055,global_min_cost,1599,10,10,10,0,100.0,241.23906350576488,192.00476384689424,528.9004364603995,2412.3906350576485,0
0.14,8,6,3005056,greedy,1583,10,10,7,3,70.0,939.9127432017164,594.6374671255568,2021.1670659257197,6579.389202412014,11
0.14,8,6,3005056,global_min_cost,1583,10,10,7,3,70.0,888.8116203317575,399.36625576261054,2014.2370999193668,6221.681342322302,11
0.14,10,6,3005056,greedy,1583,10,10,7,3,70.0,559.6618635001493,594.6374671255568,982.3837017543951,3917.633044501045,11
0.14,10,6,3005056,global_min_cost,1583,10,10,7,3,70.0,538.5605528172647,249.58580576966116,1161.5747199495756,3769.923869720853,11
0.14,12,6,3005056,greedy,1583,10,10,7,3,70.0,505.7582878556048,502.7578539938027,872.8719824055938,3540.308014989234,11
0.14,12,6,3005056,global_min_cost,1583,10,10,7,3,70.0,471.47333271478783,273.7564864956419,879.3703720970909,3300.313329003515,11
0.14,14,6,3005056,greedy,1583,10,10,8,2,80.0,397.8210644327631,266.10339852752065,756.9967057261599,3182.568515462105,8
0.14,14,6,3005056,global_min_cost,1583,10,10,8,2,80.0,365.18996443644875,252.08989557223396,620.3068577720975,2921.5197154915895,8
0.14,16,6,3005056,greedy,1583,10,10,9,1,90.0,392.02787292333204,273.7564864956419,702.876959525959,3528.250856309988,4
0.14,16,6,3005056,global_min_cost,1583,10,10,9,1,90.0,363.0224507043859,258.4503105593994,546.659990435602,3267.202056339473,4
0.14,20,6,3005056,greedy,1583,10,10,9,1,90.0,315.8084455180714,245.7294805850685,551.5124165162828,2842.2760096626425,4
0.14,20,6,3005056,global_min_cost,1583,10,10,9,1,90.0,283.24450095200393,245.7294805850685,459.43316087041865,2549.2005085680353,4
0.14,24,6,3005056,greedy,1583,10,10,9,1,90.0,215.2064375918744,245.7294805850685,287.84660612021185,1936.8579383268695,4
0.14,24,6,3005056,global_min_cost,1583,10,10,9,1,90.0,202.61314590406081,221.92160347754736,255.3600929261001,1823.5183131365475,4
0.14,32,6,3005056,greedy,1583,10,10,9,1,90.0,178.97092367758742,221.92160347754736,255.3600929261001,1610.7383130982869,4
0.14,32,6,3005056,global_min_cost,1583,10,10,9,1,90.0,178.6410091445144,221.92160347754736,255.3600929261001,1607.7690823006299,4
0.14,8,7,3005057,greedy,1637,10,10,6,4,60.0,1001.4175472569946,1213.63712684337,1449.6903517739659,6008.505283541967,10
0.14,8,7,3005057,global_min_cost,1637,10,10,6,4,60.0,605.5253104723097,362.47810473166743,1361.9663024509096,3633.1518628338576,11
0.14,10,7,3005057,greedy,1637,10,10,8,2,80.0,524.4124895061217,363.0961517647495,1098.396936872162,4195.299916048974,5
0.14,10,7,3005057,global_min_cost,1637,10,10,8,2,80.0,516.6652756159922,332.31486404772056,1333.3932360054257,4133.3222049279375,5
0.14,12,7,3005057,greedy,1637,10,10,10,0,100.0,519.912941615459,332.31486404772056,1330.7616457416418,5199.129416154589,0
0.14,12,7,3005057,global_min_cost,1637,10,10,10,0,100.0,498.5227606741869,382.32287419547754,1217.5748776939135,4985.227606741868,0
0.14,14,7,3005057,greedy,1637,10,10,10,0,100.0,423.03873553699606,332.31486404772056,790.0280113539393,4230.3873553699605,0
0.14,14,7,3005057,global_min_cost,1637,10,10,10,0,100.0,401.64855459572397,357.30580190781944,668.8264329349997,4016.48554595724,0
0.14,16,7,3005057,greedy,1637,10,10,10,0,100.0,367.2078778817555,239.6008919350739,668.8264329349997,3672.0787788175553,0
0.14,16,7,3005057,global_min_cost,1637,10,10,10,0,100.0,367.2078778817555,274.34149445543875,668.8264329349997,3672.0787788175553,0
0.14,20,7,3005057,greedy,1637,10,10,10,0,100.0,316.0191238783895,188.62879779295736,646.4949133505155,3160.1912387838947,0
0.14,20,7,3005057,global_min_cost,1637,10,10,10,0,100.0,316.0191238783895,188.62879779295736,646.4949133505155,3160.1912387838947,0
0.14,24,7,3005057,greedy,1637,10,10,10,0,100.0,271.00842491359253,182.8106813771966,407.91490671163706,2710.0842491359253,0
0.14,24,7,3005057,global_min_cost,1637,10,10,10,0,100.0,271.00842491359253,182.8106813771966,407.91490671163706,2710.0842491359253,0
0.14,32,7,3005057,greedy,1637,10,10,10,0,100.0,263.2610291920356,177.03000007403568,407.91490671163706,2632.6102919203563,0
0.14,32,7,3005057,global_min_cost,1637,10,10,10,0,100.0,263.2610291920356,177.03000007403568,407.91490671163706,2632.6102919203563,0
0.14,8,8,3005058,greedy,1627,10,10,7,3,70.0,419.3912177640683,414.25771027467215,685.786784772018,2935.7385243484787,5
0.14,8,8,3005058,global_min_cost,1627,10,10,7,3,70.0,390.93016255495564,414.25771027467215,685.786784772018,2736.5111378846896,5
0.14,10,8,3005058,greedy,1627,10,10,9,1,90.0,736.0609873710698,414.25771027467215,1248.4203294861195,6624.548886339629,2
0.14,10,8,3005058,global_min_cost,1627,10,10,9,1,90.0,713.9246110973155,414.25771027467215,1248.4203294861195,6425.321499875839,2
0.14,12,8,3005058,greedy,1627,10,10,10,0,100.0,731.7363186635831,417.80210603158264,989.294724899773,7317.363186635831,0
0.14,12,8,3005058,global_min_cost,1627,10,10,10,0,100.0,711.8135800172042,417.80210603158264,989.294724899773,7118.135800172042,0
0.14,14,8,3005058,greedy,1627,10,10,10,0,100.0,419.88737990511027,381.46914375704984,713.3839390152846,4198.873799051103,0
0.14,14,8,3005058,global_min_cost,1627,10,10,10,0,100.0,399.96464125873143,390.8214530444717,696.5497822979253,3999.646412587314,0
0.14,16,8,3005058,greedy,1627,10,10,10,0,100.0,372.33826818816243,361.590729990411,661.7305968570743,3723.382681881624,0
0.14,16,8,3005058,global_min_cost,1627,10,10,10,0,100.0,338.16035582609175,292.99852572625105,696.5497822979253,3381.6035582609175,0
0.14,20,8,3005058,greedy,1627,10,10,10,0,100.0,351.06045284490915,338.8735689970546,661.7305968570743,3510.604528449091,0
0.14,20,8,3005058,global_min_cost,1627,10,10,10,0,100.0,316.88254048283846,210.0457062401851,696.5497822979253,3168.8254048283848,0
0.14,24,8,3005058,greedy,1627,10,10,10,0,100.0,213.56202684224436,140.34416603196527,448.49328163926396,2135.6202684224436,0
0.14,24,8,3005058,global_min_cost,1627,10,10,10,0,100.0,213.48340172188162,179.72907159546534,382.7147189101052,2134.8340172188164,0
0.14,32,8,3005058,greedy,1627,10,10,10,0,100.0,165.91381207434833,118.31830951640208,369.7555422659454,1659.1381207434833,0
0.14,32,8,3005058,global_min_cost,1627,10,10,10,0,100.0,165.91381207434833,118.31830951640208,369.7555422659454,1659.1381207434833,0
0.14,8,9,3005059,greedy,1539,10,10,7,3,70.0,839.763533468299,465.7535967845692,1606.5399691951,5878.344734278093,5
0.14,8,9,3005059,global_min_cost,1539,10,10,7,3,70.0,835.8796494614202,428.8432300816247,1740.4197799150038,5851.157546229941,8
0.14,10,9,3005059,greedy,1539,10,10,8,2,80.0,956.0083094567491,542.6766175068091,2132.0787349719435,7648.066475653993,3
0.14,10,9,3005059,global_min_cost,1539,10,10,8,2,80.0,956.0083094567489,680.562868495104,1740.4550642065162,7648.066475653991,3
0.14,12,9,3005059,greedy,1539,10,10,8,2,80.0,562.3507090111068,439.6228971562035,944.4429062354203,4498.8056720888535,3
0.14,12,9,3005059,global_min_cost,1539,10,10,8,2,80.0,542.5625496432872,432.3333188089376,888.2459218717039,4340.500397146297,3
0.14,14,9,3005059,greedy,1539,10,10,8,2,80.0,533.4302934687086,436.41037298692197,871.7357988057967,4267.442347749668,3
0.14,14,9,3005059,global_min_cost,1539,10,10,8,2,80.0,513.6421341008889,432.3333188089376,856.4925421811517,4109.137072807111,3
0.14,16,9,3005059,greedy,1539,10,10,8,2,80.0,513.4574474407607,436.41037298692197,814.5328924890639,4107.6595795260855,3
0.14,16,9,3005059,global_min_cost,1539,10,10,8,2,80.0,493.6692880729411,444.92706182072084,796.9016522725673,3949.354304583529,3
0.14,20,9,3005059,greedy,1539,10,10,8,2,80.0,507.30290898613384,432.3333188089376,806.7976025621352,4058.4232718890707,3
0.14,20,9,3005059,global_min_cost,1539,10,10,8,2,80.0,480.732534790433,444.92706182072084,787.9385354068224,3845.860278323464,3
0.14,24,9,3005059,greedy,1539,10,10,8,2,80.0,494.1546390321875,432.3333188089376,806.7976025621352,3953.2371122575,3
0.14,24,9,3005059,global_min_cost,1539,10,10,8,2,80.0,467.58426483648674,444.92706182072084,787.9385354068224,3740.6741186918944,3
0.14,32,9,3005059,greedy,1539,10,10,8,2,80.0,374.3801788181448,346.8258907898286,708.7926789111641,2995.0414305451586,3
0.14,32,9,3005059,global_min_cost,1539,10,10,8,2,80.0,312.40560425553076,360.2160984863578,474.37494554491536,2499.244834044246,3
0.14,8,10,3005060,greedy,1601,10,10,7,3,70.0,1936.9487855612554,1634.6710894400617,4018.540424071076,13558.641498928786,8
0.14,8,10,3005060,global_min_cost,1601,10,10,7,3,70.0,1204.7417152448545,179.88794408118991,3353.2672234729325,8433.192006713982,8
0.14,10,10,3005060,greedy,1601,10,10,8,2,80.0,1672.6881814666096,1636.6543858397977,3636.8534371890028,13381.505451732877,7
0.14,10,10,3005060,global_min_cost,1601,10,10,8,2,80.0,1113.9125784153969,328.9982823451918,3357.9347457132303,8911.300627323175,5
0.14,12,10,3005060,greedy,1601,10,10,9,1,90.0,1180.2542631750844,958.1916920240328,2181.939194564993,10622.288368575759,3
0.14,12,10,3005060,global_min_cost,1601,10,10,9,1,90.0,878.6878629584535,326.78392242449337,1989.8372451312134,7908.190766626081,3
0.14,14,10,3005060,greedy,1601,10,10,9,1,90.0,687.365681748985,381.6700179231093,1489.6333648142086,6186.291135740865,3
0.14,14,10,3005060,global_min_cost,1601,10,10,9,1,90.0,672.3840510597287,411.7267790008119,1531.3735412320361,6051.456459537558,3
0.14,16,10,3005060,greedy,1601,10,10,9,1,90.0,656.0272052336687,326.78392242449337,1489.6333648142086,5904.2448471030175,3
0.14,16,10,3005060,global_min_cost,1601,10,10,9,1,90.0,629.2967361560436,326.78392242449337,1531.3735412320361,5663.670625404393,3
0.14,20,10,3005060,greedy,1601,10,10,9,1,90.0,450.3807622713899,264.63462117314833,1017.8024906885753,4053.4268604425097,3
0.14,20,10,3005060,global_min_cost,1601,10,10,9,1,90.0,450.38076227139,246.26978568957168,1044.8399935552957,4053.42686044251,3
0.14,24,10,3005060,greedy,1601,10,10,9,1,90.0,450.3807622713899,264.63462117314833,1017.8024906885753,4053.4268604425097,3
0.14,24,10,3005060,global_min_cost,1601,10,10,9,1,90.0,450.38076227139,246.26978568957168,1044.8399935552957,4053.42686044251,3
0.14,32,10,3005060,greedy,1601,10,10,9,1,90.0,212.10069096508315,191.10083128371497,393.65798722504496,1908.9062186857482,3
0.14,32,10,3005060,global_min_cost,1601,10,10,9,1,90.0,198.4156170075983,130.47922184190034,408.56296363383785,1785.7405530683848,3
0.14,8,11,3005061,greedy,1591,10,10,7,3,70.0,450.96110614402966,363.01051500328765,934.3183925817438,3156.7277430082077,6
0.14,8,11,3005061,global_min_cost,1591,10,10,7,3,70.0,285.94571875755304,218.76823603891248,627.1410316020027,2001.620031302871,8
0.14,10,11,3005061,greedy,1591,10,10,9,1,90.0,391.0508927755878,437.1342576341993,714.8522268990545,3519.45803498029,1
0.14,10,11,3005061,global_min_cost,1591,10,10,9,1,90.0,355.8021637314276,267.40157469170686,650.7010401965209,3202.2194735828484,1
0.14,12,11,3005061,greedy,1591,10,10,9,1,90.0,357.26815697448023,420.9207098220868,590.704514054232,3215.413412770322,1
0.14,12,11,3005061,global_min_cost,1591,10,10,9,1,90.0,349.79446286620544,267.40157469170686,650.7010401965209,3148.150165795849,1
0.14,14,11,3005061,greedy,1591,10,10,9,1,90.0,357.26815697448023,420.9207098220868,590.704514054232,3215.413412770322,1
0.14,14,11,3005061,global_min_cost,1591,10,10,9,1,90.0,349.79446286620544,267.40157469170686,650.7010401965209,3148.150165795849,1
0.14,16,11,3005061,greedy,1591,10,10,9,1,90.0,320.7556918790157,327.8692699140512,590.704514054232,2886.8012269111414,1
0.14,16,11,3005061,global_min_cost,1591,10,10,9,1,90.0,316.3061979472864,267.40157469170686,590.704514054232,2846.7557815255777,1
0.14,20,11,3005061,greedy,1591,10,10,9,1,90.0,304.71742743009423,327.8692699140512,484.0266847067324,2742.456846870848,1
0.14,20,11,3005061,global_min_cost,1591,10,10,9,1,90.0,300.2679334983649,267.40157469170686,498.95017301825123,2702.4114014852844,1
0.14,24,11,3005061,greedy,1591,10,10,9,1,90.0,191.6370132327497,204.34553992193867,344.28013922447457,1724.7331190947473,1
0.14,24,11,3005061,global_min_cost,1591,10,10,9,1,90.0,190.48354064748528,218.76823603891248,344.28013922447457,1714.3518658273676,1
0.14,32,11,3005061,greedy,1591,10,10,9,1,90.0,181.15467789579233,171.7665115857535,344.28013922447457,1630.3921010621311,1
0.14,32,11,3005061,global_min_cost,1591,10,10,9,1,90.0,181.15467789579233,171.7665115857535,344.28013922447457,1630.3921010621311,1
0.14,8,12,3005062,greedy,1601,10,10,7,3,70.0,1283.2617463589427,1191.0652925328993,1872.5793907998777,8982.8322245126,10
0.14,8,12,3005062,global_min_cost,1601,10,10,7,3,70.0,1031.9852386527518,1026.2265174520437,1855.6727804552772,7223.896670569264,10
0.14,10,12,3005062,greedy,1601,10,10,8,2,80.0,1010.9384557368921,980.9212521366888,1425.9401561124514,8087.507645895137,6
0.14,10,12,3005062,global_min_cost,1601,10,10,8,2,80.0,851.4123725160414,780.6601699062464,1659.5473993579128,6811.298980128331,6
0.14,12,12,3005062,greedy,1601,10,10,8,2,80.0,774.3523951570395,682.9250564555105,1396.8695047561105,6194.819161256316,6
0.14,12,12,3005062,global_min_cost,1601,10,10,8,2,80.0,636.7934002703091,541.9431657491251,1409.115959849908,5094.347202162472,6
0.14,14,12,3005062,greedy,1601,10,10,8,2,80.0,607.2737148361215,438.03549731321993,1263.8709036658704,4858.189718688972,6
0.14,14,12,3005062,global_min_cost,1601,10,10,8,2,80.0,526.6480824517502,395.286316754465,1263.8709036658704,4213.184659614001,6
0.14,16,12,3005062,greedy,1601,10,10,8,2,80.0,501.9431114308612,438.03549731321993,899.4165294059969,4015.54489144689,6
0.14,16,12,3005062,global_min_cost,1601,10,10,8,2,80.0,461.3117502261126,395.286316754465,888.7458889925157,3690.494001808901,6
0.14,20,12,3005062,greedy,1601,10,10,8,2,80.0,424.883631703685,302.3316421216831,756.320548173903,3399.06905362948,6
0.14,20,12,3005062,global_min_cost,1601,10,10,8,2,80.0,412.57993678915864,348.2329907825202,756.320548173903,3300.6394943132686,6
0.14,24,12,3005062,greedy,1601,10,10,8,2,80.0,412.5387259889087,302.3316421216831,719.0348639630961,3300.30980791127,6
0.14,24,12,3005062,global_min_cost,1601,10,10,8,2,80.0,400.23503107438233,332.70538039331035,719.0348639630961,3201.8802485950587,6
0.14,32,12,3005062,greedy,1601,10,10,8,2,80.0,409.2176040389792,302.3316421216831,719.0348639630961,3273.740832311834,6
0.14,32,12,3005062,global_min_cost,1601,10,10,8,2,80.0,386.4009359427048,306.18109805552825,719.0348639630961,3091.2074875416383,6
0.14,8,13,3005063,greedy,1536,10,10,8,2,80.0,623.2615032195613,443.30986615246456,1363.2200320306952,4986.09202575649,8
0.14,8,13,3005063,global_min_cost,1536,10,10,8,2,80.0,385.7087294493007,346.84151119758405,721.0677317317994,3085.669835594405,6
0.14,10,13,3005063,greedy,1536,10,10,9,1,90.0,588.289325129921,513.5383992517097,1335.624421023602,5294.60392616929,3
0.14,10,13,3005063,global_min_cost,1536,10,10,10,0,100.0,775.0516696365008,553.1957505333266,1652.656483337294,7750.516696365008,0
0.14,12,13,3005063,greedy,1536,10,10,10,0,100.0,608.3648684219745,571.1062738493526,1308.0288100165085,6083.648684219745,0
0.14,12,13,3005063,global_min_cost,1536,10,10,10,0,100.0,592.7842636213422,505.71657706584267,1204.0691507199313,5927.842636213422,0
0.14,14,13,3005063,greedy,1536,10,10,10,0,100.0,538.8117866507583,375.20078980560584,1291.7452711915148,5388.117866507584,0
0.14,14,13,3005063,global_min_cost,1536,10,10,10,0,100.0,518.2220551848139,263.20572201755346,1308.0288100165085,5182.220551848139,0
0.14,16,13,3005063,greedy,1536,10,10,10,0,100.0,479.3675178238942,235.3998520234007,1291.7452711915148,4793.675178238942,0
0.14,16,13,3005063,global_min_cost,1536,10,10,10,0,100.0,320.7543568881485,211.05054640860106,705.1678563646421,3207.543568881485,0
0.14,20,13,3005063,greedy,1536,10,10,10,0,100.0,440.5210051020959,198.76579963795132,1291.7452711915148,4405.210051020959,0
0.14,20,13,3005063,global_min_cost,1536,10,10,10,0,100.0,304.3068577239606,179.94610989676735,705.1678563646421,3043.0685772396064,0
0.14,24,13,3005063,greedy,1536,10,10,10,0,100.0,440.5210051020959,198.76579963795132,1291.7452711915148,4405.210051020959,0
0.14,24,13,3005063,global_min_cost,1536,10,10,10,0,100.0,304.3068577239606,179.94610989676735,705.1678563646421,3043.0685772396064,0
0.14,32,13,3005063,greedy,1536,10,10,10,0,100.0,214.8018686302057,163.86125348877897,305.07416758531025,2148.0186863020567,0
0.14,32,13,3005063,global_min_cost,1536,10,10,10,0,100.0,214.8018686302057,163.86125348877897,305.07416758531025,2148.0186863020567,0
0.14,8,14,3005064,greedy,1564,10,10,8,2,80.0,1430.7057054464324,999.6558722590994,3266.9472330293343,11445.64564357146,6
0.14,8,14,3005064,global_min_cost,1564,10,10,8,2,80.0,1167.9667253720877,783.1897377714879,2683.939635263417,9343.733802976702,6
0.14,10,14,3005064,greedy,1564,10,10,9,1,90.0,1152.2841410292947,686.2328690097895,2034.714197381856,10370.55726926365,1
0.14,10,14,3005064,global_min_cost,1564,10,10,9,1,90.0,915.7135093846879,648.6414478982082,1641.4701611452138,8241.42158446219,1
0.14,12,14,3005064,greedy,1564,10,10,9,1,90.0,743.0771980136597,648.6414478982082,1265.6809733879397,6687.694782122936,1
0.14,12,14,3005064,global_min_cost,1564,10,10,9,1,90.0,741.2685886843911,713.3500997459647,1307.1644956910684,6671.41729815952,1
0.14,14,14,3005064,greedy,1564,10,10,9,1,90.0,705.1390209401188,629.9138344391959,1209.8933211768458,6346.2511884610685,1
0.14,14,14,3005064,global_min_cost,1564,10,10,9,1,90.0,705.1390209401188,648.6414478982082,1149.909743176241,6346.251188461069,1
0.14,16,14,3005064,greedy,1564,10,10,9,1,90.0,705.1390209401188,629.9138344391959,1209.8933211768458,6346.2511884610685,1
0.14,16,14,3005064,global_min_cost,1564,10,10,9,1,90.0,705.1390209401188,611.2533965090333,1307.1644956910684,6346.251188461069,1
0.14,20,14,3005064,greedy,1564,10,10,9,1,90.0,692.9373353014066,629.9138344391959,1209.8933211768458,6236.43601771266,1
0.14,20,14,3005064,global_min_cost,1564,10,10,9,1,90.0,692.9373353014066,648.6414478982082,1149.909743176241,6236.436017712659,1
0.14,24,14,3005064,greedy,1564,10,10,9,1,90.0,680.6522218814303,629.9138344391959,1209.8933211768458,6125.869996932872,1
0.14,24,14,3005064,global_min_cost,1564,10,10,9,1,90.0,680.6522218814303,629.9138344391959,1206.441217879744,6125.869996932873,1
0.14,32,14,3005064,greedy,1564,10,10,9,1,90.0,544.2410330263693,386.66946992462675,1075.6047019906443,4898.169297237324,1
0.14,32,14,3005064,global_min_cost,1564,10,10,9,1,90.0,539.378635911226,611.2533965090333,964.0376846883026,4854.407723201032,1
0.14,8,15,3005065,greedy,1667,10,10,7,3,70.0,580.4408417314153,414.72204696708735,1136.6656883497283,4063.085892119907,4
0.14,8,15,3005065,global_min_cost,1667,10,10,7,3,70.0,478.9778706313917,326.5705154235618,959.0839807526729,3352.8450944197416,7
0.14,10,15,3005065,greedy,1667,10,10,7,3,70.0,432.45929711030374,409.911761793616,724.5349547339915,3027.215079772126,4
0.14,10,15,3005065,global_min_cost,1667,10,10,7,3,70.0,398.0044836837375,326.5705154235618,724.5349547339915,2786.031385786162,7
0.14,12,15,3005065,greedy,1667,10,10,7,3,70.0,403.9043883672043,352.3360002862007,669.5356289256679,2827.3307185704302,4
0.14,12,15,3005065,global_min_cost,1667,10,10,7,3,70.0,368.88467161189055,267.9641758299846,701.7026293876613,2582.1927012832334,7
0.14,14,15,3005065,greedy,1667,10,10,7,3,70.0,403.9043883672043,352.3360002862007,669.5356289256679,2827.3307185704302,4
0.14,14,15,3005065,global_min_cost,1667,10,10,7,3,70.0,368.88467161189055,267.9641758299846,701.7026293876613,2582.1927012832334,7
0.14,16,15,3005065,greedy,1667,10,10,7,3,70.0,390.75046632870976,341.15346363639594,669.5356289256679,2735.253264300968,4
0.14,16,15,3005065,global_min_cost,1667,10,10,7,3,70.0,355.73074957339594,267.9641758299846,697.2296147277393,2490.1152470137713,7
0.14,20,15,3005065,greedy,1667,10,10,7,3,70.0,326.5704182082297,267.9641758299846,581.2900581859269,2285.992927457608,4
0.14,20,15,3005065,global_min_cost,1667,10,10,7,3,70.0,314.5265813966824,267.9641758299846,581.2900581859269,2201.6860697767765,7
0.14,24,15,3005065,greedy,1667,10,10,7,3,70.0,300.10595718649483,216.4614619982761,514.037618709832,2100.741700305464,4
0.14,24,15,3005065,global_min_cost,1667,10,10,7,3,70.0,288.06212037494754,211.13044497369566,514.037618709832,2016.4348426246327,7
0.14,32,15,3005065,greedy,1667,10,10,7,3,70.0,274.3987488492614,211.13044497369566,459.84611679654614,1920.7912419448298,4
0.14,32,15,3005065,global_min_cost,1667,10,10,7,3,70.0,262.3549120377141,211.13044497369566,459.84611679654614,1836.4843842639987,7
0.14,8,16,3005066,greedy,1591,10,10,8,2,80.0,1077.2695611962015,760.1818851839894,1996.5677764047416,8618.156489569612,8
0.14,8,16,3005066,global_min_cost,1591,10,10,8,2,80.0,996.7666001422365,817.3789130575365,1851.1907003743245,7974.132801137892,8
0.14,10,16,3005066,greedy,1591,10,10,8,2,80.0,711.8646411620875,468.36049343271145,1507.0997236268336,5694.9171292967,8
0.14,10,16,3005066,global_min_cost,1591,10,10,8,2,80.0,554.6399622753316,381.28206448872913,1151.464189703167,4437.119698202654,8
0.14,12,16,3005066,greedy,1591,10,10,8,2,80.0,503.1928051240281,308.00802855453003,1123.466945510096,4025.5424409922252,8
0.14,12,16,3005066,global_min_cost,1591,10,10,8,2,80.0,446.68313283026873,367.39535339541516,760.8588914758827,3573.46506264215,8
0.14,14,16,3005066,greedy,1591,10,10,8,2,80.0,471.13510001679737,308.00802855453003,943.9437969096039,3769.08080013438,8
0.14,14,16,3005066,global_min_cost,1591,10,10,8,2,80.0,436.04899671347795,298.3240656402317,806.6600036413943,3488.3919737078236,8
0.14,16,16,3005066,greedy,1591,10,10,8,2,80.0,449.73373918640164,308.00802855453003,824.0961762593877,3597.869913491214,8
0.14,16,16,3005066,global_min_cost,1591,10,10,8,2,80.0,414.6476358830822,284.45637694267305,760.8588914758827,3317.1810870646577,8
0.14,20,16,3005066,greedy,1591,10,10,8,2,80.0,449.73373918640164,308.00802855453003,824.0961762593877,3597.869913491214,8
0.14,20,16,3005066,global_min_cost,1591,10,10,8,2,80.0,414.6476358830822,284.45637694267305,760.8588914758827,3317.1810870646577,8
0.14,24,16,3005066,greedy,1591,10,10,8,2,80.0,435.26480045870466,250.1322736437421,824.0961762593877,3482.118403669638,8
0.14,24,16,3005066,global_min_cost,1591,10,10,8,2,80.0,395.66684244356355,208.53320318459845,760.8588914758827,3165.3347395485084,8
0.14,32,16,3005066,greedy,1591,10,10,8,2,80.0,313.6431225491516,242.3365474968424,527.3161367116363,2509.144980393213,8
0.14,32,16,3005066,global_min_cost,1591,10,10,8,2,80.0,309.25805877248916,235.97549771044132,527.3161367116363,2474.0644701799133,8
0.14,8,17,3005067,greedy,1567,10,10,6,4,60.0,1408.551388775765,1029.6993019314443,2634.2792614177743,8451.30833265459,6
0.14,8,17,3005067,global_min_cost,1567,10,10,6,4,60.0,580.4425579112913,306.9899296558551,1259.3698798830267,3482.6553474677476,8
0.14,10,17,3005067,greedy,1567,10,10,8,2,80.0,1263.1618512472357,946.1088399494961,2407.292420093253,10105.294809977886,3
0.14,10,17,3005067,global_min_cost,1567,10,10,8,2,80.0,756.3256121283964,582.7421405001389,1427.299583880275,6050.604897027172,5
0.14,12,17,3005067,greedy,1567,10,10,9,1,90.0,976.1056275536392,943.1377017212681,1808.9039179126466,8784.950647982752,2
0.14,12,17,3005067,global_min_cost,1567,10,10,9,1,90.0,835.2250608642871,860.1300600600717,1277.5449265219686,7517.025547778584,2
0.14,14,17,3005067,greedy,1567,10,10,9,1,90.0,700.7504079263986,816.8492515510259,1092.3799282325672,6306.753671337588,2
0.14,14,17,3005067,global_min_cost,1567,10,10,9,1,90.0,564.1672498173433,348.635029449252,1030.3827862383985,5077.505248356089,2
0.14,16,17,3005067,greedy,1567,10,10,9,1,90.0,473.60963211216847,348.635029449252,876.731588392311,4262.486689009516,2
0.14,16,17,3005067,global_min_cost,1567,10,10,9,1,90.0,462.25302222726793,299.5349049696061,960.0936354631554,4160.2772000454115,2
0.14,20,17,3005067,greedy,1567,10,10,9,1,90.0,416.41863041446476,345.41104478073856,859.1598920011326,3747.7676737301827,2
0.14,20,17,3005067,global_min_cost,1567,10,10,9,1,90.0,411.1067863179841,321.4904157666801,775.9981457830941,3699.961076861857,2
0.14,24,17,3005067,greedy,1567,10,10,9,1,90.0,354.3631840994212,265.3448298624582,732.3381042645711,3189.2686568947906,2
0.14,24,17,3005067,global_min_cost,1567,10,10,9,1,90.0,349.0513400029405,321.4904157666801,711.5476677100614,3141.4620600264648,2
0.14,32,17,3005067,greedy,1567,10,10,9,1,90.0,345.25606815123115,265.3448298624582,732.3381042645711,3107.30461336108,2
0.14,32,17,3005067,global_min_cost,1567,10,10,9,1,90.0,339.94422405475046,321.4904157666801,711.5476677100614,3059.4980164927547,2
0.14,8,18,3005068,greedy,1596,10,10,8,2,80.0,935.7987475805166,819.9258308989886,1661.3419388886368,7486.389980644133,7
0.14,8,18,3005068,global_min_cost,1596,10,10,8,2,80.0,708.2609882234985,475.66200083401503,1350.8057631069837,5666.087905787989,5
0.14,10,18,3005068,greedy,1596,10,10,9,1,90.0,828.9704396604774,594.5969219221279,1892.5362285905408,7460.733956944297,5
0.14,10,18,3005068,global_min_cost,1596,10,10,9,1,90.0,665.0147907296575,367.90178673838375,1253.5506366560076,5985.133116566919,4
0.14,12,18,3005068,greedy,1596,10,10,10,0,100.0,639.3754876999982,342.99502942835363,1547.6143260130661,6393.754876999982,0
0.14,12,18,3005068,global_min_cost,1596,10,10,10,0,100.0,503.3708510183036,404.4247898523105,948.0391038725512,5033.708510183035,0
0.14,14,18,3005068,greedy,1596,10,10,10,0,100.0,588.2971324344193,310.81256450471994,1547.6143260130661,5882.971324344192,0
0.14,14,18,3005068,global_min_cost,1596,10,10,10,0,100.0,440.81424306273794,379.9965018725834,912.2613155965644,4408.14243062738,0
0.14,16,18,3005068,greedy,1596,10,10,10,0,100.0,424.6387413385897,310.81256450471994,710.4631279661363,4246.387413385896,0
0.14,16,18,3005068,global_min_cost,1596,10,10,10,0,100.0,421.1263880355205,318.5667414486265,710.4631279661363,4211.263880355205,0
0.14,20,18,3005068,greedy,1596,10,10,10,0,100.0,203.1712248792923,187.5213275227038,325.7802186370435,2031.7122487929232,0
0.14,20,18,3005068,global_min_cost,1596,10,10,10,0,100.0,194.97731910409726,174.06983749687814,325.7802186370435,1949.7731910409725,0
0.14,24,18,3005068,greedy,1596,10,10,10,0,100.0,181.98453718491217,165.61310172151383,303.89332577720785,1819.8453718491216,0
0.14,24,18,3005068,global_min_cost,1596,10,10,10,0,100.0,173.7906314097171,165.61310172151383,303.395996268558,1737.9063140971712,0
0.14,32,18,3005068,greedy,1596,10,10,10,0,100.0,146.6282990139302,130.48535369744909,303.395996268558,1466.282990139302,0
0.14,32,18,3005068,global_min_cost,1596,10,10,10,0,100.0,146.6282990139302,130.48535369744909,303.395996268558,1466.282990139302,0
0.14,8,19,3005069,greedy,1556,10,10,8,2,80.0,647.5390546243502,548.8210643355425,1168.8383473892727,5180.312436994803,6
0.14,8,19,3005069,global_min_cost,1556,10,10,8,2,80.0,486.4371020205798,464.23718231250314,829.0040070331916,3891.4968161646384,4
0.14,10,19,3005069,greedy,1556,10,10,9,1,90.0,734.6383571346008,558.2698028510931,1250.979539934516,6611.745214211408,2
0.14,10,19,3005069,global_min_cost,1556,10,10,9,1,90.0,600.4795107894042,566.5937269303412,1188.3945002545477,5404.315597104639,2
0.14,12,19,3005069,greedy,1556,10,10,9,1,90.0,531.4243566880697,461.91836970961435,1014.0495100822311,4782.819210192628,2
0.14,12,19,3005069,global_min_cost,1556,10,10,9,1,90.0,464.11139659454983,267.82073754499817,1157.8397995731684,4177.002569350949,2
0.14,14,19,3005069,greedy,1556,10,10,9,1,90.0,452.73197503918277,367.17376494846906,677.2096931966101,4074.5877753526447,2
0.14,14,19,3005069,global_min_cost,1556,10,10,9,1,90.0,412.7963908100627,338.9201123212867,768.8618641399177,3715.1675172905634,2
0.14,16,19,3005069,greedy,1556,10,10,9,1,90.0,427.4296638328971,353.83132765138856,677.2096931966101,3846.8669744960744,2
0.14,16,19,3005069,global_min_cost,1556,10,10,9,1,90.0,389.94876210220997,267.82073754499817,721.9942647966312,3509.5388589198897,2
0.14,20,19,3005069,greedy,1556,10,10,9,1,90.0,313.7403366703337,317.32488722089073,459.90868463924,2823.6630300330035,2
0.14,20,19,3005069,global_min_cost,1556,10,10,9,1,90.0,271.6501423497083,258.18913228863426,471.50634959170577,2444.8512811473747,2
0.14,24,19,3005069,greedy,1556,10,10,9,1,90.0,236.63923280604615,182.47946538883787,457.44610331893267,2129.7530952544153,2
0.14,24,19,3005069,global_min_cost,1556,10,10,9,1,90.0,236.63923280604615,182.47946538883787,457.44610331893267,2129.7530952544153,2
0.14,32,19,3005069,greedy,1556,10,10,9,1,90.0,225.16404185790233,182.47946538883787,457.44610331893267,2026.476376721121,2
0.14,32,19,3005069,global_min_cost,1556,10,10,9,1,90.0,225.16404185790233,182.47946538883787,457.44610331893267,2026.476376721121,2
0.14,8,20,3005070,greedy,1582,10,10,7,3,70.0,1478.4657524599015,1386.2677277381165,3065.3169356277217,10349.260267219312,12
0.14,8,20,3005070,global_min_cost,1582,10,10,7,3,70.0,858.3938928054557,602.4158142013458,1861.6625443430821,6008.757249638191,5
0.14,10,20,3005070,greedy,1582,10,10,8,2,80.0,962.6793417018323,1114.160847935138,1707.7699148806412,7701.434733614658,8
0.14,10,20,3005070,global_min_cost,1582,10,10,9,1,90.0,876.276853215207,602.4158142013458,1494.8243790792717,7886.4916789368635,3
0.14,12,20,3005070,greedy,1582,10,10,8,2,80.0,962.6793417018323,1114.160847935138,1707.7699148806412,7701.434733614658,8
0.14,12,20,3005070,global_min_cost,1582,10,10,9,1,90.0,827.5725049164921,640.019101425181,1390.9348577919673,7448.152544248429,3
0.14,14,20,3005070,greedy,1582,10,10,9,1,90.0,894.5442245570613,1079.289103480433,1675.0125163747882,8050.898021013551,5
0.14,14,20,3005070,global_min_cost,1582,10,10,10,0,100.0,779.7615831647324,514.9748844683052,1735.8329521798387,7797.615831647325,0
0.14,16,20,3005070,greedy,1582,10,10,10,0,100.0,649.6528405317035,475.93955080011983,1251.1335938772643,6496.528405317035,0
0.14,16,20,3005070,global_min_cost,1582,10,10,10,0,100.0,611.5103989609528,569.2613767955207,1160.4947569612423,6115.103989609529,0
0.14,20,20,3005070,greedy,1582,10,10,10,0,100.0,553.6937000362939,454.21006092406503,1056.5090117972932,5536.937000362939,0
0.14,20,20,3005070,global_min_cost,1582,10,10,10,0,100.0,499.31739804743506,310.112545482011,998.0158719421737,4993.173980474351,0
0.14,24,20,3005070,greedy,1582,10,10,10,0,100.0,427.63179106441066,337.6883546324001,868.3680872034762,4276.317910644107,0
0.14,24,20,3005070,global_min_cost,1582,10,10,10,0,100.0,384.54788499846745,317.1392563274349,662.1674674712837,3845.478849984675,0
0.14,32,20,3005070,greedy,1582,10,10,10,0,100.0,311.3514878814668,234.02682152544213,632.626379149209,3113.5148788146685,0
0.14,32,20,3005070,global_min_cost,1582,10,10,10,0,100.0,253.68968895343286,219.10347532953273,362.49939334351274,2536.8968895343287,0
0.14,8,21,3005071,greedy,1579,10,10,8,2,80.0,777.5752037584474,634.7720031476116,1446.1228921154334,6220.60163006758,5
0.14,8,21,3005071,global_min_cost,1579,10,10,8,2,80.0,422.8930517464308,294.2236215106282,959.1057652366915,3383.1444139714463,3
0.14,10,21,3005071,greedy,1579,10,10,9,1,90.0,1012.7464947422095,778.2736168613434,2030.911666003782,9114.718452679886,1
0.14,10,21,3005071,global_min_cost,1579,10,10,9,1,90.0,599.3959583598057,350.1686901239369,1274.5717575792708,5394.563625238251,2
0.14,12,21,3005071,greedy,1579,10,10,10,0,100.0,946.7406181566456,718.1577444912468,1477.6553175080653,9467.406181566457,0
0.14,12,21,3005071,global_min_cost,1579,10,10,10,0,100.0,596.1372354656601,328.5830791082276,1293.1807750592595,5961.372354656601,0
0.14,14,21,3005071,greedy,1579,10,10,10,0,100.0,411.43357019586534,261.1173525248305,898.4577151489415,4114.335701958654,0
0.14,14,21,3005071,global_min_cost,1579,10,10,10,0,100.0,382.065665227097,249.4885800636187,915.7384530674232,3820.6566522709695,0
0.14,16,21,3005071,greedy,1579,10,10,10,0,100.0,329.0086121009925,248.08678153796728,600.7245294433417,3290.0861210099247,0
0.14,16,21,3005071,global_min_cost,1579,10,10,10,0,100.0,301.8101812641864,272.86659608602463,462.8693814425566,3018.101812641863,0
0.14,20,21,3005071,greedy,1579,10,10,10,0,100.0,264.1534904852824,216.95464629609603,411.27688394003553,2641.534904852824,0
0.14,20,21,3005071,global_min_cost,1579,10,10,10,0,100.0,235.05377785969142,208.57863876381347,391.5900893713452,2350.537778596914,0
0.14,24,21,3005071,greedy,1579,10,10,10,0,100.0,250.9317517533535,190.05832921389282,396.9597629927758,2509.317517533535,0
0.14,24,21,3005071,global_min_cost,1579,10,10,10,0,100.0,225.40473022188343,201.2433418745788,340.6534812772069,2254.0473022188344,0
0.14,32,21,3005071,greedy,1579,10,10,10,0,100.0,217.68522509412497,190.05832921389282,304.15708729678846,2176.8522509412496,0
0.14,32,21,3005071,global_min_cost,1579,10,10,10,0,100.0,208.27230703722438,176.9587629229658,304.15708729678846,2082.7230703722435,0
0.14,8,22,3005072,greedy,1716,10,10,7,3,70.0,1913.5596649254214,2103.6952116521525,2774.663760942323,13394.91765447795,8
0.14,8,22,3005072,global_min_cost,1716,10,10,7,3,70.0,1158.2670895793794,477.02320809732475,2372.407242998621,8107.869627055656,5
0.14,10,22,3005072,greedy,1716,10,10,9,1,90.0,1564.8747157339146,1283.11550403131,3255.326174298206,14083.872441605232,3
0.14,10,22,3005072,global_min_cost,1716,10,10,9,1,90.0,1184.6405010534666,700.8415463952612,2429.1890687705722,10661.764509481198,3
0.14,12,22,3005072,greedy,1716,10,10,9,1,90.0,862.4174936547296,544.9811386017568,1999.6670563387283,7761.757442892565,3
0.14,12,22,3005072,global_min_cost,1716,10,10,9,1,90.0,722.4114104920641,420.220662194571,1907.7120452279057,6501.702694428575,3
0.14,14,22,3005072,greedy,1716,10,10,9,1,90.0,510.1169264421205,308.31391455034844,846.8003585131034,4591.052337979084,3
0.14,14,22,3005072,global_min_cost,1716,10,10,9,1,90.0,473.0861791487483,300.31155481197516,753.0268564708825,4257.775612338734,3
0.14,16,22,3005072,greedy,1716,10,10,9,1,90.0,426.42052079313135,308.31391455034844,696.7708715610771,3837.784687138182,3
0.14,16,22,3005072,global_min_cost,1716,10,10,9,1,90.0,388.25756754469705,404.401086952458,569.2178983936614,3494.3181079022743,3
0.14,20,22,3005072,greedy,1716,10,10,9,1,90.0,417.85618452753056,308.31391455034844,684.0075118832461,3760.7056607477743,3
0.14,20,22,3005072,global_min_cost,1716,10,10,9,1,90.0,380.8254372341583,300.31155481197516,576.4446241927719,3427.428935107425,3
0.14,24,22,3005072,greedy,1716,10,10,9,1,90.0,405.20341684970845,308.31391455034844,661.2325300631663,3646.830751647376,3
0.14,24,22,3005072,global_min_cost,1716,10,10,9,1,90.0,365.5060846443451,328.92483761130757,522.7376391289738,3289.554761799106,3
0.14,32,22,3005072,greedy,1716,10,10,9,1,90.0,247.35693026964125,190.99682423577775,474.7601619332058,2226.2123724267713,3
0.14,32,22,3005072,global_min_cost,1716,10,10,9,1,90.0,243.66825821944403,190.99682423577775,418.9255111814314,2193.014323974996,3
0.14,8,23,3005073,greedy,1579,10,10,5,5,50.0,1117.2615102662974,1082.8132510450303,1968.6106936159786,5586.307551331487,16
0.14,8,23,3005073,global_min_cost,1579,10,10,5,5,50.0,470.73955755376596,245.37688869565912,1048.676251386639,2353.69778776883,11
0.14,10,23,3005073,greedy,1579,10,10,7,3,70.0,692.4930228199677,531.0388614214753,1360.970099714295,4847.451159739773,6
0.14,10,23,3005073,global_min_cost,1579,10,10,7,3,70.0,411.365081681159,245.37688869565912,820.2019315669672,2879.5555717681127,7
0.14,12,23,3005073,greedy,1579,10,10,8,2,80.0,383.04499433922007,349.3289424126199,615.8960229115087,3064.359954713761,4
0.14,12,23,3005073,global_min_cost,1579,10,10,8,2,80.0,383.0449943392201,339.8015801747041,612.9192196163215,3064.359954713761,4
0.14,14,23,3005073,greedy,1579,10,10,8,2,80.0,274.121814469258,258.19508367700206,414.5923916054435,2192.974515754064,4
0.14,14,23,3005073,global_min_cost,1579,10,10,8,2,80.0,272.259439864243,211.20660169225005,475.7160036437524,2178.0755189139445,4
0.14,16,23,3005073,greedy,1579,10,10,8,2,80.0,274.121814469258,258.19508367700206,414.5923916054435,2192.974515754064,4
0.14,16,23,3005073,global_min_cost,1579,10,10,8,2,80.0,272.259439864243,211.20660169225005,475.7160036437524,2178.0755189139445,4
0.14,20,23,3005073,greedy,1579,10,10,8,2,80.0,274.121814469258,258.19508367700206,414.5923916054435,2192.974515754064,4
0.14,20,23,3005073,global_min_cost,1579,10,10,8,2,80.0,270.61115469280867,211.20660169225005,475.7160036437524,2164.88923754247,4
0.14,24,23,3005073,greedy,1579,10,10,8,2,80.0,198.93811328584673,217.07377364581288,288.94380237253137,1591.5049062867738,4
0.14,24,23,3005073,global_min_cost,1579,10,10,8,2,80.0,198.93811328584673,211.20660169225005,297.15784310751934,1591.504906286774,4
0.14,32,23,3005073,greedy,1579,10,10,8,2,80.0,193.19163584384242,205.70203515421434,276.97301260166626,1545.5330867507394,4
0.14,32,23,3005073,global_min_cost,1579,10,10,8,2,80.0,193.19163584384242,199.8348632006515,280.8980033205332,1545.5330867507394,4
0.14,8,24,3005074,greedy,1611,10,10,7,3,70.0,588.9011538898777,373.9392897197286,1303.2821578408732,4122.308077229144,6
0.14,8,24,3005074,global_min_cost,1611,10,10,7,3,70.0,479.89664360217625,252.85565218773127,993.1400069444946,3359.2765052152336,9
0.14,10,24,3005074,greedy,1611,10,10,8,2,80.0,623.2742390890483,387.26957810124725,1353.991104513157,4986.193912712386,3
0.14,10,24,3005074,global_min_cost,1611,10,10,8,2,80.0,474.7009448534488,269.8027599924384,856.2880483461424,3797.6075588275908,4
0.14,12,24,3005074,greedy,1611,10,10,9,1,90.0,374.28096534784925,263.55422050482747,639.4436149815135,3368.528688130643,1
0.14,12,24,3005074,global_min_cost,1611,10,10,9,1,90.0,343.4659847510857,263.55422050482747,525.4425064332619,3091.193862759771,1
0.14,14,24,3005074,greedy,1611,10,10,9,1,90.0,293.0874855394667,263.55422050482747,476.2299616185592,2637.7873698552,1
0.14,14,24,3005074,global_min_cost,1611,10,10,9,1,90.0,272.92457419143886,252.85565218773127,466.98932990406337,2456.321167722949,1
0.14,16,24,3005074,greedy,1611,10,10,9,1,90.0,293.0874855394667,263.55422050482747,476.2299616185592,2637.7873698552,1
0.14,16,24,3005074,global_min_cost,1611,10,10,9,1,90.0,272.92457419143886,252.85565218773127,466.98932990406337,2456.321167722949,1
0.14,20,24,3005074,greedy,1611,10,10,9,1,90.0,293.0874855394667,263.55422050482747,476.2299616185592,2637.7873698552,1
0.14,20,24,3005074,global_min_cost,1611,10,10,9,1,90.0,272.92457419143886,252.85565218773127,466.98932990406337,2456.321167722949,1
0.14,24,24,3005074,greedy,1611,10,10,9,1,90.0,275.95042831295683,263.55422050482747,437.91007111407623,2483.5538548166114,1
0.14,24,24,3005074,global_min_cost,1611,10,10,9,1,90.0,255.787516964929,252.85565218773127,428.6694393995804,2302.0876526843613,1
0.14,32,24,3005074,greedy,1611,10,10,9,1,90.0,248.05507684733035,252.85565218773127,330.8275049268512,2232.495691625973,1
0.14,32,24,3005074,global_min_cost,1611,10,10,9,1,90.0,212.7490638912217,214.11802468406458,287.81583010816775,1914.7415750209955,1
0.14,8,25,3005075,greedy,1660,10,10,5,5,50.0,594.8437304673752,360.5867976515451,1180.9601543106915,2974.218652336876,12
0.14,8,25,3005075,global_min_cost,1660,10,10,5,5,50.0,561.7167471575141,360.5867976515451,1142.4153939034593,2808.5837357875707,12
0.14,10,25,3005075,greedy,1660,10,10,7,3,70.0,1000.9460096334503,360.5867976515451,2703.661709373812,7006.622067434152,8
0.14,10,25,3005075,global_min_cost,1660,10,10,7,3,70.0,726.8251831428829,360.5867976515451,1691.8903078399203,5087.776282000181,7
0.14,12,25,3005075,greedy,1660,10,10,9,1,90.0,998.9790123087845,414.2010780252687,2192.770874533121,8990.811110779061,3
0.14,12,25,3005075,global_min_cost,1660,10,10,9,1,90.0,953.830397438513,958.4954124824837,1828.3636111516234,8584.473576946617,3
0.14,14,25,3005075,greedy,1660,10,10,9,1,90.0,704.0338226887274,414.2010780252687,1537.104845784143,6336.304404198547,3
0.14,14,25,3005075,global_min_cost,1660,10,10,9,1,90.0,658.8852078184561,360.5867976515451,1532.6812807826173,5929.966870366105,3
0.14,16,25,3005075,greedy,1660,10,10,9,1,90.0,641.5261238917474,414.2010780252687,1487.6894443201559,5773.735115025727,3
0.14,16,25,3005075,global_min_cost,1660,10,10,9,1,90.0,596.377509021476,360.5867976515451,1410.4671900830824,5367.397581193284,3
0.14,20,25,3005075,greedy,1660,10,10,9,1,90.0,538.8383772685853,414.2010780252687,1065.3279603300734,4849.545395417267,3
0.14,20,25,3005075,global_min_cost,1660,10,10,9,1,90.0,508.514655831025,360.5867976515451,1077.9054456557244,4576.631902479225,3
0.14,24,25,3005075,greedy,1660,10,10,9,1,90.0,515.0199083850185,414.2010780252687,1035.0322016653045,4635.179175465168,3
0.14,24,25,3005075,global_min_cost,1660,10,10,9,1,90.0,484.6961869474583,360.5867976515451,1065.3279603300734,4362.265682527124,3
0.14,32,25,3005075,greedy,1660,10,10,9,1,90.0,281.1368837515574,320.7296451620292,414.24720427857443,2530.2319537640165,3
0.14,32,25,3005075,global_min_cost,1660,10,10,9,1,90.0,250.81316231399708,320.5223603789901,371.3557799795955,2257.318460825974,3
0.14,8,26,3005076,greedy,1523,10,10,7,3,70.0,669.7643890639984,425.00961318505387,1314.6022853824634,4688.350723447988,6
0.14,8,26,3005076,global_min_cost,1523,10,10,7,3,70.0,629.6069892000085,432.75495300282887,1314.6022853824634,4407.24892440006,8
0.14,10,26,3005076,greedy,1523,10,10,7,3,70.0,529.0523437727356,418.4227256517108,1017.035656652773,3703.366406409149,6
0.14,10,26,3005076,global_min_cost,1523,10,10,7,3,70.0,521.2857321749594,418.4227256517108,1017.035656652773,3649.0001252247157,8
0.14,12,26,3005076,greedy,1523,10,10,8,2,80.0,480.6071683971446,303.42946173989213,925.8867171645463,3844.857347177157,3
0.14,12,26,3005076,global_min_cost,1523,10,10,8,2,80.0,435.34813081974903,228.81368477093397,925.8867171645463,3482.7850465579922,5
0.14,14,26,3005076,greedy,1523,10,10,8,2,80.0,406.4458752729841,303.42946173989213,747.8996136665611,3251.567002183873,3
0.14,14,26,3005076,global_min_cost,1523,10,10,8,2,80.0,361.1868376955885,228.81368477093397,805.6976942352437,2889.4947015647085,5
0.14,16,26,3005076,greedy,1523,10,10,8,2,80.0,338.5971279816819,268.9997435421506,645.757913011042,2708.777023853456,3
0.14,16,26,3005076,global_min_cost,1523,10,10,8,2,80.0,293.3380904042864,228.81368477093397,599.7875279833407,2346.704723234291,5
0.14,20,26,3005076,greedy,1523,10,10,9,1,90.0,245.84887803888697,254.64571824757937,374.3628894565358,2212.6399023499825,1
0.14,20,26,3005076,global_min_cost,1523,10,10,9,1,90.0,235.91003726096116,202.98165129428858,372.9248747112316,2123.1903353486505,1
0.14,24,26,3005076,greedy,1523,10,10,9,1,90.0,180.7441497712823,195.31383579673658,293.57279903914446,1626.697347941541,1
0.14,24,26,3005076,global_min_cost,1523,10,10,9,1,90.0,180.7441497712823,195.31383579673658,293.57279903914446,1626.697347941541,1
0.14,32,26,3005076,greedy,1523,10,10,9,1,90.0,179.11777809204332,195.31383579673658,293.57279903914446,1612.0600028283902,1
0.14,32,26,3005076,global_min_cost,1523,10,10,9,1,90.0,179.11777809204332,195.31383579673658,293.57279903914446,1612.06000282839,1
0.14,8,27,3005077,greedy,1572,10,10,7,3,70.0,1546.3795655822487,1611.6766367228497,2430.309466845505,10824.65695907574,8
0.14,8,27,3005077,global_min_cost,1572,10,10,7,3,70.0,959.035154690313,763.2049107811024,1664.0920581360122,6713.246082832191,7
0.14,10,27,3005077,greedy,1572,10,10,8,2,80.0,1444.382218483281,1257.9982819958984,2251.0457869327847,11555.057747866247,6
0.14,10,27,3005077,global_min_cost,1572,10,10,8,2,80.0,988.5483920348789,979.1729821139714,1662.5908500377718,7908.387136279031,6
0.14,12,27,3005077,greedy,1572,10,10,8,2,80.0,856.8818650404808,756.0023514344982,1360.687976671268,6855.054920323845,6
0.14,12,27,3005077,global_min_cost,1572,10,10,8,2,80.0,669.2113221612959,660.8827976810945,1107.3688646801897,5353.690577290367,6
0.14,14,27,3005077,greedy,1572,10,10,8,2,80.0,651.9269524827731,608.3657616151052,1046.5030907307005,5215.415619862185,6
0.14,14,27,3005077,global_min_cost,1572,10,10,8,2,80.0,578.4595133429797,427.81100029313836,1107.3688646801897,4627.6761067438365,6
0.14,16,27,3005077,greedy,1572,10,10,8,2,80.0,651.9269524827731,608.3657616151052,1046.5030907307005,5215.415619862185,6
0.14,16,27,3005077,global_min_cost,1572,10,10,8,2,80.0,578.4595133429797,427.81100029313836,1107.3688646801897,4627.6761067438365,6
0.14,20,27,3005077,greedy,1572,10,10,8,2,80.0,430.18496549394973,351.90527565609426,680.3998045765809,3441.4797239515983,6
0.14,20,27,3005077,global_min_cost,1572,10,10,8,2,80.0,419.22026074188864,338.519696131106,769.776391232949,3353.762085935109,6
0.14,24,27,3005077,greedy,1572,10,10,8,2,80.0,383.27098911555083,286.270068550597,659.7841514326243,3066.1679129244067,6
0.14,24,27,3005077,global_min_cost,1572,10,10,8,2,80.0,383.2709891155508,286.270068550597,721.3568719584134,3066.167912924406,6
0.14,32,27,3005077,greedy,1572,10,10,8,2,80.0,357.6894749721792,286.270068550597,624.6248959026469,2861.5157997774336,6
0.14,32,27,3005077,global_min_cost,1572,10,10,8,2,80.0,343.823736670308,286.270068550597,624.6248959026469,2750.5898933624644,6
0.14,8,28,3005078,greedy,1644,10,10,4,6,40.0,825.946641741718,757.9705284259508,1331.952268277075,3303.7865669668727,13
0.14,8,28,3005078,global_min_cost,1644,10,10,4,6,40.0,401.8518252055767,301.63623640674695,686.9150412603329,1607.407300822307,17
0.14,10,28,3005078,greedy,1644,10,10,6,4,60.0,822.9614177566057,598.0611111116852,1541.2273447945277,4937.7685065396345,8
0.14,10,28,3005078,global_min_cost,1644,10,10,6,4,60.0,402.4297103479882,345.2374854627389,701.8628352394189,2414.578262087929,11
0.14,12,28,3005078,greedy,1644,10,10,7,3,70.0,1078.7328058377911,634.3099284100483,2366.8105765722407,7551.129640864538,7
0.14,12,28,3005078,global_min_cost,1644,10,10,7,3,70.0,430.3470472655832,365.2227122772387,695.4759919288986,3012.4293308590827,7
0.14,14,28,3005078,greedy,1644,10,10,7,3,70.0,408.6687665305703,325.2522586482391,648.4116845834438,2860.6813657139924,7
0.14,14,28,3005078,global_min_cost,1644,10,10,7,3,70.0,322.1342324141157,325.2522586482391,576.2278037964547,2254.93962689881,7
0.14,16,28,3005078,greedy,1644,10,10,7,3,70.0,408.6687665305703,325.2522586482391,648.4116845834438,2860.6813657139924,7
0.14,16,28,3005078,global_min_cost,1644,10,10,7,3,70.0,322.1342324141157,325.2522586482391,576.2278037964547,2254.93962689881,7
0.14,20,28,3005078,greedy,1644,10,10,7,3,70.0,287.6472680055078,278.0202141652548,499.52412820271735,2013.5308760385547,7
0.14,20,28,3005078,global_min_cost,1644,10,10,7,3,70.0,285.2858376795072,278.0202141652548,529.0485259307693,1997.0008637565506,7
0.14,24,28,3005078,greedy,1644,10,10,7,3,70.0,179.64011564210347,158.1561693403162,340.40126229532353,1257.4808094947243,7
0.14,24,28,3005078,global_min_cost,1644,10,10,7,3,70.0,177.2786853161029,158.1561693403162,360.08419411402485,1240.9507972127203,7
0.14,32,28,3005078,greedy,1644,10,10,7,3,70.0,122.55210154879651,158.1561693403162,188.18306731010458,857.8647108415756,7
0.14,32,28,3005078,global_min_cost,1644,10,10,7,3,70.0,122.55210154879651,158.1561693403162,188.18306731010458,857.8647108415756,7
0.14,8,29,3005079,greedy,1581,10,10,5,5,50.0,442.1482858064039,397.29047872416385,854.6757361461915,2210.7414290320194,16
0.14,8,29,3005079,global_min_cost,1581,10,10,5,5,50.0,402.34583124784547,442.7302678173019,576.607117416123,2011.7291562392272,16
0.14,10,29,3005079,greedy,1581,10,10,5,5,50.0,333.9508992375811,397.29047872416385,589.3243067376097,1669.7544961879055,16
0.14,10,29,3005079,global_min_cost,1581,10,10,5,5,50.0,328.91332122419175,397.29047872416385,471.7618127369241,1644.5666061209586,16
0.14,12,29,3005079,greedy,1581,10,10,6,4,60.0,354.4740828527628,427.1902398264177,573.0230738748754,2126.8444971165773,11
0.14,12,29,3005079,global_min_cost,1581,10,10,6,4,60.0,350.2761011749384,419.7098231123341,474.3034552449378,2101.65660704963,11
0.14,14,29,3005079,greedy,1581,10,10,7,3,70.0,332.28004661194143,397.29047872416385,556.7218410121412,2325.96032628359,8
0.14,14,29,3005079,global_min_cost,1581,10,10,7,3,70.0,328.68177660237757,397.29047872416385,461.8842643247842,2300.7724362166427,8
0.14,16,29,3005079,greedy,1581,10,10,7,3,70.0,332.28004661194143,397.29047872416385,556.7218410121412,2325.96032628359,8
0.14,16,29,3005079,global_min_cost,1581,10,10,7,3,70.0,328.68177660237757,399.315941421124,444.0690088776075,2300.7724362166427,8
0.14,20,29,3005079,greedy,1581,10,10,7,3,70.0,314.24813274687614,319.85372341260893,527.4498559658,2199.736929228133,8
0.14,20,29,3005079,global_min_cost,1581,10,10,7,3,70.0,310.6498627373123,365.29351250574695,416.4412318528762,2174.549039161186,8
0.14,24,29,3005079,greedy,1581,10,10,7,3,70.0,314.24813274687614,319.85372341260893,527.4498559658,2199.736929228133,8
0.14,24,29,3005079,global_min_cost,1581,10,10,7,3,70.0,310.64986273731233,319.85372341260893,442.36960762722344,2174.549039161186,8
0.14,32,29,3005079,greedy,1581,10,10,7,3,70.0,192.15813889718544,129.32325616711447,378.9024840718978,1345.1069722802981,8
0.14,32,29,3005079,global_min_cost,1581,10,10,7,3,70.0,192.15813889718544,129.32325616711447,378.9024840718978,1345.1069722802984,8
0.14,8,30,3005080,greedy,1547,10,10,8,2,80.0,1319.1414509954518,866.4138626542356,2821.0889734475486,10553.131607963614,3
0.14,8,30,3005080,global_min_cost,1547,10,10,8,2,80.0,907.8528154016648,328.2163740497491,2211.5180077376585,7262.822523213319,5
0.14,10,30,3005080,greedy,1547,10,10,10,0,100.0,904.7638593276982,653.8533992466441,1907.2921300047553,9047.638593276983,0
0.14,10,30,3005080,global_min_cost,1547,10,10,10,0,100.0,864.9663462442452,426.58569027475096,2301.1484441072726,8649.663462442451,0
0.14,12,30,3005080,greedy,1547,10,10,10,0,100.0,568.6049989744895,312.39443585757,1135.2590866849678,5686.049989744894,0
0.14,12,30,3005080,global_min_cost,1547,10,10,10,0,100.0,521.893033858488,276.83512764575397,1237.6014892415003,5218.930338584881,0
0.14,14,30,3005080,greedy,1547,10,10,10,0,100.0,568.6049989744895,312.39443585757,1135.2590866849678,5686.049989744894,0
0.14,14,30,3005080,global_min_cost,1547,10,10,10,0,100.0,521.893033858488,276.83512764575397,1237.6014892415003,5218.930338584881,0
0.14,16,30,3005080,greedy,1547,10,10,10,0,100.0,530.8959444558778,312.39443585757,1097.5500321663562,5308.959444558778,0
0.14,16,30,3005080,global_min_cost,1547,10,10,10,0,100.0,433.67007871406565,276.83512764575397,1135.6910165284346,4336.700787140658,0
0.14,20,30,3005080,greedy,1547,10,10,10,0,100.0,413.7121720833398,312.39443585757,1027.1275742704308,4137.121720833398,0
0.14,20,30,3005080,global_min_cost,1547,10,10,10,0,100.0,413.7121720833398,276.83512764575397,1039.8648565593098,4137.121720833397,0
0.14,24,30,3005080,greedy,1547,10,10,10,0,100.0,389.40394882791884,312.39443585757,912.0618717552178,3894.039488279189,0
0.14,24,30,3005080,global_min_cost,1547,10,10,10,0,100.0,389.4039488279189,276.83512764575397,909.2880172968604,3894.039488279189,0
0.14,32,30,3005080,greedy,1547,10,10,10,0,100.0,381.5954177735849,312.39443585757,910.6466181675646,3815.954177735849,0
0.14,32,30,3005080,global_min_cost,1547,10,10,10,0,100.0,381.5954177735849,276.83512764575397,906.7860057698751,3815.954177735849,0
0.14,8,31,3005081,greedy,1619,10,10,5,5,50.0,609.9552364976613,561.4517437185722,1015.2321275193076,3049.7761824883064,15
0.14,8,31,3005081,global_min_cost,1619,10,10,5,5,50.0,381.546216428957,327.08829130299495,634.9061333007276,1907.7310821447852,17
0.14,10,31,3005081,greedy,1619,10,10,7,3,70.0,609.0712819642353,494.64437426363656,1145.5122506099494,4263.498973749647,7
0.14,10,31,3005081,global_min_cost,1619,10,10,7,3,70.0,486.32290354936237,393.3781092710989,844.6838620679163,3404.2603248455366,8
0.14,12,31,3005081,greedy,1619,10,10,9,1,90.0,784.4350501375009,561.4517437185722,1440.63328036804,7059.915451237507,1
0.14,12,31,3005081,global_min_cost,1619,10,10,9,1,90.0,753.55970639113,561.4517437185722,1350.173783353873,6782.037357520171,1
0.14,14,31,3005081,greedy,1619,10,10,9,1,90.0,677.9565269750574,561.4517437185722,1400.3317743931568,6101.6087427755165,1
0.14,14,31,3005081,global_min_cost,1619,10,10,9,1,90.0,623.7792448338323,553.6656879649605,1202.0337828662027,5614.013203504491,1
0.14,16,31,3005081,greedy,1619,10,10,9,1,90.0,495.7953370367176,346.3519548420776,860.3762073391404,4462.158033330459,1
0.14,16,31,3005081,global_min_cost,1619,10,10,9,1,90.0,451.5540638266776,393.28725068736713,958.7261641218363,4063.9865744400977,1
0.14,20,31,3005081,greedy,1619,10,10,9,1,90.0,368.89866992243765,224.32657115367664,707.6198928356597,3320.088029301939,1
0.14,20,31,3005081,global_min_cost,1619,10,10,9,1,90.0,298.5050606656074,224.32657115367664,568.4447342169846,2686.5455459904665,1
0.14,24,31,3005081,greedy,1619,10,10,9,1,90.0,192.4140594595003,186.66666057687453,350.3255938988389,1731.7265351355027,1
0.14,24,31,3005081,global_min_cost,1619,10,10,9,1,90.0,192.4140594595003,186.66666057687453,350.3255938988389,1731.726535135503,1
0.14,32,31,3005081,greedy,1619,10,10,9,1,90.0,180.25989516835932,170.56614455495662,340.3280831798694,1622.3390565152338,1
0.14,32,31,3005081,global_min_cost,1619,10,10,9,1,90.0,150.2679073223251,108.94792482274777,350.3255938988389,1352.4111659009259,1
0.14,8,32,3005082,greedy,1629,10,10,8,2,80.0,1123.6678539298377,916.8560349455983,1699.113031414846,8989.342831438702,8
0.14,8,32,3005082,global_min_cost,1629,10,10,8,2,80.0,893.6159315591425,772.340442413963,1706.9461181433078,7148.927452473141,6
0.14,10,32,3005082,greedy,1629,10,10,9,1,90.0,1024.2668447511496,928.9362849951474,1521.473752071282,9218.401602760345,3
0.14,10,32,3005082,global_min_cost,1629,10,10,9,1,90.0,907.1132241769906,787.0133567729586,1624.541242144136,8164.019017592915,3
0.14,12,32,3005082,greedy,1629,10,10,9,1,90.0,825.3262238421016,787.0133567729586,1513.6124854259829,7427.936014578914,3
0.14,12,32,3005082,global_min_cost,1629,10,10,9,1,90.0,761.3954488680038,720.9089336552679,1475.3841095036687,6852.559039812034,3
0.14,14,32,3005082,greedy,1629,10,10,9,1,90.0,703.2103864535165,620.6658729078781,1463.316414363068,6328.89347808165,3
0.14,14,32,3005082,global_min_cost,1629,10,10,9,1,90.0,695.0141100903465,547.4762936440354,1614.1302215126548,6255.12699081312,3
0.14,16,32,3005082,greedy,1629,10,10,9,1,90.0,565.0527896926051,535.4942655713459,917.6125319091475,5085.475107233446,3
0.14,16,32,3005082,global_min_cost,1629,10,10,9,1,90.0,554.842665732018,355.340618477776,1169.8969864958847,4993.583991588162,3
0.14,20,32,3005082,greedy,1629,10,10,9,1,90.0,546.7194124982624,535.4942655713459,917.6125319091475,4920.474712484362,3
0.14,20,32,3005082,global_min_cost,1629,10,10,9,1,90.0,537.8299545575109,547.4762936440354,983.6541784629612,4840.469591017597,3
0.14,24,32,3005082,greedy,1629,10,10,9,1,90.0,545.2640731269355,535.4942655713459,917.6125319091475,4907.37665814242,3
0.14,24,32,3005082,global_min_cost,1629,10,10,9,1,90.0,523.7224851240161,355.340618477776,1005.8676948655065,4713.502366116144,3
0.14,32,32,3005082,greedy,1629,10,10,9,1,90.0,297.7335009927405,194.3145425508637,590.0466049337961,2679.6015089346643,3
0.14,32,32,3005082,global_min_cost,1629,10,10,9,1,90.0,297.7335009927405,193.50942763214897,645.7723199837815,2679.6015089346643,3
0.14,8,33,3005083,greedy,1588,10,10,7,3,70.0,568.9625412471506,624.8558764894793,734.8404064300397,3982.737788730054,6
0.14,8,33,3005083,global_min_cost,1588,10,10,7,3,70.0,442.4248466780795,439.7239635534596,682.4986302411888,3096.973926746557,9
0.14,10,33,3005083,greedy,1588,10,10,9,1,90.0,534.471288727904,489.93513485377235,825.43108937533,4810.241598551137,2
0.14,10,33,3005083,global_min_cost,1588,10,10,9,1,90.0,463.0007400484028,358.505242750839,858.6637078236065,4167.006660435625,3
0.14,12,33,3005083,greedy,1588,10,10,10,0,100.0,485.55905820552096,417.18990278587154,981.3927824623571,4855.590582055209,0
0.14,12,33,3005083,global_min_cost,1588,10,10,10,0,100.0,413.1729887935355,334.1686010997696,795.9210269167886,4131.729887935356,0
0.14,14,33,3005083,greedy,1588,10,10,10,0,100.0,433.6120982026681,331.136332283603,769.9856114439496,4336.120982026681,0
0.14,14,33,3005083,global_min_cost,1588,10,10,10,0,100.0,348.7528496562784,334.1686010997696,609.4353722528882,3487.5284965627834,0
0.14,16,33,3005083,greedy,1588,10,10,10,0,100.0,252.42241327803976,191.0447912123227,483.53694598675423,2524.2241327803977,0
0.14,16,33,3005083,global_min_cost,1588,10,10,10,0,100.0,244.19844190541156,249.80223161422398,453.09956134484594,2441.9844190541157,0
0.14,20,33,3005083,greedy,1588,10,10,10,0,100.0,228.54294321978557,189.9362811936445,453.09956134484594,2285.429432197856,0
0.14,20,33,3005083,global_min_cost,1588,10,10,10,0,100.0,216.06614276918503,131.17884079174323,453.09956134484594,2160.6614276918503,0
0.14,24,33,3005083,greedy,1588,10,10,10,0,100.0,208.03119419760475,132.30440804500472,372.23119181277,2080.3119419760474,0
0.14,24,33,3005083,global_min_cost,1588,10,10,10,0,100.0,193.70284476686075,131.17884079174323,370.2421747578455,1937.0284476686074,0
0.14,32,33,3005083,greedy,1588,10,10,10,0,100.0,153.3258888555885,128.25399205152652,260.9766825243029,1533.2588885558846,0
0.14,32,33,3005083,global_min_cost,1588,10,10,10,0,100.0,138.9975394248445,124.62743020042504,227.4984111240952,1389.975394248445,0
0.14,8,34,3005084,greedy,1664,10,10,6,4,60.0,546.9135392547906,309.0941968804558,1081.843387214618,3281.481235528743,16
0.14,8,34,3005084,global_min_cost,1664,10,10,6,4,60.0,375.57181524343264,299.62353882011064,577.949317338803,2253.430891460596,11
0.14,10,34,3005084,greedy,1664,10,10,7,3,70.0,552.0629715826178,321.9657463439275,998.616708716853,3864.4408010783245,11
0.14,10,34,3005084,global_min_cost,1664,10,10,7,3,70.0,405.64136353327854,321.9657463439275,638.7321228241623,2839.48954473295,10
0.14,12,34,3005084,greedy,1664,10,10,8,2,80.0,642.7465537204366,471.3563106168348,1343.6651739906506,5141.972429763493,9
0.14,12,34,3005084,global_min_cost,1664,10,10,8,2,80.0,466.7353288888253,462.14913259907667,734.3149222213503,3733.8826311106022,5
0.14,14,34,3005084,greedy,1664,10,10,9,1,90.0,538.5707903366213,620.746874889742,900.9932895311912,4847.13711302959,4
0.14,14,34,3005084,global_min_cost,1664,10,10,9,1,90.0,516.6745030103187,602.3325188542258,813.7406911463822,4650.070527092868,4
0.14,16,34,3005084,greedy,1664,10,10,9,1,90.0,410.45422079632596,297.5580246653836,813.7406911463822,3694.087987166934,4
0.14,16,34,3005084,global_min_cost,1664,10,10,9,1,90.0,410.04051478994256,321.9657463439275,801.5881904883498,3690.3646331094833,4
0.14,20,34,3005084,greedy,1664,10,10,9,1,90.0,313.46464996853445,275.9604431004658,488.58568575862347,2821.1818497168106,4
0.14,20,34,3005084,global_min_cost,1664,10,10,9,1,90.0,306.22305360787504,260.7794114330678,449.4944387247246,2756.0074824708754,4
0.14,24,34,3005084,greedy,1664,10,10,9,1,90.0,278.46818685576,260.7794114330678,432.8745019879577,2506.2136817018395,4
0.14,24,34,3005084,global_min_cost,1664,10,10,9,1,90.0,271.64029650148404,184.53742670214203,442.39325758618884,2444.7626685133564,4
0.14,32,34,3005084,greedy,1664,10,10,9,1,90.0,267.61438313165286,253.50830343930417,373.745537459978,2408.529448184875,4
0.14,32,34,3005084,global_min_cost,1664,10,10,9,1,90.0,260.7864927773769,184.53742670214203,395.69363640130035,2347.078434996392,4
0.14,8,35,3005085,greedy,1613,10,10,7,3,70.0,1182.0137783017667,1152.7426321852083,2232.945786873803,8274.096448112366,6
0.14,8,35,3005085,global_min_cost,1613,10,10,7,3,70.0,1085.2810846104037,938.4493946569615,1931.921614892408,7596.967592272826,6
0.14,10,35,3005085,greedy,1613,10,10,7,3,70.0,1084.184880407029,1152.7426321852083,1945.1459480706512,7589.294162849202,6
0.14,10,35,3005085,global_min_cost,1613,10,10,7,3,70.0,1002.3890740916324,938.4493946569615,1651.7527391666922,7016.723518641427,6
0.14,12,35,3005085,greedy,1613,10,10,7,3,70.0,1044.3959924379017,1035.1370662272902,1930.6612027556316,7310.771947065311,6
0.14,12,35,3005085,global_min_cost,1613,10,10,7,3,70.0,967.7442331043153,938.4493946569615,1628.8531485158262,6774.209631730207,6
0.14,14,35,3005085,greedy,1613,10,10,7,3,70.0,1044.3959924379017,1035.1370662272902,1930.6612027556316,7310.771947065311,6
0.14,14,35,3005085,global_min_cost,1613,10,10,7,3,70.0,967.7442331043153,938.4493946569615,1615.1048652716365,6774.209631730207,6
0.14,16,35,3005085,greedy,1613,10,10,7,3,70.0,1023.8231613938484,1031.4547558731404,1896.981770334593,7166.762129756939,6
0.14,16,35,3005085,global_min_cost,1613,10,10,7,3,70.0,947.1714020602622,938.4493946569615,1650.2798150250321,6630.199814421834,6
0.14,20,35,3005085,greedy,1613,10,10,7,3,70.0,727.6189521097226,523.7966524934704,1448.41456779971,5093.332664768059,6
0.14,20,35,3005085,global_min_cost,1613,10,10,7,3,70.0,650.9671927761362,523.7966524934704,1247.735570572551,4556.7703494329535,6
0.14,24,35,3005085,greedy,1613,10,10,7,3,70.0,355.0614200620556,239.88007597926816,822.9046632603631,2485.429940434389,6
0.14,24,35,3005085,global_min_cost,1613,10,10,7,3,70.0,335.60061481114275,256.15449441220454,638.4620598418454,2349.2043036779996,6
0.14,32,35,3005085,greedy,1613,10,10,7,3,70.0,254.25043521290294,208.60082714695133,477.87676499308594,1779.7530464903207,6
0.14,32,35,3005085,global_min_cost,1613,10,10,7,3,70.0,254.25043521290294,208.60082714695133,477.87676499308594,1779.7530464903207,6
0.14,8,36,3005086,greedy,1582,10,10,8,2,80.0,1044.9848349506308,990.073826229706,1964.3161707563538,8359.878679605046,5
0.14,8,36,3005086,global_min_cost,1582,10,10,8,2,80.0,1044.9848349506306,950.7504171197724,1782.988802583044,8359.878679605046,5
0.14,10,36,3005086,greedy,1582,10,10,8,2,80.0,900.1850377186307,630.148634667673,1964.3161707563538,7201.480301749047,5
0.14,10,36,3005086,global_min_cost,1582,10,10,8,2,80.0,900.1850377186307,651.2786627773371,1782.988802583044,7201.480301749045,5
0.14,12,36,3005086,greedy,1582,10,10,8,2,80.0,804.9048492555992,626.4841570348522,1725.7985504543592,6439.238794044793,5
0.14,12,36,3005086,global_min_cost,1582,10,10,9,1,90.0,738.074560529644,400.0819185501011,1477.8584889895149,6642.671044766796,2
0.14,14,36,3005086,greedy,1582,10,10,8,2,80.0,804.9048492555992,626.4841570348522,1725.7985504543592,6439.238794044793,5
0.14,14,36,3005086,global_min_cost,1582,10,10,9,1,90.0,738.074560529644,400.0819185501011,1549.307380560852,6642.6710447667965,2
0.14,16,36,3005086,greedy,1582,10,10,8,2,80.0,766.958988060264,495.7641982990084,1725.7985504543592,6135.671904482112,5
0.14,16,36,3005086,global_min_cost,1582,10,10,9,1,90.0,675.9792806969715,347.68175819137394,1477.8584889895149,6083.813526272743,2
0.14,20,36,3005086,greedy,1582,10,10,8,2,80.0,706.2910325284028,268.02106801810487,1725.7985504543592,5650.328260227223,5
0.14,20,36,3005086,global_min_cost,1582,10,10,9,1,90.0,640.8491033366287,258.63350952312254,1477.8584889895149,5767.641930029658,2
0.14,24,36,3005086,greedy,1582,10,10,8,2,80.0,703.6684550247645,257.53075800355214,1725.7985504543592,5629.347640198117,5
0.14,24,36,3005086,global_min_cost,1582,10,10,9,1,90.0,640.8491033366287,258.63350952312254,1477.8584889895149,5767.641930029658,2
0.14,32,36,3005086,greedy,1582,10,10,9,1,90.0,446.3961740026614,234.68430374501744,1192.7879837810694,4017.5655660239527,2
0.14,32,36,3005086,global_min_cost,1582,10,10,9,1,90.0,444.6685129576068,240.87905707849075,1192.7879837810694,4002.0166166184613,2
0.14,8,37,3005087,greedy,1600,10,10,6,4,60.0,609.6805344013688,616.4676163347316,916.0454478735962,3658.083206408213,12
0.14,8,37,3005087,global_min_cost,1600,10,10,6,4,60.0,530.3455227933604,501.6869189224964,916.0454478735962,3182.073136760162,10
0.14,10,37,3005087,greedy,1600,10,10,7,3,70.0,651.2681801156367,722.1687201210361,958.9827979348792,4558.877260809457,8
0.14,10,37,3005087,global_min_cost,1600,10,10,7,3,70.0,583.2667415944866,722.1687201210361,945.7788435942213,4082.867191161406,6
0.14,12,37,3005087,greedy,1600,10,10,8,2,80.0,707.1625993302243,645.4523567916118,1151.3137108772662,5657.300794641795,7
0.14,12,37,3005087,global_min_cost,1600,10,10,8,2,80.0,572.117953368611,566.8081243068864,934.5326462959769,4576.943626948888,4
0.14,14,37,3005087,greedy,1600,10,10,9,1,90.0,596.3664380727926,549.2525171906458,1032.6176920626203,5367.297942655134,2
0.14,14,37,3005087,global_min_cost,1600,10,10,9,1,90.0,531.3707827997032,501.69870428061876,840.1138277133314,4782.33704519733,2
0.14,16,37,3005087,greedy,1600,10,10,9,1,90.0,523.4641348297984,549.2525171906458,778.3608510754332,4711.177213468186,2
0.14,16,37,3005087,global_min_cost,1600,10,10,9,1,90.0,445.51951619822586,494.0764357874812,747.1465162481866,4009.675645784033,2
0.14,20,37,3005087,greedy,1600,10,10,9,1,90.0,342.28348868396546,363.8340250187015,617.479180165594,3080.5513981556887,2
0.14,20,37,3005087,global_min_cost,1600,10,10,9,1,90.0,333.751633976063,281.20511772395656,580.562345461496,3003.764705784567,2
0.14,24,37,3005087,greedy,1600,10,10,9,1,90.0,297.2446907654035,229.81428727022185,558.8172872445161,2675.2022168886315,2
0.14,24,37,3005087,global_min_cost,1600,10,10,9,1,90.0,297.24469076540345,229.81428727022185,575.3430687034651,2675.2022168886315,2
0.14,32,37,3005087,greedy,1600,10,10,9,1,90.0,295.2695895187717,212.03837605053533,558.8172872445161,2657.4263056689447,2
0.14,32,37,3005087,global_min_cost,1600,10,10,9,1,90.0,295.2695895187716,212.03837605053533,575.3430687034651,2657.4263056689447,2
0.14,8,38,3005088,greedy,1606,10,10,8,2,80.0,761.2515500630308,389.07482632452525,1846.668089767212,6090.012400504246,6
0.14,8,38,3005088,global_min_cost,1606,10,10,8,2,80.0,608.5629830416465,351.9777311452783,1141.7672337044542,4868.503864333171,4
0.14,10,38,3005088,greedy,1606,10,10,10,0,100.0,646.4425894739709,389.07482632452525,1087.5963406791138,6464.425894739709,0
0.14,10,38,3005088,global_min_cost,1606,10,10,10,0,100.0,633.9092308725353,397.791831284477,939.1839078506075,6339.092308725353,0
0.14,12,38,3005088,greedy,1606,10,10,10,0,100.0,448.0713004243753,362.33839994657194,947.1275279426416,4480.713004243753,0
0.14,12,38,3005088,global_min_cost,1606,10,10,10,0,100.0,365.16955708723486,344.8111129062894,551.4292217658791,3651.6955708723485,0
0.14,14,38,3005088,greedy,1606,10,10,10,0,100.0,307.34001569140725,306.66520812594587,539.6926613438645,3073.4001569140723,0
0.14,14,38,3005088,global_min_cost,1606,10,10,10,0,100.0,293.9714508860264,306.66520812594587,423.88707634264455,2939.7145088602642,0
0.14,16,38,3005088,greedy,1606,10,10,10,0,100.0,270.19646699145227,306.66520812594587,424.9655927058172,2701.964669914523,0
0.14,16,38,3005088,global_min_cost,1606,10,10,10,0,100.0,262.2623201596766,306.66520812594587,384.8967128752248,2622.6232015967657,0
0.14,20,38,3005088,greedy,1606,10,10,10,0,100.0,237.8691682240479,183.34948438163195,424.9655927058172,2378.691682240479,0
0.14,20,38,3005088,global_min_cost,1606,10,10,10,0,100.0,229.93502139227223,183.34948438163195,388.42309513559894,2299.350213922722,0
0.14,24,38,3005088,greedy,1606,10,10,10,0,100.0,217.8989533391621,174.47621749074503,424.9655927058172,2178.989533391621,0
0.14,24,38,3005088,global_min_cost,1606,10,10,10,0,100.0,209.9648065073864,174.47621749074503,388.42309513559894,2099.6480650738645,0
0.14,32,38,3005088,greedy,1606,10,10,10,0,100.0,217.8989533391621,174.47621749074503,424.9655927058172,2178.989533391621,0
0.14,32,38,3005088,global_min_cost,1606,10,10,10,0,100.0,209.9648065073864,174.47621749074503,388.42309513559894,2099.6480650738645,0
0.14,8,39,3005089,greedy,1598,10,10,8,2,80.0,549.1212358082832,565.3938962196894,851.5406171192635,4392.969886466266,7
0.14,8,39,3005089,global_min_cost,1598,10,10,8,2,80.0,331.9432403428517,246.31831804211305,667.9493488700434,2655.545922742814,8
0.14,10,39,3005089,greedy,1598,10,10,10,0,100.0,555.9113110120408,546.3794844730871,880.1894107707436,5559.113110120407,0
0.14,10,39,3005089,global_min_cost,1598,10,10,10,0,100.0,451.93885161227377,307.51748439680256,884.1390073359819,4519.388516122738,0
0.14,12,39,3005089,greedy,1598,10,10,10,0,100.0,484.1005155328974,546.3794844730871,760.090839381939,4841.005155328974,0
0.14,12,39,3005089,global_min_cost,1598,10,10,10,0,100.0,376.90846344959823,332.69642506658613,677.0082418841453,3769.084634495982,0
0.14,14,39,3005089,greedy,1598,10,10,10,0,100.0,367.10995541571856,251.75270947170674,760.090839381939,3671.099554157185,0
0.14,14,39,3005089,global_min_cost,1598,10,10,10,0,100.0,323.0358713626328,246.31831804211305,658.9443744879283,3230.3587136263277,0
0.14,16,39,3005089,greedy,1598,10,10,10,0,100.0,297.70640779211436,186.28194998128845,760.090839381939,2977.064077921143,0
0.14,16,39,3005089,global_min_cost,1598,10,10,10,0,100.0,277.99521928858854,191.9884426290298,545.5952956450333,2779.952192885885,0
0.14,20,39,3005089,greedy,1598,10,10,10,0,100.0,297.70640779211436,186.28194998128845,760.090839381939,2977.064077921143,0
0.14,20,39,3005089,global_min_cost,1598,10,10,10,0,100.0,273.35681027926273,191.9884426290298,545.5952956450333,2733.568102792627,0
0.14,24,39,3005089,greedy,1598,10,10,10,0,100.0,263.63237859135285,173.88814151178372,760.090839381939,2636.323785913528,0
0.14,24,39,3005089,global_min_cost,1598,10,10,10,0,100.0,243.8669565273203,176.71355899681566,414.3281555211783,2438.6695652732033,0
0.14,32,39,3005089,greedy,1598,10,10,10,0,100.0,186.206617851149,173.88814151178372,354.83980672541503,1862.0661785114899,0
0.14,32,39,3005089,global_min_cost,1598,10,10,10,0,100.0,177.71819442746954,141.1064114841339,284.2426408569598,1777.1819442746955,0
0.14,8,40,3005090,greedy,1536,10,10,7,3,70.0,991.0744988853863,855.2583188529355,1691.567037321589,6937.521492197704,10
0.14,8,40,3005090,global_min_cost,1536,10,10,7,3,70.0,468.1423650539193,313.90037339891404,887.8459022587455,3276.9965553774355,9
0.14,10,40,3005090,greedy,1536,10,10,8,2,80.0,568.6241093151275,465.08122557414765,932.9789080766791,4548.992874521021,8
0.14,10,40,3005090,global_min_cost,1536,10,10,8,2,80.0,423.8870606933906,274.1510270187541,879.6990064072929,3391.0964855471248,7
0.14,12,40,3005090,greedy,1536,10,10,10,0,100.0,616.9778265875582,422.41459762046344,1326.7221681749652,6169.778265875582,0
0.14,12,40,3005090,global_min_cost,1536,10,10,10,0,100.0,518.6063619873594,401.09686353523546,973.0135753208223,5186.063619873594,0
0.14,14,40,3005090,greedy,1536,10,10,10,0,100.0,521.4033162486107,422.41459762046344,898.1021465499098,5214.033162486108,0
0.14,14,40,3005090,global_min_cost,1536,10,10,10,0,100.0,387.06372312126877,401.09686353523546,752.342520401344,3870.6372312126878,0
0.14,16,40,3005090,greedy,1536,10,10,10,0,100.0,278.0959281683277,223.08336055226087,479.4257749828179,2780.9592816832774,0
0.14,16,40,3005090,global_min_cost,1536,10,10,10,0,100.0,261.10224400592364,192.02712446030995,590.632641168299,2611.0224400592365,0
0.14,20,40,3005090,greedy,1536,10,10,10,0,100.0,232.12914022595683,137.6286603396465,464.2112028267448,2321.2914022595683,0
0.14,20,40,3005090,global_min_cost,1536,10,10,10,0,100.0,232.12914022595683,137.6286603396465,464.2112028267448,2321.2914022595683,0
0.14,24,40,3005090,greedy,1536,10,10,10,0,100.0,232.12914022595683,137.6286603396465,464.2112028267448,2321.2914022595683,0
0.14,24,40,3005090,global_min_cost,1536,10,10,10,0,100.0,230.75287771009067,119.85234128347828,590.632641168299,2307.5287771009066,0
0.14,32,40,3005090,greedy,1536,10,10,10,0,100.0,232.12914022595683,137.6286603396465,464.2112028267448,2321.2914022595683,0
0.14,32,40,3005090,global_min_cost,1536,10,10,10,0,100.0,230.75287771009067,137.6286603396465,464.2112028267448,2307.5287771009066,0
0.14,8,41,3005091,greedy,1592,10,10,7,3,70.0,1874.4100183937394,1019.8838066457082,3703.5785742335925,13120.870128756174,11
0.14,8,41,3005091,global_min_cost,1592,10,10,7,3,70.0,966.7081998843005,614.4574898190061,2269.124812018673,6766.957399190103,9
0.14,10,41,3005091,greedy,1592,10,10,9,1,90.0,1037.9514017616773,561.7123724541583,2370.2203275955935,9341.562615855095,4
0.14,10,41,3005091,global_min_cost,1592,10,10,9,1,90.0,978.1868862482281,614.4574898190061,2324.93728180929,8803.681976234053,4
0.14,12,41,3005091,greedy,1592,10,10,9,1,90.0,649.2932064754565,474.5406222528211,1048.8717857652298,5843.638858279108,4
0.14,12,41,3005091,global_min_cost,1592,10,10,9,1,90.0,564.1566877174043,630.4517496374632,1030.6921277108875,5077.410189456639,4
0.14,14,41,3005091,greedy,1592,10,10,9,1,90.0,516.6810246865091,474.5406222528211,810.1698585451243,4650.1292221785825,4
0.14,14,41,3005091,global_min_cost,1592,10,10,9,1,90.0,485.0197095271419,474.5406222528211,897.4414637186014,4365.177385744277,4
0.14,16,41,3005091,greedy,1592,10,10,9,1,90.0,516.6810246865091,474.5406222528211,810.1698585451243,4650.1292221785825,4
0.14,16,41,3005091,global_min_cost,1592,10,10,9,1,90.0,485.0197095271419,474.5406222528211,897.4414637186014,4365.177385744277,4
0.14,20,41,3005091,greedy,1592,10,10,9,1,90.0,387.0817658921783,414.329309288043,546.4810327060189,3483.735893029605,4
0.14,20,41,3005091,global_min_cost,1592,10,10,9,1,90.0,346.4828367522122,356.4789409539656,527.268786306466,3118.34553076991,4
0.14,24,41,3005091,greedy,1592,10,10,9,1,90.0,384.86709665253136,414.329309288043,530.5354141805609,3463.8038698727823,4
0.14,24,41,3005091,global_min_cost,1592,10,10,9,1,90.0,317.55027753130275,292.63882811485774,487.95820227665064,2857.952497781725,4
0.14,32,41,3005091,greedy,1592,10,10,9,1,90.0,384.86709665253136,414.329309288043,530.5354141805609,3463.8038698727823,4
0.14,32,41,3005091,global_min_cost,1592,10,10,9,1,90.0,317.55027753130275,292.63882811485774,487.95820227665064,2857.952497781725,4
0.14,8,42,3005092,greedy,1608,10,10,6,4,60.0,1327.9406571748418,1091.658851113185,2385.210544006377,7967.643943049052,7
0.14,8,42,3005092,global_min_cost,1608,10,10,6,4,60.0,817.4554874255178,254.87509417184697,1980.4662555623745,4904.732924553106,6
0.14,10,42,3005092,greedy,1608,10,10,8,2,80.0,1301.555903865036,745.0309454775656,3127.8370654358932,10412.447230920288,4
0.14,10,42,3005092,global_min_cost,1608,10,10,8,2,80.0,897.9078564353212,331.83707171420474,2207.6369037932604,7183.262851482569,2
0.14,12,42,3005092,greedy,1608,10,10,10,0,100.0,1282.7014952844622,891.2423981404797,2954.128652519385,12827.014952844624,0
0.14,12,42,3005092,global_min_cost,1608,10,10,10,0,100.0,866.3824168958851,331.83707171420474,2412.320685300717,8663.82416895885,0
0.14,14,42,3005092,greedy,1608,10,10,10,0,100.0,1228.8538261608974,891.2423981404797,2877.6785471505577,12288.538261608974,0
0.14,14,42,3005092,global_min_cost,1608,10,10,10,0,100.0,812.5347477723203,331.83707171420474,2087.2804882079504,8125.347477723202,0
0.14,16,42,3005092,greedy,1608,10,10,10,0,100.0,895.3575050857862,545.5476800379888,1809.4560610225371,8953.575050857862,0
0.14,16,42,3005092,global_min_cost,1608,10,10,10,0,100.0,618.1204996832341,288.6045763395765,1411.3547330975173,6181.204996832341,0
0.14,20,42,3005092,greedy,1608,10,10,10,0,100.0,436.65469693551944,286.04485210476736,785.3999178390688,4366.546969355195,0
0.14,20,42,3005092,global_min_cost,1608,10,10,10,0,100.0,389.11898683169574,254.87509417184697,782.9358811114068,3891.1898683169575,0
0.14,24,42,3005092,greedy,1608,10,10,10,0,100.0,373.6811493652925,262.0281779690406,728.0769470712295,3736.8114936529255,0
0.14,24,42,3005092,global_min_cost,1608,10,10,10,0,100.0,369.4286773514828,262.3064141594059,728.0769470712295,3694.286773514828,0
0.14,32,42,3005092,greedy,1608,10,10,10,0,100.0,308.67156370586434,225.57562403299295,389.90924946513064,3086.7156370586436,0
0.14,32,42,3005092,global_min_cost,1608,10,10,10,0,100.0,304.4190916920546,216.71347044767884,479.1123097195482,3044.190916920546,0
0.14,8,43,3005093,greedy,1574,10,10,7,3,70.0,1119.517151206179,667.8809083108348,2276.932542569135,7836.620058443253,7
0.14,8,43,3005093,global_min_cost,1574,10,10,7,3,70.0,701.2385583678562,647.5569967412528,1197.4497685676208,4908.669908574993,7
0.14,10,43,3005093,greedy,1574,10,10,9,1,90.0,997.8745751421318,726.7230348845553,2317.5290800506004,8980.871176279186,3
0.14,10,43,3005093,global_min_cost,1574,10,10,9,1,90.0,635.6236578360802,647.5569967412528,1046.1357171600807,5720.612920524722,1
0.14,12,43,3005093,greedy,1574,10,10,10,0,100.0,901.4040706603255,727.647052578076,2181.8210985541364,9014.040706603255,0
0.14,12,43,3005093,global_min_cost,1574,10,10,10,0,100.0,746.1872847465352,560.10045686798,1707.0113115183328,7461.872847465352,0
0.14,14,43,3005093,greedy,1574,10,10,10,0,100.0,499.90059011840935,476.6914029602204,733.0909091933727,4999.005901184094,0
0.14,14,43,3005093,global_min_cost,1574,10,10,10,0,100.0,442.4465265783964,275.72148101019906,908.0806852887822,4424.465265783965,0
0.14,16,43,3005093,greedy,1574,10,10,10,0,100.0,444.92350542682465,382.8748924362367,665.2602151435552,4449.235054268246,0
0.14,16,43,3005093,global_min_cost,1574,10,10,10,0,100.0,393.28259159776655,305.3198297507207,665.2602151435552,3932.8259159776653,0
0.14,20,43,3005093,greedy,1574,10,10,10,0,100.0,443.1060866673384,382.8748924362367,665.2602151435552,4431.060866673384,0
0.14,20,43,3005093,global_min_cost,1574,10,10,10,0,100.0,391.4651728382803,305.3198297507207,665.2602151435552,3914.6517283828034,0
0.14,24,43,3005093,greedy,1574,10,10,10,0,100.0,443.1060866673384,382.8748924362367,665.2602151435552,4431.060866673384,0
0.14,24,43,3005093,global_min_cost,1574,10,10,10,0,100.0,391.4651728382803,305.3198297507207,665.2602151435552,3914.6517283828034,0
0.14,32,43,3005093,greedy,1574,10,10,10,0,100.0,313.74871137372094,338.2689724245274,403.9394966086661,3137.4871137372093,0
0.14,32,43,3005093,global_min_cost,1574,10,10,10,0,100.0,285.95561602035957,305.3198297507207,406.16902376065116,2859.556160203596,0
0.14,8,44,3005094,greedy,1637,10,10,6,4,60.0,1160.4958344148629,1054.1776154061693,1976.5742199815152,6962.975006489178,6
0.14,8,44,3005094,global_min_cost,1637,10,10,6,4,60.0,670.0227904879656,439.0551689604547,1250.227220600927,4020.136742927794,5
0.14,10,44,3005094,greedy,1637,10,10,7,3,70.0,825.2779021888512,703.7014750838389,1308.8590529339504,5776.945315321958,3
0.14,10,44,3005094,global_min_cost,1637,10,10,7,3,70.0,682.6677039169401,481.78175928955494,1247.6350223773518,4778.673927418581,4
0.14,12,44,3005094,greedy,1637,10,10,8,2,80.0,649.2675807375936,590.8802113136096,910.3543801540391,5194.1406459007485,2
0.14,12,44,3005094,global_min_cost,1637,10,10,8,2,80.0,549.4738567514762,486.170264460526,870.337293353262,4395.79085401181,2
0.14,14,44,3005094,greedy,1637,10,10,8,2,80.0,649.2675807375936,590.8802113136096,910.3543801540391,5194.1406459007485,2
0.14,14,44,3005094,global_min_cost,1637,10,10,8,2,80.0,533.6950324625815,486.170264460526,832.4681150599148,4269.560259700652,2
0.14,16,44,3005094,greedy,1637,10,10,8,2,80.0,581.9556943842564,508.1989918194821,819.0942160690379,4655.645555074051,2
0.14,16,44,3005094,global_min_cost,1637,10,10,8,2,80.0,487.43193023499776,486.170264460526,680.0224710847685,3899.455441879982,2
0.14,20,44,3005094,greedy,1637,10,10,8,2,80.0,394.59485072203864,362.93150414939805,595.2756193577909,3156.758805776309,2
0.14,20,44,3005094,global_min_cost,1637,10,10,8,2,80.0,394.59485072203864,362.93150414939805,595.2756193577909,3156.758805776309,2
0.14,24,44,3005094,greedy,1637,10,10,8,2,80.0,327.3601105469146,285.04329107554736,486.99054065973064,2618.880884375317,2
0.14,24,44,3005094,global_min_cost,1637,10,10,8,2,80.0,327.3601105469146,285.04329107554736,486.99054065973064,2618.880884375317,2
0.14,32,44,3005094,greedy,1637,10,10,8,2,80.0,312.1600770820553,246.02512713334852,486.99054065973064,2497.2806166564424,2
0.14,32,44,3005094,global_min_cost,1637,10,10,8,2,80.0,312.1600770820553,246.02512713334852,486.99054065973064,2497.280616656442,2
0.14,8,45,3005095,greedy,1554,10,10,7,3,70.0,636.9247734656076,169.83495547249223,1620.2745442875155,4458.473414259253,9
0.14,8,45,3005095,global_min_cost,1554,10,10,7,3,70.0,458.56583829840235,161.08172330704255,945.930042305809,3209.9608680888164,12
0.14,10,45,3005095,greedy,1554,10,10,8,2,80.0,538.9973297120348,386.8746359656339,1118.596133922951,4311.978637696278,7
0.14,10,45,3005095,global_min_cost,1554,10,10,8,2,80.0,436.74018323304074,198.36898665820513,934.3606650475709,3493.921465864326,7
0.14,12,45,3005095,greedy,1554,10,10,8,2,80.0,434.83061186294935,226.22653182923437,1018.404876923217,3478.6448949035944,7
0.14,12,45,3005095,global_min_cost,1554,10,10,8,2,80.0,341.80029013248924,198.36898665820513,852.3273258960975,2734.4023210599134,7
0.14,14,45,3005095,greedy,1554,10,10,8,2,80.0,434.3451577549625,226.22653182923437,1018.404876923217,3474.7612620396994,7
0.14,14,45,3005095,global_min_cost,1554,10,10,8,2,80.0,314.5382780652439,198.36898665820513,747.3948275197747,2516.3062245219508,7
0.14,16,45,3005095,greedy,1554,10,10,8,2,80.0,186.76437320403124,165.4583393897674,300.51281475787056,1494.11498563225,7
0.14,16,45,3005095,global_min_cost,1554,10,10,8,2,80.0,186.76437320403124,165.4583393897674,300.51281475787056,1494.11498563225,7
0.14,20,45,3005095,greedy,1554,10,10,8,2,80.0,178.60647660887753,165.4583393897674,300.51281475787056,1428.8518128710202,7
0.14,20,45,3005095,global_min_cost,1554,10,10,8,2,80.0,178.60647660887753,165.4583393897674,300.51281475787056,1428.8518128710202,7
0.14,24,45,3005095,greedy,1554,10,10,8,2,80.0,178.60647660887753,165.4583393897674,300.51281475787056,1428.8518128710202,7
0.14,24,45,3005095,global_min_cost,1554,10,10,8,2,80.0,178.60647660887753,165.4583393897674,300.51281475787056,1428.8518128710202,7
0.14,32,45,3005095,greedy,1554,10,10,8,2,80.0,178.60647660887753,165.4583393897674,300.51281475787056,1428.8518128710202,7
0.14,32,45,3005095,global_min_cost,1554,10,10,8,2,80.0,178.60647660887753,165.4583393897674,300.51281475787056,1428.8518128710202,7
0.14,8,46,3005096,greedy,1582,10,10,4,6,40.0,724.7811345623365,627.5115442281167,1130.2581446690251,2899.124538249346,26
0.14,8,46,3005096,global_min_cost,1582,10,10,4,6,40.0,329.0962410812749,267.5476028665712,643.9398008528655,1316.3849643250996,25
0.14,10,46,3005096,greedy,1582,10,10,5,5,50.0,604.0028832929803,573.7326306232753,974.5933229847557,3020.014416464902,23
0.14,10,46,3005096,global_min_cost,1582,10,10,5,5,50.0,365.6559349603889,348.3964483980285,667.1186267622725,1828.2796748019446,21
0.14,12,46,3005096,greedy,1582,10,10,6,4,60.0,498.0498054920439,341.9826784953938,924.9727006257453,2988.298832952263,18
0.14,12,46,3005096,global_min_cost,1582,10,10,6,4,60.0,429.07354416675076,341.9826784953938,846.544314850935,2574.4412650005047,18
0.14,14,46,3005096,greedy,1582,10,10,6,4,60.0,465.1313516562894,341.9826784953938,839.707788087504,2790.7881099377364,18
0.14,14,46,3005096,global_min_cost,1582,10,10,6,4,60.0,422.30300778638275,341.9826784953938,826.2327057098308,2533.8180467182965,18
0.14,16,46,3005096,greedy,1582,10,10,6,4,60.0,407.9108638102659,321.846493207713,721.5883839172343,2447.465182861595,18
0.14,16,46,3005096,global_min_cost,1582,10,10,6,4,60.0,365.82931382368594,283.60696142916356,721.5883839172343,2194.9758829421153,18
0.14,20,46,3005096,greedy,1582,10,10,6,4,60.0,333.36701215145735,186.2200564124778,721.5883839172343,2000.202072908744,18
0.14,20,46,3005096,global_min_cost,1582,10,10,6,4,60.0,333.36701215145735,186.2200564124778,721.5883839172343,2000.202072908744,18
0.14,24,46,3005096,greedy,1582,10,10,6,4,60.0,322.7981218439824,179.8190133832142,721.5883839172343,1936.7887310638941,18
0.14,24,46,3005096,global_min_cost,1582,10,10,6,4,60.0,322.7981218439824,179.8190133832142,721.5883839172343,1936.7887310638941,18
0.14,32,46,3005096,greedy,1582,10,10,7,3,70.0,251.8269041533375,123.28541549026417,569.33594033281,1762.7883290733623,14
0.14,32,46,3005096,global_min_cost,1582,10,10,7,3,70.0,251.8269041533375,123.28541549026417,569.33594033281,1762.7883290733623,14
0.14,8,47,3005097,greedy,1557,10,10,7,3,70.0,511.0833931400568,467.2386373024401,816.9534582021954,3577.5837519803977,11
0.14,8,47,3005097,global_min_cost,1557,10,10,8,2,80.0,503.62133917997386,489.0273186063256,874.3630643130068,4028.9707134397904,5
0.14,10,47,3005097,greedy,1557,10,10,8,2,80.0,448.49961857678613,418.18163282650653,759.4143043743361,3587.996948614289,6
0.14,10,47,3005097,global_min_cost,1557,10,10,9,1,90.0,539.4294303763418,456.0539849472108,880.2968618304548,4854.864873387076,4
0.14,12,47,3005097,greedy,1557,10,10,9,1,90.0,472.47746133756954,418.36651754384314,767.3208110413382,4252.297152038127,4
0.14,12,47,3005097,global_min_cost,1557,10,10,9,1,90.0,439.70869108446874,417.99674810916997,694.3376570658036,3957.378219760218,4
0.14,14,47,3005097,greedy,1557,10,10,9,1,90.0,383.26437565778286,369.3812711459298,643.6038413986721,3449.379380920046,4
0.14,14,47,3005097,global_min_cost,1557,10,10,9,1,90.0,383.26437565778286,369.3812711459298,636.0663479179987,3449.379380920046,4
0.14,16,47,3005097,greedy,1557,10,10,9,1,90.0,325.66202782383345,229.76512117843532,555.8983469460866,2930.9582504145014,4
0.14,16,47,3005097,global_min_cost,1557,10,10,9,1,90.0,325.66202782383345,229.76512117843532,578.5108273881071,2930.9582504145014,4
0.14,20,47,3005097,greedy,1557,10,10,9,1,90.0,321.0971559348696,229.76512117843532,547.6815775459517,2889.8744034138263,4
0.14,20,47,3005097,global_min_cost,1557,10,10,9,1,90.0,317.74112379150677,229.76512117843532,578.5108273881071,2859.6701141235612,4
0.14,24,47,3005097,greedy,1557,10,10,9,1,90.0,290.68202264703007,166.65045472410864,547.6815775459517,2616.138203823271,4
0.14,24,47,3005097,global_min_cost,1557,10,10,9,1,90.0,290.68202264703,166.65045472410864,570.2940579879722,2616.1382038232705,4
0.14,32,47,3005097,greedy,1557,10,10,9,1,90.0,272.83462036819697,156.47742167363225,547.6815775459517,2455.5115833137734,4
0.14,32,47,3005097,global_min_cost,1557,10,10,9,1,90.0,272.83462036819697,156.47742167363225,570.2940579879722,2455.511583313773,4
0.14,8,48,3005098,greedy,1576,10,10,7,3,70.0,1393.5523687157772,1333.892988356785,2348.2713296126785,9754.866581010441,10
0.14,8,48,3005098,global_min_cost,1576,10,10,7,3,70.0,1253.5408245356143,689.3962576477529,2537.0801884278417,8774.7857717493,10
0.14,10,48,3005098,greedy,1576,10,10,7,3,70.0,1046.0796912693052,660.0653044307751,2129.785622011007,7322.557838885135,10
0.14,10,48,3005098,global_min_cost,1576,10,10,7,3,70.0,950.1579163468386,283.5024531452279,2378.1587449694725,6651.10541442787,10
0.14,12,48,3005098,greedy,1576,10,10,7,3,70.0,786.9865673289652,660.0653044307751,1667.133718784725,5508.905971302756,10
0.14,12,48,3005098,global_min_cost,1576,10,10,7,3,70.0,695.841503033036,233.78044285949994,1670.0091958902242,4870.890521231253,10
0.14,14,48,3005098,greedy,1576,10,10,7,3,70.0,786.9865673289652,660.0653044307751,1667.133718784725,5508.905971302756,10
0.14,14,48,3005098,global_min_cost,1576,10,10,7,3,70.0,695.841503033036,233.78044285949994,1670.0091958902242,4870.890521231253,10
0.14,16,48,3005098,greedy,1576,10,10,7,3,70.0,398.232715316858,214.84078400215338,868.3513162385515,2787.629007218006,10
0.14,16,48,3005098,global_min_cost,1576,10,10,7,3,70.0,398.23271531685793,213.10412263204793,880.0836975253426,2787.6290072180054,10
0.14,20,48,3005098,greedy,1576,10,10,7,3,70.0,253.09541049258766,213.10412263204793,431.13597981637696,1771.6678734481136,10
0.14,20,48,3005098,global_min_cost,1576,10,10,7,3,70.0,253.09541049258766,213.10412263204793,431.13597981637696,1771.6678734481134,10
0.14,24,48,3005098,greedy,1576,10,10,7,3,70.0,234.32165101731297,202.1142031641185,410.9946547285108,1640.251557121191,10
0.14,24,48,3005098,global_min_cost,1576,10,10,7,3,70.0,234.32165101731297,202.1142031641185,410.9946547285108,1640.2515571211907,10
0.14,32,48,3005098,greedy,1576,10,10,7,3,70.0,226.9828507706175,202.1142031641185,394.54031650151353,1588.8799553943225,10
0.14,32,48,3005098,global_min_cost,1576,10,10,7,3,70.0,214.52795997755877,202.1142031641185,410.9946547285108,1501.6957198429116,10
0.14,8,49,3005099,greedy,1522,10,10,7,3,70.0,561.9691958817937,378.2471122658077,1027.1713182286576,3933.7843711725554,9
0.14,8,49,3005099,global_min_cost,1522,10,10,7,3,70.0,425.46770077948906,351.22286402342166,709.8826337897627,2978.273905456424,11
0.14,10,49,3005099,greedy,1522,10,10,8,2,80.0,560.7946598314389,442.1689610972653,1043.131375217111,4486.3572786515115,8
0.14,10,49,3005099,global_min_cost,1522,10,10,8,2,80.0,452.2783368011624,509.81009085524016,787.6256502306312,3618.2266944093,8
0.14,12,49,3005099,greedy,1522,10,10,8,2,80.0,369.06353140824234,348.43428445048175,666.918650390274,2952.5082512659383,8
0.14,12,49,3005099,global_min_cost,1522,10,10,8,2,80.0,329.3666294460195,192.62804851058695,726.3406253700671,2634.933035568156,8
0.14,14,49,3005099,greedy,1522,10,10,9,1,90.0,352.26027553571987,318.6214566351558,664.2983534976369,3170.342479821479,3
0.14,14,49,3005099,global_min_cost,1522,10,10,9,1,90.0,316.97414045818846,210.93150295560622,703.9130034841658,2852.7672641236963,3
0.14,16,49,3005099,greedy,1522,10,10,9,1,90.0,326.7876767218319,318.6214566351558,510.9116781818288,2941.089090496487,3
0.14,16,49,3005099,global_min_cost,1522,10,10,9,1,90.0,291.50154164430046,210.93150295560622,555.5711698528897,2623.513874798705,3
0.14,20,49,3005099,greedy,1522,10,10,9,1,90.0,297.3825910540918,222.08751993403064,502.7701176963913,2676.443319486826,3
0.14,20,49,3005099,global_min_cost,1522,10,10,9,1,90.0,263.22722826620446,174.32459406556768,555.5711698528897,2369.04505439584,3
0.14,24,49,3005099,greedy,1522,10,10,10,0,100.0,260.84497461485915,216.50951144481843,471.0747497497443,2608.4497461485917,0
0.14,24,49,3005099,global_min_cost,1522,10,10,10,0,100.0,210.2978231124962,162.92885164912315,485.90945219096005,2102.9782311249623,0
0.14,32,49,3005099,greedy,1522,10,10,10,0,100.0,177.46956394253925,160.21117422237313,315.9784756327428,1774.6956394253928,0
0.14,32,49,3005099,global_min_cost,1522,10,10,10,0,100.0,147.32454301996887,67.20271324713038,249.48038394506472,1473.2454301996888,0
0.15,8,0,4005050,greedy,1777,10,10,7,3,70.0,1249.2092009081161,983.6202275093881,2235.00905229483,8744.464406356812,8
0.15,8,0,4005050,global_min_cost,1777,10,10,7,3,70.0,688.7925240354809,767.6689066722423,973.6540092026121,4821.547668248367,11
0.15,10,0,4005050,greedy,1777,10,10,9,1,90.0,970.6839273292044,852.6521491117882,1661.9811623341238,8736.15534596284,5
0.15,10,0,4005050,global_min_cost,1777,10,10,9,1,90.0,792.2510167851508,673.6164902037469,1295.8439710797738,7130.259151066358,5
0.15,12,0,4005050,greedy,1777,10,10,9,1,90.0,893.6563784531517,593.2436887129089,1362.84741927425,8042.907406078364,5
0.15,12,0,4005050,global_min_cost,1777,10,10,9,1,90.0,711.7702115200246,673.6164902037469,1016.0740071076287,6405.931903680221,5
0.15,14,0,4005050,greedy,1777,10,10,9,1,90.0,556.503018027588,473.92578465966494,963.4511592941027,5008.527162248292,5
0.15,14,0,4005050,global_min_cost,1777,10,10,9,1,90.0,526.4721091763926,492.8554067795256,963.4511592941027,4738.248982587533,5
0.15,16,0,4005050,greedy,1777,10,10,9,1,90.0,456.26453365823005,393.4540937031486,683.398994991471,4106.38080292407,5
0.15,16,0,4005050,global_min_cost,1777,10,10,9,1,90.0,436.4416069731551,370.183441730162,700.2707280601397,3927.974462758397,5
0.15,20,0,4005050,greedy,1777,10,10,9,1,90.0,434.37536794699275,393.4540937031486,666.5141600889222,3909.3783115229344,5
0.15,20,0,4005050,global_min_cost,1777,10,10,9,1,90.0,414.55244126191786,370.183441730162,666.5141600889222,3730.9719713572604,5
0.15,24,0,4005050,greedy,1777,10,10,9,1,90.0,421.84252632367185,391.27310806599803,666.5141600889222,3796.5827369130466,5
0.15,24,0,4005050,global_min_cost,1777,10,10,9,1,90.0,402.019599638597,361.13021004977713,666.5141600889222,3618.1763967473726,5
0.15,32,0,4005050,greedy,1777,10,10,9,1,90.0,324.4918883117894,210.08290886356468,582.4286484860836,2920.4269948061046,5
0.15,32,0,4005050,global_min_cost,1777,10,10,9,1,90.0,323.0152430505427,229.01253098342522,599.3003815547524,2907.1371874548845,5
0.15,8,1,4005051,greedy,1692,10,10,7,3,70.0,1199.1549036160225,1414.8150969737271,1999.6793513264615,8394.084325312158,10
0.15,8,1,4005051,global_min_cost,1692,10,10,7,3,70.0,1024.0857320094954,1597.627117613944,1736.7565483577475,7168.600124066468,12
0.15,10,1,4005051,greedy,1692,10,10,8,2,80.0,996.6038904223999,1085.4904879969588,1821.1731008741497,7972.831123379199,7
0.15,10,1,4005051,global_min_cost,1692,10,10,8,2,80.0,943.8543341670762,864.0372893478411,1838.1378312226257,7550.83467333661,7
0.15,12,1,4005051,greedy,1692,10,10,8,2,80.0,830.6874980568128,766.2556893195659,1771.3563295634183,6645.499984454503,7
0.15,12,1,4005051,global_min_cost,1692,10,10,8,2,80.0,709.291926547386,218.1891039101398,1735.1767034672025,5674.335412379088,7
0.15,14,1,4005051,greedy,1692,10,10,9,1,90.0,732.8494761907865,548.0973356993749,1757.716609307468,6595.645285717079,4
0.15,14,1,4005051,global_min_cost,1692,10,10,9,1,90.0,633.0403251397828,189.31874649763552,1733.5968585766575,5697.362926258045,4
0.15,16,1,4005051,greedy,1692,10,10,9,1,90.0,580.9689424943485,548.0973356993749,1270.6540138263547,5228.720482449137,4
0.15,16,1,4005051,global_min_cost,1692,10,10,9,1,90.0,465.3022828796013,189.31874649763552,1336.5359671443305,4187.7205459164115,4
0.15,20,1,4005051,greedy,1692,10,10,9,1,90.0,335.7049063218712,158.1319747958269,863.495410729795,3021.3441568968406,4
0.15,20,1,4005051,global_min_cost,1692,10,10,9,1,90.0,333.0111873585957,172.62305449008585,970.1790230062439,2997.100686227361,4
0.15,24,1,4005051,greedy,1692,10,10,9,1,90.0,291.1058129175103,147.36218901190958,694.1029484422221,2619.952316257593,4
0.15,24,1,4005051,global_min_cost,1692,10,10,9,1,90.0,291.1058129175103,147.36218901190958,694.1029484422221,2619.9523162575933,4
0.15,32,1,4005051,greedy,1692,10,10,10,0,100.0,198.03444419560205,137.29289312292724,362.28351007590976,1980.3444419560205,0
0.15,32,1,4005051,global_min_cost,1692,10,10,10,0,100.0,198.03444419560205,137.29289312292724,362.28351007590976,1980.3444419560205,0
0.15,8,2,4005052,greedy,1716,10,10,7,3,70.0,907.5991394448289,696.9231326644411,1950.7685425240584,6353.193976113803,7
0.15,8,2,4005052,global_min_cost,1716,10,10,7,3,70.0,808.7024843686653,640.5587739806759,1484.441712025693,5660.9173905806565,7
0.15,10,2,4005052,greedy,1716,10,10,7,3,70.0,526.4869691161161,281.6227209964295,1065.3767656505,3685.4087838128135,7
0.15,10,2,4005052,global_min_cost,1716,10,10,7,3,70.0,508.85618536810085,346.23419978060565,951.0049858736052,3561.9932975767056,7
0.15,12,2,4005052,greedy,1716,10,10,7,3,70.0,526.4869691161161,281.6227209964295,1065.3767656505,3685.4087838128135,7
0.15,12,2,4005052,global_min_cost,1716,10,10,7,3,70.0,508.85618536810085,346.23419978060565,1030.80765835871,3561.9932975767056,7
0.15,14,2,4005052,greedy,1716,10,10,7,3,70.0,420.91727817133784,192.72930300662222,920.2075981601181,2946.4209471993645,7
0.15,14,2,4005052,global_min_cost,1716,10,10,7,3,70.0,412.66990768201026,232.83384141388422,901.4072553031374,2888.689353774072,7
0.15,16,2,4005052,greedy,1716,10,10,7,3,70.0,317.09845647323704,151.64034812597146,649.579004711158,2219.689195312659,7
0.15,16,2,4005052,global_min_cost,1716,10,10,7,3,70.0,317.09845647323704,151.64034812597146,669.146231077669,2219.689195312659,7
0.15,20,2,4005052,greedy,1716,10,10,7,3,70.0,293.25715582786046,151.64034812597146,649.579004711158,2052.8000907950236,7
0.15,20,2,4005052,global_min_cost,1716,10,10,7,3,70.0,293.25715582786046,151.64034812597146,649.579004711158,2052.800090795023,7
0.15,24,2,4005052,greedy,1716,10,10,7,3,70.0,279.1103615309007,151.64034812597146,633.2506339810856,1953.772530716305,7
0.15,24,2,4005052,global_min_cost,1716,10,10,7,3,70.0,279.1103615309007,151.64034812597146,633.2506339810856,1953.772530716305,7
0.15,32,2,4005052,greedy,1716,10,10,7,3,70.0,148.87525657198378,131.30660073499297,245.63236538173845,1042.1267960038867,7
0.15,32,2,4005052,global_min_cost,1716,10,10,7,3,70.0,148.87525657198378,131.30660073499297,245.63236538173845,1042.1267960038865,7
0.15,8,3,4005053,greedy,1655,10,10,7,3,70.0,1063.4807530340636,930.4154955254264,2029.0186146117785,7444.365271238445,9
0.15,8,3,4005053,global_min_cost,1655,10,10,7,3,70.0,650.9662604640596,578.0273499391252,1286.7250862465535,4556.763823248417,9
0.15,10,3,4005053,greedy,1655,10,10,7,3,70.0,630.721354761788,677.3803173512676,1073.8118026264124,4415.0494833325165,9
0.15,10,3,4005053,global_min_cost,1655,10,10,7,3,70.0,564.5412357981755,578.0273499391252,948.794882988102,3951.7886505872284,9
0.15,12,3,4005053,greedy,1655,10,10,7,3,70.0,525.8206395583044,578.0273499391252,817.9744300294442,3680.7444769081308,9
0.15,12,3,4005053,global_min_cost,1655,10,10,7,3,70.0,494.8722579378172,492.116658291993,859.7737538116743,3464.1058055647204,9
0.15,14,3,4005053,greedy,1655,10,10,7,3,70.0,324.5985267274205,174.80875742163897,679.766712265748,2272.1896870919436,9
0.15,14,3,4005053,global_min_cost,1655,10,10,7,3,70.0,324.5985267274205,174.80875742163897,679.766712265748,2272.189687091943,9
0.15,16,3,4005053,greedy,1655,10,10,7,3,70.0,305.78941658416323,163.725389243884,679.766712265748,2140.525916089143,9
0.15,16,3,4005053,global_min_cost,1655,10,10,7,3,70.0,305.78941658416323,163.725389243884,679.766712265748,2140.525916089143,9
0.15,20,3,4005053,greedy,1655,10,10,7,3,70.0,305.78941658416323,163.725389243884,679.766712265748,2140.525916089143,9
0.15,20,3,4005053,global_min_cost,1655,10,10,7,3,70.0,305.78941658416323,163.725389243884,679.766712265748,2140.525916089143,9
0.15,24,3,4005053,greedy,1655,10,10,7,3,70.0,305.78941658416323,163.725389243884,679.766712265748,2140.525916089143,9
0.15,24,3,4005053,global_min_cost,1655,10,10,7,3,70.0,305.78941658416323,163.725389243884,679.766712265748,2140.525916089143,9
0.15,32,3,4005053,greedy,1655,10,10,7,3,70.0,284.5750897998383,163.725389243884,650.603871193478,1992.0256285988678,9
0.15,32,3,4005053,global_min_cost,1655,10,10,7,3,70.0,284.5750897998383,163.725389243884,650.603871193478,1992.025628598868,9
0.15,8,4,4005054,greedy,1698,10,10,6,4,60.0,1369.3175130458108,917.1521446099191,2914.565553613581,8215.905078274865,12
0.15,8,4,4005054,global_min_cost,1698,10,10,6,4,60.0,1303.7162493282542,927.8090944891131,2558.9950297065034,7822.297495969526,12
0.15,10,4,4005054,greedy,1698,10,10,6,4,60.0,626.0495091275543,540.1054077046408,1128.6821066592142,3756.2970547653254,12
0.15,10,4,4005054,global_min_cost,1698,10,10,6,4,60.0,626.0495091275543,540.1054077046408,1128.6821066592142,3756.2970547653254,12
0.15,12,4,4005054,greedy,1698,10,10,6,4,60.0,470.92218464563655,286.2533963081826,917.1521446099191,2825.533107873819,12
0.15,12,4,4005054,global_min_cost,1698,10,10,6,4,60.0,470.92218464563655,286.2533963081826,917.1521446099191,2825.533107873819,12
0.15,14,4,4005054,greedy,1698,10,10,6,4,60.0,373.320570824389,286.2533963081826,624.3473031461765,2239.923424946334,12
0.15,14,4,4005054,global_min_cost,1698,10,10,6,4,60.0,373.320570824389,286.2533963081826,624.3473031461765,2239.923424946334,12
0.15,16,4,4005054,greedy,1698,10,10,6,4,60.0,373.320570824389,286.2533963081826,624.3473031461765,2239.923424946334,12
0.15,16,4,4005054,global_min_cost,1698,10,10,6,4,60.0,373.320570824389,286.2533963081826,624.3473031461765,2239.923424946334,12
0.15,20,4,4005054,greedy,1698,10,10,6,4,60.0,337.5114071726601,240.2938526447241,592.6137430115383,2025.0684430359604,12
0.15,20,4,4005054,global_min_cost,1698,10,10,6,4,60.0,337.5114071726601,240.2938526447241,592.6137430115383,2025.0684430359606,12
0.15,24,4,4005054,greedy,1698,10,10,6,4,60.0,291.2490356252405,212.90445668344807,481.21602433055557,1747.4942137514429,12
0.15,24,4,4005054,global_min_cost,1698,10,10,6,4,60.0,290.14928973534614,208.0612223004028,482.7600210439179,1740.8957384120768,12
0.15,32,4,4005054,greedy,1698,10,10,6,4,60.0,260.8247637347443,181.21160985543204,453.82662836927955,1564.9485824084657,12
0.15,32,4,4005054,global_min_cost,1698,10,10,6,4,60.0,260.8247637347443,181.21160985543204,453.82662836927955,1564.9485824084659,12
0.15,8,5,4005055,greedy,1724,10,10,4,6,40.0,352.8632417797269,263.60698559255934,643.5859602841981,1411.4529671189075,15
0.15,8,5,4005055,global_min_cost,1724,10,10,4,6,40.0,308.73681512015645,228.6124405899102,569.0243286411095,1234.9472604806256,15
0.15,10,5,4005055,greedy,1724,10,10,6,4,60.0,692.7397315215394,336.3863802093315,1683.12649750534,4156.438389129236,10
0.15,10,5,4005055,global_min_cost,1724,10,10,6,4,60.0,470.13888885881494,374.94243826602707,991.8287144052862,2820.8333331528897,10
0.15,12,5,4005055,greedy,1724,10,10,7,3,70.0,446.3970666064078,333.81467468564847,896.0223428366327,3124.7794662448546,8
0.15,12,5,4005055,global_min_cost,1724,10,10,7,3,70.0,317.7899258279898,187.00684976850124,664.9713424178001,2224.5294807959285,8
0.15,14,5,4005055,greedy,1724,10,10,7,3,70.0,441.4959925342113,333.81467468564847,882.2993354344825,3090.471947739479,8
0.15,14,5,4005055,global_min_cost,1724,10,10,7,3,70.0,312.8888517557934,187.00684976850124,651.24833501565,2190.2219622905536,8
0.15,16,5,4005055,greedy,1724,10,10,7,3,70.0,441.4959925342113,333.81467468564847,882.2993354344825,3090.471947739479,8
0.15,16,5,4005055,global_min_cost,1724,10,10,7,3,70.0,312.8888517557934,187.00684976850124,651.24833501565,2190.2219622905536,8
0.15,20,5,4005055,greedy,1724,10,10,7,3,70.0,277.72564275319775,232.73712638283735,556.3941699386503,1944.0794992723845,8
0.15,20,5,4005055,global_min_cost,1724,10,10,7,3,70.0,257.9227241967086,232.73712638283735,559.9655017543673,1805.45906937696,8
0.15,24,5,4005055,greedy,1724,10,10,7,3,70.0,277.72564275319775,232.73712638283735,556.3941699386503,1944.0794992723845,8
0.15,24,5,4005055,global_min_cost,1724,10,10,7,3,70.0,257.9227241967086,232.73712638283735,559.9655017543673,1805.45906937696,8
0.15,32,5,4005055,greedy,1724,10,10,7,3,70.0,277.72564275319775,232.73712638283735,556.3941699386503,1944.0794992723845,8
0.15,32,5,4005055,global_min_cost,1724,10,10,7,3,70.0,257.9227241967086,187.00684976850124,559.9655017543673,1805.45906937696,8
0.15,8,6,4005056,greedy,1741,10,10,5,5,50.0,673.8724405498428,526.644334659167,1273.1723813137994,3369.3622027492147,13
0.15,8,6,4005056,global_min_cost,1741,10,10,5,5,50.0,388.6079853307067,278.28489894319347,685.7637703417511,1943.0399266535335,17
0.15,10,6,4005056,greedy,1741,10,10,7,3,70.0,806.5663182783175,478.28482617489266,1542.1585294939528,5645.964227948223,6
0.15,10,6,4005056,global_min_cost,1741,10,10,7,3,70.0,424.54079512863626,278.28489894319347,875.8396066844919,2971.785565900454,12
0.15,12,6,4005056,greedy,1741,10,10,8,2,80.0,702.3289480373858,641.2023713830491,1211.0007319676558,5618.631584299087,4
0.15,12,6,4005056,global_min_cost,1741,10,10,8,2,80.0,402.5923558759489,305.33320780215615,867.7292149896899,3220.7388470075916,7
0.15,14,6,4005056,greedy,1741,10,10,10,0,100.0,495.1672297122861,302.97069475880795,995.2534407426978,4951.67229712286,0
0.15,14,6,4005056,global_min_cost,1741,10,10,10,0,100.0,481.5013207246992,260.2570175761882,1002.066920427926,4815.013207246992,0
0.15,16,6,4005056,greedy,1741,10,10,10,0,100.0,447.2220959933148,302.97069475880795,819.9864421926716,4472.220959933147,0
0.15,16,6,4005056,global_min_cost,1741,10,10,10,0,100.0,433.5561870057279,292.5838620893587,819.9864421926716,4335.5618700572795,0
0.15,20,6,4005056,greedy,1741,10,10,10,0,100.0,443.27158172838455,283.2181234341566,819.9864421926716,4432.715817283844,0
0.15,20,6,4005056,global_min_cost,1741,10,10,10,0,100.0,433.5561870057279,305.33320780215615,819.9864421926716,4335.5618700572795,0
0.15,24,6,4005056,greedy,1741,10,10,10,0,100.0,402.5822327745345,249.34681046473924,819.9864421926716,4025.822327745345,0
0.15,24,6,4005056,global_min_cost,1741,10,10,10,0,100.0,402.5822327745345,249.34681046473924,819.9864421926716,4025.822327745345,0
0.15,32,6,4005056,greedy,1741,10,10,10,0,100.0,242.839680056296,202.87816066396067,340.1737156283334,2428.3968005629604,0
0.15,32,6,4005056,global_min_cost,1741,10,10,10,0,100.0,242.839680056296,202.87816066396067,330.5858476037054,2428.39680056296,0
0.15,8,7,4005057,greedy,1717,10,10,7,3,70.0,679.3666376244623,649.1264565671636,1192.6789844032323,4755.566463371237,7
0.15,8,7,4005057,global_min_cost,1717,10,10,7,3,70.0,473.909837356857,242.72794988975517,831.4497335591245,3317.368861497999,3
0.15,10,7,4005057,greedy,1717,10,10,8,2,80.0,637.7141373689835,510.7864934300376,1154.497339635201,5101.713098951869,2
0.15,10,7,4005057,global_min_cost,1717,10,10,8,2,80.0,553.1055735719339,508.85062218281695,977.8182944418056,4424.844588575471,2
0.15,12,7,4005057,greedy,1717,10,10,8,2,80.0,400.1042435097145,249.92798174380874,781.703433167126,3200.833948077716,2
0.15,12,7,4005057,global_min_cost,1717,10,10,8,2,80.0,375.36663136984424,219.77354271289755,836.0898605940537,3002.9330509587544,2
0.15,14,7,4005057,greedy,1717,10,10,8,2,80.0,349.60214361289775,240.51183598598675,614.0595478295387,2796.817148903182,2
0.15,14,7,4005057,global_min_cost,1717,10,10,8,2,80.0,313.0891525003943,197.36649503352012,707.2122586511953,2504.713220003154,2
0.15,16,7,4005057,greedy,1717,10,10,8,2,80.0,330.02415712586856,240.51183598598675,614.0595478295387,2640.1932570069484,2
0.15,16,7,4005057,global_min_cost,1717,10,10,8,2,80.0,293.5111660133651,186.45048798670325,707.2122586511953,2348.08932810692,2
0.15,20,7,4005057,greedy,1717,10,10,8,2,80.0,330.02415712586856,240.51183598598675,614.0595478295387,2640.1932570069484,2
0.15,20,7,4005057,global_min_cost,1717,10,10,8,2,80.0,293.5111660133651,186.45048798670325,707.2122586511953,2348.08932810692,2
0.15,24,7,4005057,greedy,1717,10,10,8,2,80.0,273.80179284290176,213.16023353572098,556.336184078773,2190.414342743214,2
0.15,24,7,4005057,global_min_cost,1717,10,10,8,2,80.0,261.5738887852497,186.45048798670325,605.3279911747703,2092.591110281998,2
0.15,32,7,4005057,greedy,1717,10,10,9,1,90.0,301.18520459528827,237.4699269310943,546.2689157604476,2710.6668413575944,1
0.15,32,7,4005057,global_min_cost,1717,10,10,9,1,90.0,290.315956544042,192.65583157233942,598.898477864778,2612.8436088963786,1
0.15,8,8,4005058,greedy,1702,10,10,8,2,80.0,1241.2735369347756,997.1928120763002,2222.9418494515944,9930.188295478203,4
0.15,8,8,4005058,global_min_cost,1702,10,10,8,2,80.0,955.9343248720177,930.5199743621629,1405.2136719329828,7647.474598976141,5
0.15,10,8,4005058,greedy,1702,10,10,9,1,90.0,914.6071191683801,908.590485430302,1836.0808642847217,8231.46407251542,1
0.15,10,8,4005058,global_min_cost,1702,10,10,9,1,90.0,833.0576800973291,814.2242976315283,1225.0523566633171,7497.519120875963,1
0.15,12,8,4005058,greedy,1702,10,10,9,1,90.0,430.6027944519279,203.07937457941824,857.5028551138932,3875.4251500673513,1
0.15,12,8,4005058,global_min_cost,1702,10,10,9,1,90.0,430.6027944519279,203.07937457941824,839.1988651719356,3875.425150067351,1
0.15,14,8,4005058,greedy,1702,10,10,9,1,90.0,275.3396156765559,187.84040923704518,478.0077144897358,2478.0565410890035,1
0.15,14,8,4005058,global_min_cost,1702,10,10,9,1,90.0,275.3396156765559,187.84040923704518,478.0077144897358,2478.0565410890035,1
0.15,16,8,4005058,greedy,1702,10,10,9,1,90.0,275.3396156765559,187.84040923704518,478.0077144897358,2478.0565410890035,1
0.15,16,8,4005058,global_min_cost,1702,10,10,9,1,90.0,275.3396156765559,187.84040923704518,478.0077144897358,2478.0565410890035,1
0.15,20,8,4005058,greedy,1702,10,10,9,1,90.0,239.3789599037005,187.84040923704518,426.36699026306945,2154.4106391333044,1
0.15,20,8,4005058,global_min_cost,1702,10,10,9,1,90.0,239.37895990370046,187.84040923704518,413.2785340985959,2154.410639133304,1
0.15,24,8,4005058,greedy,1702,10,10,9,1,90.0,224.23840227348745,187.84040923704518,399.113986528686,2018.145620461387,1
0.15,24,8,4005058,global_min_cost,1702,10,10,9,1,90.0,224.23840227348745,187.84040923704518,399.113986528686,2018.145620461387,1
0.15,32,8,4005058,greedy,1702,10,10,9,1,90.0,215.57282498822553,150.05348926650964,399.113986528686,1940.1554248940297,1
0.15,32,8,4005058,global_min_cost,1702,10,10,9,1,90.0,215.57282498822553,150.05348926650964,399.113986528686,1940.1554248940297,1
0.15,8,9,4005059,greedy,1766,10,10,7,3,70.0,926.0737916725902,548.4518481380909,2364.524665704692,6482.516541708132,8
0.15,8,9,4005059,global_min_cost,1766,10,10,7,3,70.0,926.0737916725902,548.4518481380909,2364.524665704692,6482.516541708132,8
0.15,10,9,4005059,greedy,1766,10,10,7,3,70.0,594.9482023766135,548.4518481380909,1218.2557356981058,4164.637416636294,8
0.15,10,9,4005059,global_min_cost,1766,10,10,7,3,70.0,594.9482023766135,548.4518481380909,1218.2557356981058,4164.637416636295,8
0.15,12,9,4005059,greedy,1766,10,10,7,3,70.0,429.7125449630588,523.2025486794842,795.3221889692891,3007.9878147414115,8
0.15,12,9,4005059,global_min_cost,1766,10,10,7,3,70.0,428.6810167013565,548.4518481380909,775.4620755805317,3000.767116909495,8
0.15,14,9,4005059,greedy,1766,10,10,7,3,70.0,366.247425641715,501.7337471086347,607.0220129002362,2563.731979492005,8
0.15,14,9,4005059,global_min_cost,1766,10,10,7,3,70.0,366.247425641715,501.7337471086347,607.0220129002362,2563.731979492005,8
0.15,16,9,4005059,greedy,1766,10,10,7,3,70.0,366.247425641715,501.7337471086347,607.0220129002362,2563.731979492005,8
0.15,16,9,4005059,global_min_cost,1766,10,10,7,3,70.0,366.247425641715,501.7337471086347,607.0220129002362,2563.731979492005,8
0.15,20,9,4005059,greedy,1766,10,10,8,2,80.0,301.40455039401434,185.353486169797,592.3794717096998,2411.2364031521147,5
0.15,20,9,4005059,global_min_cost,1766,10,10,8,2,80.0,301.40455039401434,185.353486169797,592.3794717096998,2411.2364031521147,5
0.15,24,9,4005059,greedy,1766,10,10,8,2,80.0,301.40455039401434,185.353486169797,592.3794717096998,2411.2364031521147,5
0.15,24,9,4005059,global_min_cost,1766,10,10,8,2,80.0,301.40455039401434,185.353486169797,592.3794717096998,2411.2364031521147,5
0.15,32,9,4005059,greedy,1766,10,10,8,2,80.0,244.47169429584997,139.13815551850377,592.3794717096998,1955.7735543667998,5
0.15,32,9,4005059,global_min_cost,1766,10,10,8,2,80.0,244.47169429584997,139.13815551850377,592.3794717096998,1955.7735543667998,5
0.15,8,10,4005060,greedy,1737,10,10,8,2,80.0,1025.346375830551,875.9018786815357,1918.792800049593,8202.771006644409,8
0.15,8,10,4005060,global_min_cost,1737,10,10,8,2,80.0,702.848776285322,529.8663832488105,1549.9061765513966,5622.790210282575,9
0.15,10,10,4005060,greedy,1737,10,10,9,1,90.0,923.7065027651109,971.2648912752584,1580.7072492110976,8313.358524886,4
0.15,10,10,4005060,global_min_cost,1737,10,10,9,1,90.0,733.3717987412016,784.4029319421866,1172.6638378561377,6600.346188670815,4
0.15,12,10,4005060,greedy,1737,10,10,9,1,90.0,888.2715983920781,971.2648912752584,1516.9244213396385,7994.4443855287045,4
0.15,12,10,4005060,global_min_cost,1737,10,10,9,1,90.0,682.6938601559259,795.8362266157404,1217.9474768433354,6144.244741403333,4
0.15,14,10,4005060,greedy,1737,10,10,9,1,90.0,638.4149291146821,688.7943377957597,990.2519911465973,5745.734362032139,4
0.15,14,10,4005060,global_min_cost,1737,10,10,9,1,90.0,567.2775545041994,606.6636475375549,926.4308104913212,5105.497990537795,4
0.15,16,10,4005060,greedy,1737,10,10,9,1,90.0,500.02430006734704,591.5245128267874,990.2519911465973,4500.218700606123,4
0.15,16,10,4005060,global_min_cost,1737,10,10,10,0,100.0,444.2187033722918,311.36612569028534,843.0401673365268,4442.187033722918,0
0.15,20,10,4005060,greedy,1737,10,10,9,1,90.0,493.41428079682163,532.0343393920591,990.2519911465973,4440.7285271713945,4
0.15,20,10,4005060,global_min_cost,1737,10,10,10,0,100.0,438.269686028819,281.62103897292127,843.0401673365268,4382.69686028819,0
0.15,24,10,4005060,greedy,1737,10,10,9,1,90.0,480.5861035623325,532.0343393920591,984.1269013632059,4325.274932060993,4
0.15,24,10,4005060,global_min_cost,1737,10,10,10,0,100.0,429.95581699136585,281.62103897292127,837.3529645916177,4299.558169913659,0
0.15,32,10,4005060,greedy,1737,10,10,10,0,100.0,398.26954950767345,261.63651523172615,977.6958963192321,3982.6954950767345,0
0.15,32,10,4005060,global_min_cost,1737,10,10,10,0,100.0,391.655265816093,192.40881829836567,977.6958963192321,3916.55265816093,0
0.15,8,11,4005061,greedy,1756,10,10,5,5,50.0,1339.3164556830325,1449.5932527092273,2380.52744990977,6696.582278415162,17
0.15,8,11,4005061,global_min_cost,1756,10,10,5,5,50.0,1324.2210100488237,1449.5932527092273,1907.582732066973,6621.1050502441185,17
0.15,10,11,4005061,greedy,1756,10,10,7,3,70.0,1169.343193270971,697.073653569293,2630.418316662646,8185.402352896797,11
0.15,10,11,4005061,global_min_cost,1756,10,10,7,3,70.0,1059.0336834965508,1017.3788291943505,1983.4708885088717,7413.235784475855,11
0.15,12,11,4005061,greedy,1756,10,10,7,3,70.0,764.6362646121605,373.6935579438877,1923.2001404145533,5352.4538522851235,11
0.15,12,11,4005061,global_min_cost,1756,10,10,7,3,70.0,687.0129840386886,352.49491462889995,1725.688749222535,4809.09088827082,11
0.15,14,11,4005061,greedy,1756,10,10,7,3,70.0,635.8977023998981,373.6935579438877,1504.621220673541,4451.283916799287,11
0.15,14,11,4005061,global_min_cost,1756,10,10,7,3,70.0,505.70359906608246,352.49491462889995,1102.237080594243,3539.9251934625777,11
0.15,16,11,4005061,greedy,1756,10,10,7,3,70.0,495.20248531327564,373.6935579438877,1010.5647629296586,3466.4173971929295,11
0.15,16,11,4005061,global_min_cost,1756,10,10,7,3,70.0,387.05866873380063,352.49491462889995,727.6148767745569,2709.4106811366046,11
0.15,20,11,4005061,greedy,1756,10,10,7,3,70.0,465.98197566531076,373.6935579438877,887.8386224082061,3261.873829657175,11
0.15,20,11,4005061,global_min_cost,1756,10,10,7,3,70.0,357.83815908583574,352.49491462889995,631.7203916916983,2504.8671136008497,11
0.15,24,11,4005061,greedy,1756,10,10,7,3,70.0,271.4441774827549,223.30666060675975,462.69748121692834,1900.1092423792845,11
0.15,24,11,4005061,global_min_cost,1756,10,10,7,3,70.0,233.00849615391178,214.14232096116407,370.13207719076553,1631.0594730773826,11
0.15,32,11,4005061,greedy,1756,10,10,7,3,70.0,208.24592859785085,196.7550441328243,292.7071602070209,1457.721500184956,11
0.15,32,11,4005061,global_min_cost,1756,10,10,7,3,70.0,198.88544745076814,185.8785341490279,287.1205209901241,1392.198132155377,11
0.15,8,12,4005062,greedy,1702,10,10,5,5,50.0,950.2699392713846,641.4144237185221,1740.7210969054252,4751.349696356923,16
0.15,8,12,4005062,global_min_cost,1702,10,10,5,5,50.0,726.8185314665442,541.2363337761877,1355.1769415759495,3634.092657332721,13
0.15,10,12,4005062,greedy,1702,10,10,7,3,70.0,706.8651502987759,522.1171660883155,1216.8985252351617,4948.056052091431,11
0.15,10,12,4005062,global_min_cost,1702,10,10,7,3,70.0,699.3210294949288,522.1171660883155,1216.8985252351617,4895.247206464503,11
0.15,12,12,4005062,greedy,1702,10,10,7,3,70.0,706.8651502987759,522.1171660883155,1216.8985252351617,4948.056052091431,11
0.15,12,12,4005062,global_min_cost,1702,10,10,7,3,70.0,699.3210294949288,522.1171660883155,1216.8985252351617,4895.247206464503,11
0.15,14,12,4005062,greedy,1702,10,10,7,3,70.0,627.166356399765,522.1171660883155,1059.2970192959658,4390.164494798356,11
0.15,14,12,4005062,global_min_cost,1702,10,10,7,3,70.0,627.166356399765,522.1171660883155,1059.2970192959658,4390.164494798356,11
0.15,16,12,4005062,greedy,1702,10,10,7,3,70.0,617.7177288382919,455.97677315800354,1059.2970192959658,4324.024101868044,11
0.15,16,12,4005062,global_min_cost,1702,10,10,7,3,70.0,617.7177288382919,455.97677315800354,1059.2970192959658,4324.0241018680435,11
0.15,20,12,4005062,greedy,1702,10,10,7,3,70.0,538.3728836677726,274.39702527207993,1053.5052683077054,3768.610185674408,11
0.15,20,12,4005062,global_min_cost,1702,10,10,7,3,70.0,538.3728836677726,274.39702527207993,1053.5052683077054,3768.6101856744085,11
0.15,24,12,4005062,greedy,1702,10,10,7,3,70.0,510.0989017777909,274.39702527207993,1002.3495319367947,3570.692312444536,11
0.15,24,12,4005062,global_min_cost,1702,10,10,7,3,70.0,510.0989017777909,274.39702527207993,1002.3495319367947,3570.692312444536,11
0.15,32,12,4005062,greedy,1702,10,10,7,3,70.0,319.12660334866496,274.39702527207993,480.30806117657994,2233.8862234406547,11
0.15,32,12,4005062,global_min_cost,1702,10,10,7,3,70.0,319.12660334866496,274.39702527207993,480.30806117657994,2233.8862234406547,11
0.15,8,13,4005063,greedy,1687,10,10,8,2,80.0,708.4271528043606,428.71738657941074,1522.2926362217415,5667.417222434886,4
0.15,8,13,4005063,global_min_cost,1687,10,10,8,2,80.0,474.98127779012384,341.7155496023412,913.6381098362044,3799.8502223209916,4
0.15,10,13,4005063,greedy,1687,10,10,8,2,80.0,502.91630230695404,364.46262629446403,1029.4686888505641,4023.3304184556323,4
0.15,10,13,4005063,global_min_cost,1687,10,10,8,2,80.0,358.72503450810916,274.35059575435236,664.160667072993,2869.8002760648733,4
0.15,12,13,4005063,greedy,1687,10,10,8,2,80.0,365.71502936637734,231.3199034460945,780.0502125668274,2925.720234931019,4
0.15,12,13,4005063,global_min_cost,1687,10,10,8,2,80.0,318.3414387499982,176.591189415484,596.9332749845728,2546.7315099999855,4
0.15,14,13,4005063,greedy,1687,10,10,8,2,80.0,365.71502936637734,231.3199034460945,780.0502125668274,2925.720234931019,4
0.15,14,13,4005063,global_min_cost,1687,10,10,8,2,80.0,318.3414387499982,176.591189415484,596.9332749845728,2546.7315099999855,4
0.15,16,13,4005063,greedy,1687,10,10,8,2,80.0,351.68171822882454,187.82289871326157,780.0502125668274,2813.4537458305967,4
0.15,16,13,4005063,global_min_cost,1687,10,10,8,2,80.0,304.3081276124454,176.591189415484,579.2425392402431,2434.465020899563,4
0.15,20,13,4005063,greedy,1687,10,10,8,2,80.0,271.4402463932394,134.2835807339302,509.2449084759902,2171.5219711459154,4
0.15,20,13,4005063,global_min_cost,1687,10,10,8,2,80.0,271.4402463932394,134.2835807339302,509.2449084759902,2171.5219711459154,4
0.15,24,13,4005063,greedy,1687,10,10,8,2,80.0,266.8760971336855,134.2835807339302,484.10150478617555,2135.008777069484,4
0.15,24,13,4005063,global_min_cost,1687,10,10,8,2,80.0,266.8760971336855,134.2835807339302,484.10150478617555,2135.0087770694836,4
0.15,32,13,4005063,greedy,1687,10,10,8,2,80.0,263.3844024729257,134.2835807339302,484.10150478617555,2107.0752197834054,4
0.15,32,13,4005063,global_min_cost,1687,10,10,8,2,80.0,263.3844024729257,134.2835807339302,484.10150478617555,2107.075219783405,4
0.15,8,14,4005064,greedy,1662,10,10,6,4,60.0,639.7240331439061,511.4724339391036,1098.6980614532843,3838.3441988634368,14
0.15,8,14,4005064,global_min_cost,1662,10,10,6,4,60.0,617.531133294352,547.9099718231605,1064.4228927154022,3705.186799766112,14
0.15,10,14,4005064,greedy,1662,10,10,6,4,60.0,473.11283716792354,433.40778961388196,850.7268290390311,2838.6770230075413,14
0.15,10,14,4005064,global_min_cost,1662,10,10,6,4,60.0,469.7100934539947,315.6089884521432,958.3173990589835,2818.2605607239684,14
0.15,12,14,4005064,greedy,1662,10,10,6,4,60.0,384.5072570865459,292.3014627208141,726.0164156879662,2307.0435425192754,14
0.15,12,14,4005064,global_min_cost,1662,10,10,6,4,60.0,384.5072570865459,252.90705152131042,765.4108268874697,2307.0435425192754,14
0.15,14,14,4005064,greedy,1662,10,10,6,4,60.0,274.08860394517603,253.6541293707886,433.40778961388196,1644.5316236710562,14
0.15,14,14,4005064,global_min_cost,1662,10,10,6,4,60.0,274.08860394517603,252.90705152131042,434.1548674633602,1644.5316236710562,14
0.15,16,14,4005064,greedy,1662,10,10,6,4,60.0,274.08860394517603,253.6541293707886,433.40778961388196,1644.5316236710562,14
0.15,16,14,4005064,global_min_cost,1662,10,10,6,4,60.0,274.08860394517603,252.90705152131042,434.1548674633602,1644.5316236710562,14
0.15,20,14,4005064,greedy,1662,10,10,6,4,60.0,274.08860394517603,253.6541293707886,433.40778961388196,1644.5316236710562,14
0.15,20,14,4005064,global_min_cost,1662,10,10,6,4,60.0,274.08860394517603,252.90705152131042,434.1548674633602,1644.5316236710562,14
0.15,24,14,4005064,greedy,1662,10,10,6,4,60.0,274.08860394517603,253.6541293707886,433.40778961388196,1644.5316236710562,14
0.15,24,14,4005064,global_min_cost,1662,10,10,6,4,60.0,274.08860394517603,253.6541293707886,433.40778961388196,1644.531623671056,14
0.15,32,14,4005064,greedy,1662,10,10,6,4,60.0,247.78511820812514,227.5174142747622,394.7604562638565,1486.7107092487508,14
0.15,32,14,4005064,global_min_cost,1662,10,10,6,4,60.0,247.78511820812514,227.5174142747622,394.7604562638565,1486.7107092487508,14
0.15,8,15,4005065,greedy,1671,10,10,6,4,60.0,750.9401289363755,772.8616989904516,1172.9451610151857,4505.640773618252,14
0.15,8,15,4005065,global_min_cost,1671,10,10,6,4,60.0,567.3915541143542,423.66711484775703,1009.235916929731,3404.3493246861253,14
0.15,10,15,4005065,greedy,1671,10,10,6,4,60.0,421.47688380974375,407.63872996048497,549.7783946652575,2528.8613028584628,14
0.15,10,15,4005065,global_min_cost,1671,10,10,6,4,60.0,383.1776670830229,372.4082141501077,482.3402519932296,2299.0660024981375,14
0.15,12,15,4005065,greedy,1671,10,10,6,4,60.0,370.2078941424227,368.17933144808524,463.1265133601569,2221.247364854536,14
0.15,12,15,4005065,global_min_cost,1671,10,10,6,4,60.0,368.45771836640415,368.17933144808524,467.922193085553,2210.746310198425,14
0.15,14,15,4005065,greedy,1671,10,10,6,4,60.0,346.94072770013946,336.75531404566846,459.32001495219635,2081.644366200837,14
0.15,14,15,4005065,global_min_cost,1671,10,10,6,4,60.0,341.33378486363114,336.75531404566846,432.4529793892198,2048.002709181787,14
0.15,16,15,4005065,greedy,1671,10,10,6,4,60.0,276.7960754099885,294.78453510573144,372.4082141501077,1660.7764524599306,14
0.15,16,15,4005065,global_min_cost,1671,10,10,6,4,60.0,276.7960754099885,294.78453510573144,372.4082141501077,1660.7764524599309,14
0.15,20,15,4005065,greedy,1671,10,10,6,4,60.0,254.9692860309481,282.48875034046813,372.4082141501077,1529.8157161856884,14
0.15,20,15,4005065,global_min_cost,1671,10,10,6,4,60.0,254.9692860309481,282.48875034046813,372.4082141501077,1529.8157161856886,14
0.15,24,15,4005065,greedy,1671,10,10,6,4,60.0,254.9692860309481,282.48875034046813,372.4082141501077,1529.8157161856884,14
0.15,24,15,4005065,global_min_cost,1671,10,10,6,4,60.0,254.9692860309481,282.48875034046813,372.4082141501077,1529.8157161856886,14
0.15,32,15,4005065,greedy,1671,10,10,6,4,60.0,216.97318758816587,209.00827320761215,368.17933144808524,1301.8391255289953,14
0.15,32,15,4005065,global_min_cost,1671,10,10,6,4,60.0,216.97318758816587,209.00827320761215,368.17933144808524,1301.8391255289953,14
0.15,8,16,4005066,greedy,1702,10,10,5,5,50.0,424.00912649138854,419.9207662404166,593.8952121509952,2120.0456324569427,19
0.15,8,16,4005066,global_min_cost,1702,10,10,5,5,50.0,389.8305150697685,496.4253885708136,548.7609138785498,1949.1525753488427,19
0.15,10,16,4005066,greedy,1702,10,10,6,4,60.0,386.73459273540715,372.392937581684,580.6807946850482,2320.407556412443,14
0.15,10,16,4005066,global_min_cost,1702,10,10,6,4,60.0,358.2524165507238,355.1617782471459,541.9272122186969,2149.5144993043427,14
0.15,12,16,4005066,greedy,1702,10,10,6,4,60.0,314.9849886834028,220.6478851821196,523.6642242112343,1889.9099321004167,14
0.15,12,16,4005066,global_min_cost,1702,10,10,6,4,60.0,295.72376135743167,207.4109786408432,502.09204624512324,1774.3425681445901,14
0.15,14,16,4005066,greedy,1702,10,10,6,4,60.0,314.9849886834028,220.6478851821196,523.6642242112343,1889.9099321004167,14
0.15,14,16,4005066,global_min_cost,1702,10,10,6,4,60.0,295.72376135743167,207.4109786408432,502.09204624512324,1774.3425681445901,14
0.15,16,16,4005066,greedy,1702,10,10,7,3,70.0,368.5070838774493,227.39760244076106,652.3004713259228,2579.5495871421454,12
0.15,16,16,4005066,global_min_cost,1702,10,10,7,3,70.0,351.9974604551884,213.89816792347816,580.5110843683512,2463.982223186319,12
0.15,20,16,4005066,greedy,1702,10,10,7,3,70.0,333.06794287239825,213.89816792347816,573.7110951591796,2331.4756001067876,12
0.15,20,16,4005066,global_min_cost,1702,10,10,7,3,70.0,333.06794287239825,213.89816792347816,573.7110951591796,2331.4756001067876,12
0.15,24,16,4005066,greedy,1702,10,10,7,3,70.0,269.92300008220184,200.92378935820824,501.0071105206327,1889.4610005754128,12
0.15,24,16,4005066,global_min_cost,1702,10,10,7,3,70.0,269.92300008220184,200.92378935820824,501.0071105206327,1889.4610005754125,12
0.15,32,16,4005066,greedy,1702,10,10,8,2,80.0,209.45295520038903,200.64285665685424,313.34639870158594,1675.6236416031127,8
0.15,32,16,4005066,global_min_cost,1702,10,10,8,2,80.0,209.45295520038903,200.64285665685424,313.34639870158594,1675.6236416031122,8
0.15,8,17,4005067,greedy,1719,10,10,6,4,60.0,869.8745891059351,770.6475005433875,1554.2777864225595,5219.2475346356105,11
0.15,8,17,4005067,global_min_cost,1719,10,10,6,4,60.0,458.6006276378627,416.94839696331314,769.0371906701446,2751.603765827176,7
0.15,10,17,4005067,greedy,1719,10,10,8,2,80.0,807.3532040648065,770.6475005433875,1339.237619444349,6458.825632518452,3
0.15,10,17,4005067,global_min_cost,1719,10,10,8,2,80.0,540.2815747881374,469.82281281752944,1054.3788367499353,4322.2525983051,2
0.15,12,17,4005067,greedy,1719,10,10,10,0,100.0,659.19934210823,615.0237939788,1115.7885271220637,6591.993421082299,0
0.15,12,17,4005067,global_min_cost,1719,10,10,10,0,100.0,549.359812672943,407.97557933445637,1115.7885271220637,5493.59812672943,0
0.15,14,17,4005067,greedy,1719,10,10,10,0,100.0,488.5392668620962,343.59380385136603,1069.08619957272,4885.3926686209625,0
0.15,14,17,4005067,global_min_cost,1719,10,10,10,0,100.0,442.70383299278984,335.9067902386563,1038.5445508815596,4427.038329927898,0
0.15,16,17,4005067,greedy,1719,10,10,10,0,100.0,437.4792379812322,297.2972495546967,1069.08619957272,4374.792379812322,0
0.15,16,17,4005067,global_min_cost,1719,10,10,10,0,100.0,406.65803371762695,335.9067902386563,608.8816281495601,4066.5803371762695,0
0.15,20,17,4005067,greedy,1719,10,10,10,0,100.0,276.9242213054737,241.90776621235187,547.0385165143763,2769.2422130547366,0
0.15,20,17,4005067,global_min_cost,1719,10,10,10,0,100.0,276.9242213054737,241.90776621235187,547.0385165143763,2769.2422130547366,0
0.15,24,17,4005067,greedy,1719,10,10,10,0,100.0,254.24131305510173,200.7991726786982,547.0385165143763,2542.4131305510173,0
0.15,24,17,4005067,global_min_cost,1719,10,10,10,0,100.0,254.24131305510173,200.7991726786982,547.0385165143763,2542.4131305510177,0
0.15,32,17,4005067,greedy,1719,10,10,10,0,100.0,205.5410537086247,200.7991726786982,343.4859322145488,2055.410537086247,0
0.15,32,17,4005067,global_min_cost,1719,10,10,10,0,100.0,205.5410537086247,200.7991726786982,343.4859322145488,2055.410537086247,0
0.15,8,18,4005068,greedy,1651,10,10,6,4,60.0,418.57707808290337,526.9591585614893,561.3911609291683,2511.46246849742,13
0.15,8,18,4005068,global_min_cost,1651,10,10,6,4,60.0,312.98445822026105,274.64878151920254,561.3911609291683,1877.9067493215662,12
0.15,10,18,4005068,greedy,1651,10,10,8,2,80.0,519.8502932033344,533.559256518708,750.1050896055716,4158.802345626676,9
0.15,10,18,4005068,global_min_cost,1651,10,10,8,2,80.0,395.1823914759599,499.5723779210132,560.2264732353152,3161.459131807679,6
0.15,12,18,4005068,greedy,1651,10,10,9,1,90.0,618.1225534565643,512.0377020002516,1248.9541345580876,5563.102981109079,4
0.15,12,18,4005068,global_min_cost,1651,10,10,9,1,90.0,436.13866387414686,346.2466818998425,692.9997623970198,3925.247974867322,4
0.15,14,18,4005068,greedy,1651,10,10,9,1,90.0,428.8714811583505,393.717632766584,692.9997623970198,3859.843330425155,4
0.15,14,18,4005068,global_min_cost,1651,10,10,9,1,90.0,410.4424800283764,346.2466818998425,692.9997623970198,3693.982320255388,4
0.15,16,18,4005068,greedy,1651,10,10,9,1,90.0,428.8714811583505,393.717632766584,692.9997623970198,3859.843330425155,4
0.15,16,18,4005068,global_min_cost,1651,10,10,9,1,90.0,410.4424800283764,346.2466818998425,692.9997623970198,3693.982320255388,4
0.15,20,18,4005068,greedy,1651,10,10,9,1,90.0,341.2140799005591,369.0568063466828,496.57338694240815,3070.926719105032,4
0.15,20,18,4005068,global_min_cost,1651,10,10,9,1,90.0,322.7850787705851,346.2466818998425,496.57338694240815,2905.0657089352653,4
0.15,24,18,4005068,greedy,1651,10,10,9,1,90.0,314.18127590722304,305.8492563895044,496.57338694240815,2827.6314831650075,4
0.15,24,18,4005068,global_min_cost,1651,10,10,9,1,90.0,314.18127590722304,305.8492563895044,496.57338694240815,2827.6314831650075,4
0.15,32,18,4005068,greedy,1651,10,10,9,1,90.0,258.5185806856767,268.8124561295843,471.68572338199755,2326.6672261710905,4
0.15,32,18,4005068,global_min_cost,1651,10,10,9,1,90.0,258.5185806856767,268.8124561295843,471.68572338199755,2326.66722617109,4
0.15,8,19,4005069,greedy,1725,10,10,7,3,70.0,766.4286339510751,645.6871355927846,1379.3149458702671,5365.000437657525,6
0.15,8,19,4005069,global_min_cost,1725,10,10,7,3,70.0,541.2007518859413,528.143113298015,943.680587139927,3788.4052632015887,8
0.15,10,19,4005069,greedy,1725,10,10,9,1,90.0,1022.8966476641127,833.789441616275,1843.5039667100846,9206.069828977015,1
0.15,10,19,4005069,global_min_cost,1725,10,10,9,1,90.0,913.4711794197519,528.143113298015,1742.943899628618,8221.240614777766,1
0.15,12,19,4005069,greedy,1725,10,10,9,1,90.0,829.5020809311877,833.789441616275,1495.393746590819,7465.51872838069,1
0.15,12,19,4005069,global_min_cost,1725,10,10,9,1,90.0,730.5570885578696,528.143113298015,1494.6768136469575,6575.013797020827,1
0.15,14,19,4005069,greedy,1725,10,10,9,1,90.0,569.9083942375983,572.4437410330747,876.7919514297382,5129.175548138384,1
0.15,14,19,4005069,global_min_cost,1725,10,10,9,1,90.0,519.4739467194079,528.143113298015,863.516335109548,4675.265520474672,1
0.15,16,19,4005069,greedy,1725,10,10,9,1,90.0,392.99836654126796,332.90740822450516,683.1398234210146,3536.9852988714115,1
0.15,16,19,4005069,global_min_cost,1725,10,10,9,1,90.0,392.99836654126796,332.90740822450516,683.1398234210146,3536.9852988714115,1
0.15,20,19,4005069,greedy,1725,10,10,9,1,90.0,315.5422084723829,232.01784092778843,587.0924199450167,2839.8798762514466,1
0.15,20,19,4005069,global_min_cost,1725,10,10,9,1,90.0,315.5422084723829,223.56487868011652,607.0713508445259,2839.8798762514466,1
0.15,24,19,4005069,greedy,1725,10,10,9,1,90.0,315.5422084723829,232.01784092778843,587.0924199450167,2839.8798762514466,1
0.15,24,19,4005069,global_min_cost,1725,10,10,9,1,90.0,315.5422084723829,223.56487868011652,607.0713508445259,2839.8798762514466,1
0.15,32,19,4005069,greedy,1725,10,10,9,1,90.0,234.89580909570978,195.53556301256822,416.0117564864349,2114.062281861388,1
0.15,32,19,4005069,global_min_cost,1725,10,10,9,1,90.0,234.89580909570978,195.53556301256822,421.0064892113122,2114.062281861388,1
0.15,8,20,4005070,greedy,1733,10,10,7,3,70.0,995.1272035318616,1119.1507782792658,1495.5717400708247,6965.890424723032,6
0.15,8,20,4005070,global_min_cost,1733,10,10,7,3,70.0,793.4530602557078,663.3147469025747,1390.521520331251,5554.1714217899535,6
0.15,10,20,4005070,greedy,1733,10,10,7,3,70.0,780.5365435370936,663.3147469025747,1386.1515193720036,5463.755804759655,6
0.15,10,20,4005070,global_min_cost,1733,10,10,7,3,70.0,758.4063188845132,515.2310402744927,1386.1515193720036,5308.844232191592,6
0.15,12,20,4005070,greedy,1733,10,10,7,3,70.0,715.781951159722,563.1413753751341,1386.1515193720036,5010.473658118053,6
0.15,12,20,4005070,global_min_cost,1733,10,10,7,3,70.0,689.2119396315827,440.47771848614144,1386.1515193720036,4824.483577421079,6
0.15,14,20,4005070,greedy,1733,10,10,7,3,70.0,653.8763243451809,526.3733425022077,1212.583120306372,4577.134270416266,6
0.15,14,20,4005070,global_min_cost,1733,10,10,7,3,70.0,562.3263607737583,440.47771848614144,1029.6987524883687,3936.2845254163085,6
0.15,16,20,4005070,greedy,1733,10,10,7,3,70.0,615.5198347617004,400.387936308508,1212.583120306372,4308.638843331903,6
0.15,16,20,4005070,global_min_cost,1733,10,10,7,3,70.0,545.2873065937134,394.1203395722935,985.9491522804888,3817.011146155994,6
0.15,20,20,4005070,greedy,1733,10,10,7,3,70.0,532.3782025517606,264.14551215405913,1212.583120306372,3726.647417862325,6
0.15,20,20,4005070,global_min_cost,1733,10,10,7,3,70.0,445.21718157262194,257.87791541784463,906.0901952775098,3116.5202710083536,6
0.15,24,20,4005070,greedy,1733,10,10,7,3,70.0,290.16910962611956,264.14551215405913,419.3923976971667,2031.1837673828368,6
0.15,24,20,4005070,global_min_cost,1733,10,10,7,3,70.0,273.24061681496784,257.87791541784463,408.1834784918787,1912.6843177047751,6
0.15,32,20,4005070,greedy,1733,10,10,7,3,70.0,215.85655151367712,247.08961408312533,337.48476611537444,1510.99586059574,6
0.15,32,20,4005070,global_min_cost,1733,10,10,7,3,70.0,211.5288964870784,192.93173357221775,367.2388977935339,1480.7022754095487,6
0.15,8,21,4005071,greedy,1743,10,10,7,3,70.0,913.8956807765235,718.8077523590736,1673.20064388453,6397.269765435664,5
0.15,8,21,4005071,global_min_cost,1743,10,10,7,3,70.0,755.9755407813406,626.073542055975,1499.5611495700869,5291.828785469384,5
0.15,10,21,4005071,greedy,1743,10,10,8,2,80.0,548.1313745735841,473.74333509001974,1112.260763080915,4385.050996588672,3
0.15,10,21,4005071,global_min_cost,1743,10,10,8,2,80.0,504.2028959064154,415.71143367845843,1123.1821586892963,4033.623167251323,3
0.15,12,21,4005071,greedy,1743,10,10,8,2,80.0,354.9924563568794,167.43563986646956,770.9523971249865,2839.9396508550353,3
0.15,12,21,4005071,global_min_cost,1743,10,10,8,2,80.0,354.9924563568794,167.43563986646956,770.9523971249865,2839.9396508550353,3
0.15,14,21,4005071,greedy,1743,10,10,8,2,80.0,303.9978740061427,167.43563986646956,714.0805934187165,2431.9829920491416,3
0.15,14,21,4005071,global_min_cost,1743,10,10,8,2,80.0,303.9978740061427,167.43563986646956,714.0805934187165,2431.982992049141,3
0.15,16,21,4005071,greedy,1743,10,10,8,2,80.0,303.9978740061427,167.43563986646956,714.0805934187165,2431.9829920491416,3
0.15,16,21,4005071,global_min_cost,1743,10,10,8,2,80.0,302.64862997722844,250.983300009154,556.2173986030726,2421.1890398178275,3
0.15,20,21,4005071,greedy,1743,10,10,8,2,80.0,232.8857362323451,167.43563986646956,530.6012065821907,1863.085889858761,3
0.15,20,21,4005071,global_min_cost,1743,10,10,8,2,80.0,232.8857362323451,167.43563986646956,541.5226021905721,1863.0858898587608,3
0.15,24,21,4005071,greedy,1743,10,10,8,2,80.0,232.8857362323451,167.43563986646956,530.6012065821907,1863.085889858761,3
0.15,24,21,4005071,global_min_cost,1743,10,10,8,2,80.0,232.8857362323451,167.43563986646956,530.6012065821907,1863.085889858761,3
0.15,32,21,4005071,greedy,1743,10,10,8,2,80.0,211.40404077460627,167.43563986646956,423.1139681982648,1691.2323261968502,3
0.15,32,21,4005071,global_min_cost,1743,10,10,8,2,80.0,211.40404077460627,167.43563986646956,434.0353638066463,1691.2323261968502,3
0.15,8,22,4005072,greedy,1721,10,10,5,5,50.0,541.2983723827192,303.40610734413,1021.2688805838758,2706.491861913596,16
0.15,8,22,4005072,global_min_cost,1721,10,10,5,5,50.0,290.1321677132917,295.2052675862826,333.94511489722646,1450.6608385664586,15
0.15,10,22,4005072,greedy,1721,10,10,7,3,70.0,317.90564094718746,295.2052675862826,421.7129898382228,2225.3394866303124,9
0.15,10,22,4005072,global_min_cost,1721,10,10,7,3,70.0,317.90564094718746,295.2052675862826,416.81764989898085,2225.3394866303124,9
0.15,12,22,4005072,greedy,1721,10,10,8,2,80.0,433.1851144742782,287.8786235003284,771.4278967530895,3465.480915794225,5
0.15,12,22,4005072,global_min_cost,1721,10,10,8,2,80.0,369.2090120746649,306.40795206315033,601.4398439029455,2953.672096597319,5
0.15,14,22,4005072,greedy,1721,10,10,8,2,80.0,350.44485200518517,283.07839019406504,603.6309292542836,2803.5588160414814,5
0.15,14,22,4005072,global_min_cost,1721,10,10,8,2,80.0,333.27653228327296,278.9226248810955,484.7141185979666,2666.212258266184,5
0.15,16,22,4005072,greedy,1721,10,10,8,2,80.0,350.44485200518517,283.07839019406504,603.6309292542836,2803.5588160414814,5
0.15,16,22,4005072,global_min_cost,1721,10,10,8,2,80.0,333.27653228327296,278.9226248810955,484.7141185979666,2666.212258266184,5
0.15,20,22,4005072,greedy,1721,10,10,8,2,80.0,350.44485200518517,283.07839019406504,603.6309292542836,2803.5588160414814,5
0.15,20,22,4005072,global_min_cost,1721,10,10,8,2,80.0,333.27653228327296,278.9226248810955,484.7141185979666,2666.212258266184,5
0.15,24,22,4005072,greedy,1721,10,10,9,1,90.0,292.92512303949326,247.83947857148894,573.8753441843813,2636.3261073554395,4
0.15,24,22,4005072,global_min_cost,1721,10,10,9,1,90.0,277.6643943977935,247.83947857148894,437.9704177200191,2498.9795495801422,4
0.15,32,22,4005072,greedy,1721,10,10,9,1,90.0,277.23949959010133,190.68825164006967,573.8753441843813,2495.155496310912,4
0.15,32,22,4005072,global_min_cost,1721,10,10,9,1,90.0,261.9787709484016,224.07386426866213,437.9704177200191,2357.8089385356147,4
0.15,8,23,4005073,greedy,1696,10,10,4,6,40.0,512.7698835522714,394.2685297751584,900.2825311065942,2051.0795342090855,15
0.15,8,23,4005073,global_min_cost,1696,10,10,4,6,40.0,196.11854551986082,174.4772791386712,329.91346364663696,784.4741820794434,19
0.15,10,23,4005073,greedy,1696,10,10,6,4,60.0,472.96917118011766,474.49713281269743,677.0404173785066,2837.8150270807064,8
0.15,10,23,4005073,global_min_cost,1696,10,10,6,4,60.0,315.9733461030746,331.53054094813757,516.9087962838105,1895.8400766184477,10
0.15,12,23,4005073,greedy,1696,10,10,6,4,60.0,446.67508184292586,474.49713281269743,677.0404173785066,2680.050491057555,8
0.15,12,23,4005073,global_min_cost,1696,10,10,6,4,60.0,289.67925676588277,252.64827293656202,516.9087962838105,1738.0755405952966,10
0.15,14,23,4005073,greedy,1696,10,10,7,3,70.0,347.78860843446773,277.41200772335156,593.0266179238325,2434.520259041274,5
0.15,14,23,4005073,global_min_cost,1696,10,10,7,3,70.0,330.8226281225191,277.41200772335156,572.1104781673629,2315.7583968576337,5
0.15,16,23,4005073,greedy,1696,10,10,7,3,70.0,347.78860843446773,277.41200772335156,593.0266179238325,2434.520259041274,5
0.15,16,23,4005073,global_min_cost,1696,10,10,7,3,70.0,330.8226281225191,277.41200772335156,572.1104781673629,2315.7583968576337,5
0.15,20,23,4005073,greedy,1696,10,10,7,3,70.0,219.83312377972004,149.09085252537443,382.47340771604627,1538.8318664580402,5
0.15,20,23,4005073,global_min_cost,1696,10,10,7,3,70.0,219.83312377972004,149.09085252537443,382.47340771604627,1538.8318664580402,5
0.15,24,23,4005073,greedy,1696,10,10,7,3,70.0,208.63307152149338,145.00386970309663,382.47340771604627,1460.4315006504535,5
0.15,24,23,4005073,global_min_cost,1696,10,10,7,3,70.0,208.63307152149338,145.00386970309663,382.47340771604627,1460.4315006504535,5
0.15,32,23,4005073,greedy,1696,10,10,7,3,70.0,167.83311259801476,145.00386970309663,288.5356732275181,1174.8317881861033,5
0.15,32,23,4005073,global_min_cost,1696,10,10,7,3,70.0,167.83311259801476,145.00386970309663,288.5356732275181,1174.8317881861033,5
0.15,8,24,4005074,greedy,1725,10,10,6,4,60.0,709.0458854760916,407.7104968664866,1481.9696271015264,4254.27531285655,8
0.15,8,24,4005074,global_min_cost,1725,10,10,6,4,60.0,484.92983595305793,306.1444807309821,911.1874946679299,2909.5790157183474,8
0.15,10,24,4005074,greedy,1725,10,10,8,2,80.0,454.94345063786443,347.8298868395667,801.825145227587,3639.547605102916,3
0.15,10,24,4005074,global_min_cost,1725,10,10,8,2,80.0,416.223894057532,306.1444807309821,801.825145227587,3329.7911524602555,3
0.15,12,24,4005074,greedy,1725,10,10,9,1,90.0,403.88106683682685,285.7508995419177,747.1439705074157,3634.929601531442,1
0.15,12,24,4005074,global_min_cost,1725,10,10,9,1,90.0,390.5301076900619,250.1443118088913,747.1439705074157,3514.770969210557,1
0.15,14,24,4005074,greedy,1725,10,10,9,1,90.0,366.1829733331684,243.27187626105712,747.1439705074157,3295.646759998515,1
0.15,14,24,4005074,global_min_cost,1725,10,10,9,1,90.0,366.1829733331684,243.27187626105712,747.1439705074157,3295.646759998515,1
0.15,16,24,4005074,greedy,1725,10,10,9,1,90.0,300.3989179334165,243.27187626105712,601.5858199502308,2703.5902614007487,1
0.15,16,24,4005074,global_min_cost,1725,10,10,9,1,90.0,300.3989179334165,243.27187626105712,601.5858199502308,2703.590261400748,1
0.15,20,24,4005074,greedy,1725,10,10,9,1,90.0,272.84438598786085,234.07880190962152,601.5858199502308,2455.599473890747,1
0.15,20,24,4005074,global_min_cost,1725,10,10,9,1,90.0,272.84438598786085,234.07880190962152,601.5858199502308,2455.5994738907475,1
0.15,24,24,4005074,greedy,1725,10,10,9,1,90.0,259.97325014585556,231.6431886594666,601.5858199502308,2339.7592513127,1
0.15,24,24,4005074,global_min_cost,1725,10,10,9,1,90.0,259.97325014585556,231.6431886594666,601.5858199502308,2339.7592513127,1
0.15,32,24,4005074,greedy,1725,10,10,9,1,90.0,247.8373399867655,197.75184024154387,601.5858199502308,2230.5360598808898,1
0.15,32,24,4005074,global_min_cost,1725,10,10,9,1,90.0,247.8373399867655,197.75184024154387,601.5858199502308,2230.5360598808898,1
0.15,8,25,4005075,greedy,1695,10,10,8,2,80.0,948.8437776864603,653.139945507213,2005.5627932418033,7590.750221491681,7
0.15,8,25,4005075,global_min_cost,1695,10,10,8,2,80.0,625.0443860983944,526.8322575700498,1163.0202498064073,5000.355088787156,5
0.15,10,25,4005075,greedy,1695,10,10,9,1,90.0,850.5175437234966,654.891301851135,1847.685039347408,7654.6578935114685,3
0.15,10,25,4005075,global_min_cost,1695,10,10,9,1,90.0,668.1171484022317,544.7589426180697,1318.3002180121662,6013.054335620085,3
0.15,12,25,4005075,greedy,1695,10,10,9,1,90.0,850.5175437234966,654.891301851135,1847.685039347408,7654.6578935114685,3
0.15,12,25,4005075,global_min_cost,1695,10,10,9,1,90.0,668.1171484022317,544.7589426180697,1318.3002180121662,6013.054335620085,3
0.15,14,25,4005075,greedy,1695,10,10,9,1,90.0,592.8240195835558,298.38908048969205,1430.9948228216836,5335.4161762520025,3
0.15,14,25,4005075,global_min_cost,1695,10,10,9,1,90.0,580.5408487928275,298.38908048969205,1316.859250747088,5224.867639135447,3
0.15,16,25,4005075,greedy,1695,10,10,9,1,90.0,570.2457210807493,298.38908048969205,1390.3538855166316,5132.211489726743,3
0.15,16,25,4005075,global_min_cost,1695,10,10,9,1,90.0,557.9625502900209,298.38908048969205,1276.218313442036,5021.662952610188,3
0.15,20,25,4005075,greedy,1695,10,10,9,1,90.0,487.13389621177726,242.44409245613366,1246.8562079824428,4384.205065905995,3
0.15,20,25,4005075,global_min_cost,1695,10,10,9,1,90.0,487.1338962117773,242.44409245613366,1190.4087804231617,4384.205065905996,3
0.15,24,25,4005075,greedy,1695,10,10,9,1,90.0,296.5241513833609,156.79179563763464,569.4940443622015,2668.7173624502484,3
0.15,24,25,4005075,global_min_cost,1695,10,10,9,1,90.0,296.5241513833609,156.79179563763464,569.4940443622015,2668.7173624502484,3
0.15,32,25,4005075,greedy,1695,10,10,9,1,90.0,275.6588026991201,156.79179563763464,442.2766127621861,2480.929224292081,3
0.15,32,25,4005075,global_min_cost,1695,10,10,9,1,90.0,273.74034940492777,156.79179563763464,442.2766127621861,2463.6631446443503,3
0.15,8,26,4005076,greedy,1680,10,10,8,2,80.0,1340.360399658683,997.5042172801532,2590.3186936925213,10722.883197269464,5
0.15,8,26,4005076,global_min_cost,1680,10,10,8,2,80.0,1233.2660779568932,1297.239842167053,2195.7930804485054,9866.128623655146,5
0.15,10,26,4005076,greedy,1680,10,10,8,2,80.0,857.1849455341335,552.0563080426756,1844.066236387473,6857.479564273068,5
0.15,10,26,4005076,global_min_cost,1680,10,10,8,2,80.0,795.5264330627565,552.0563080426756,1549.3607913640594,6364.211464502052,5
0.15,12,26,4005076,greedy,1680,10,10,8,2,80.0,537.2980378886939,438.67453958696217,789.2425288430185,4298.384303109551,5
0.15,12,26,4005076,global_min_cost,1680,10,10,8,2,80.0,448.8879793772672,356.3967838409311,787.1186021847597,3591.1038350181375,5
0.15,14,26,4005076,greedy,1680,10,10,8,2,80.0,355.0106597555023,311.59722954380425,645.6341137006655,2840.085278044018,5
0.15,14,26,4005076,global_min_cost,1680,10,10,8,2,80.0,355.0106597555023,318.2481086513295,645.6341137006655,2840.085278044018,5
0.15,16,26,4005076,greedy,1680,10,10,8,2,80.0,334.50717390526205,299.9634834828721,645.6341137006655,2676.0573912420964,5
0.15,16,26,4005076,global_min_cost,1680,10,10,8,2,80.0,301.9987367224606,291.9453290149336,423.2307644067798,2415.9898937796847,5
0.15,20,26,4005076,greedy,1680,10,10,8,2,80.0,268.11589032640455,242.63354652688275,423.2307644067798,2144.9271226112364,5
0.15,20,26,4005076,global_min_cost,1680,10,10,8,2,80.0,268.11589032640455,242.63354652688275,423.2307644067798,2144.9271226112364,5
0.15,24,26,4005076,greedy,1680,10,10,8,2,80.0,206.87045169489383,178.90422829437915,328.39920291038874,1654.9636135591509,5
0.15,24,26,4005076,global_min_cost,1680,10,10,8,2,80.0,206.87045169489383,178.90422829437915,328.39920291038874,1654.9636135591509,5
0.15,32,26,4005076,greedy,1680,10,10,8,2,80.0,206.87045169489383,178.90422829437915,328.39920291038874,1654.9636135591509,5
0.15,32,26,4005076,global_min_cost,1680,10,10,8,2,80.0,206.87045169489383,178.90422829437915,328.39920291038874,1654.9636135591509,5
0.15,8,27,4005077,greedy,1737,10,10,6,4,60.0,599.3562052970381,409.28556482483805,1196.5352608723342,3596.137231782228,13
0.15,8,27,4005077,global_min_cost,1737,10,10,6,4,60.0,397.08754932251696,309.55207283519474,606.3313462020405,2382.525295935102,13
0.15,10,27,4005077,greedy,1737,10,10,8,2,80.0,784.445502621742,643.3565325209278,1511.5229014266827,6275.564020973936,4
0.15,10,27,4005077,global_min_cost,1737,10,10,8,2,80.0,600.1917339654234,517.301559593575,944.2603512223928,4801.533871723387,9
0.15,12,27,4005077,greedy,1737,10,10,10,0,100.0,668.0624275333123,517.9412223622604,1175.450984379217,6680.624275333123,0
0.15,12,27,4005077,global_min_cost,1737,10,10,10,0,100.0,578.6498143771333,517.301559593575,784.8904194711512,5786.498143771334,0
0.15,14,27,4005077,greedy,1737,10,10,10,0,100.0,516.2417922944568,517.301559593575,767.6668680398184,5162.417922944569,0
0.15,14,27,4005077,global_min_cost,1737,10,10,10,0,100.0,460.52352389143545,437.47641709065977,691.4852155619868,4605.235238914354,0
0.15,16,27,4005077,greedy,1737,10,10,10,0,100.0,493.53753025447094,517.301559593575,767.6668680398184,4935.3753025447095,0
0.15,16,27,4005077,global_min_cost,1737,10,10,10,0,100.0,437.8192618514495,437.47641709065977,691.4852155619868,4378.192618514496,0
0.15,20,27,4005077,greedy,1737,10,10,10,0,100.0,342.86276901448366,309.55207283519474,538.3952704836843,3428.6276901448364,0
0.15,20,27,4005077,global_min_cost,1737,10,10,10,0,100.0,331.0555779787491,303.03405552776286,518.7868773036424,3310.555779787491,0
0.15,24,27,4005077,greedy,1737,10,10,10,0,100.0,321.1038039621872,309.55207283519474,523.444733859948,3211.038039621872,0
0.15,24,27,4005077,global_min_cost,1737,10,10,10,0,100.0,309.29661292645267,303.03405552776286,509.801023649215,3092.966129264527,0
0.15,32,27,4005077,greedy,1737,10,10,10,0,100.0,256.7937749674562,250.16820150652137,477.55999662577926,2567.9377496745624,0
0.15,32,27,4005077,global_min_cost,1737,10,10,10,0,100.0,256.7937749674562,250.16820150652137,477.55999662577926,2567.937749674562,0
0.15,8,28,4005078,greedy,1738,10,10,8,2,80.0,1772.0433638097973,1795.5649368014547,2901.450862573268,14176.346910478376,7
0.15,8,28,4005078,global_min_cost,1738,10,10,8,2,80.0,1427.9493433134476,1257.4843880165818,2382.6082248256885,11423.59474650758,6
0.15,10,28,4005078,greedy,1738,10,10,9,1,90.0,1545.2400482479932,1362.4141788540574,2843.2700550931577,13907.160434231939,4
0.15,10,28,4005078,global_min_cost,1738,10,10,9,1,90.0,1115.7807642874768,805.574403059482,2331.4287494997884,10042.026878587292,4
0.15,12,28,4005078,greedy,1738,10,10,9,1,90.0,948.2640121446931,931.5968093986276,1528.7041828419012,8534.376109302237,4
0.15,12,28,4005078,global_min_cost,1738,10,10,9,1,90.0,733.2528522589311,792.3972341774695,1402.4360289745257,6599.275670330379,4
0.15,14,28,4005078,greedy,1738,10,10,9,1,90.0,813.2640122930698,707.3969125843525,1428.0481170993107,7319.376110637629,4
0.15,14,28,4005078,global_min_cost,1738,10,10,9,1,90.0,632.8918865306857,707.3969125843525,932.1372009253798,5696.026978776171,4
0.15,16,28,4005078,greedy,1738,10,10,9,1,90.0,712.5890606968806,608.2373862559709,1256.4490119986795,6413.301546271926,4
0.15,16,28,4005078,global_min_cost,1738,10,10,9,1,90.0,563.9817988259464,508.10691683582957,1008.982034515026,5075.8361894335185,4
0.15,20,28,4005078,greedy,1738,10,10,9,1,90.0,465.97335446614056,442.8942093789101,828.2562089382295,4193.760190195265,4
0.15,20,28,4005078,global_min_cost,1738,10,10,9,1,90.0,465.97335446614056,442.8942093789101,828.2562089382295,4193.760190195266,4
0.15,24,28,4005078,greedy,1738,10,10,9,1,90.0,465.97335446614056,442.8942093789101,828.2562089382295,4193.760190195265,4
0.15,24,28,4005078,global_min_cost,1738,10,10,9,1,90.0,465.97335446614056,442.8942093789101,828.2562089382295,4193.760190195266,4
0.15,32,28,4005078,greedy,1738,10,10,9,1,90.0,382.183884934562,366.6676897389196,677.2114171319472,3439.654964411058,4
0.15,32,28,4005078,global_min_cost,1738,10,10,9,1,90.0,382.183884934562,276.06574141179914,724.396976902976,3439.6549644110582,4
0.15,8,29,4005079,greedy,1756,10,10,6,4,60.0,1523.0141634332433,659.7211493407339,3461.0726924479013,9138.084980599459,12
0.15,8,29,4005079,global_min_cost,1756,10,10,6,4,60.0,1361.546278427684,735.0585025081832,3299.2072334220393,8169.277670566105,12
0.15,10,29,4005079,greedy,1756,10,10,7,3,70.0,979.2314251775091,616.2293760269463,2236.724032152906,6854.619976242564,11
0.15,10,29,4005079,global_min_cost,1756,10,10,7,3,70.0,860.0798117440254,210.45501243935993,2312.823506774834,6020.558682208177,11
0.15,12,29,4005079,greedy,1756,10,10,7,3,70.0,556.395913660258,565.1001178529726,1114.838007534734,3894.7713956218054,11
0.15,12,29,4005079,global_min_cost,1756,10,10,7,3,70.0,465.9185891645258,192.47872770201852,1163.8690809190857,3261.4301241516805,11
0.15,14,29,4005079,greedy,1756,10,10,7,3,70.0,534.0698933553992,444.6756517175708,1114.838007534734,3738.489253487794,11
0.15,14,29,4005079,global_min_cost,1756,10,10,7,3,70.0,443.5925688596671,192.47872770201852,1070.099795638679,3105.1479820176696,11
0.15,16,29,4005079,greedy,1756,10,10,8,2,80.0,315.49427829905113,262.2933649667855,604.4801226412659,2523.954226392409,8
0.15,16,29,4005079,global_min_cost,1756,10,10,8,2,80.0,273.4004865603106,201.46687007068923,511.2537689966393,2187.2038924824847,8
0.15,20,29,4005079,greedy,1756,10,10,8,2,80.0,315.49427829905113,262.2933649667855,604.4801226412659,2523.954226392409,8
0.15,20,29,4005079,global_min_cost,1756,10,10,8,2,80.0,273.4004865603106,201.46687007068923,511.2537689966393,2187.2038924824847,8
0.15,24,29,4005079,greedy,1756,10,10,9,1,90.0,322.90357568995165,314.131717494211,581.3061916450125,2906.132181209565,3
0.15,24,29,4005079,global_min_cost,1756,10,10,9,1,90.0,289.8167995021137,210.45501243935993,489.06106323694985,2608.3511955190233,3
0.15,32,29,4005079,greedy,1756,10,10,10,0,100.0,221.63036116625315,183.72699919550797,425.7878565753775,2216.3036116625317,0
0.15,32,29,4005079,global_min_cost,1756,10,10,10,0,100.0,213.24944638982805,158.95013984120018,423.5001379046421,2132.4944638982806,0
0.15,8,30,4005080,greedy,1730,10,10,8,2,80.0,1038.2657933663897,900.6796171799945,1827.5273442139294,8306.126346931116,8
0.15,8,30,4005080,global_min_cost,1730,10,10,8,2,80.0,944.7863712950151,801.7057304346615,1780.3767038066587,7558.29097036012,8
0.15,10,30,4005080,greedy,1730,10,10,8,2,80.0,753.8713301958793,748.363232318055,1136.38317890533,6030.970641567034,8
0.15,10,30,4005080,global_min_cost,1730,10,10,8,2,80.0,638.7759045400811,462.4601726988787,1136.38317890533,5110.207236320649,8
0.15,12,30,4005080,greedy,1730,10,10,8,2,80.0,688.6665663646785,748.363232318055,979.891745710448,5509.332530917428,8
0.15,12,30,4005080,global_min_cost,1730,10,10,8,2,80.0,573.3779634421677,611.0321274174498,897.3697747480985,4587.023707537342,8
0.15,14,30,4005080,greedy,1730,10,10,8,2,80.0,561.9584521506471,609.3566347504185,897.3697747480985,4495.667617205177,8
0.15,14,30,4005080,global_min_cost,1730,10,10,8,2,80.0,491.5555957262102,461.9048823504619,897.3697747480985,3932.444765809681,8
0.15,16,30,4005080,greedy,1730,10,10,8,2,80.0,525.3528893544828,555.9057255202107,897.3697747480985,4202.823114835863,8
0.15,16,30,4005080,global_min_cost,1730,10,10,8,2,80.0,459.6500943791981,407.168017027178,897.3697747480985,3677.2007550335843,8
0.15,20,30,4005080,greedy,1730,10,10,8,2,80.0,372.3790570500828,277.86312241025473,897.3697747480985,2979.0324564006623,8
0.15,20,30,4005080,global_min_cost,1730,10,10,8,2,80.0,352.89617363149125,223.62199884498665,897.3697747480985,2823.16938905193,8
0.15,24,30,4005080,greedy,1730,10,10,8,2,80.0,372.3790570500828,277.86312241025473,897.3697747480985,2979.0324564006623,8
0.15,24,30,4005080,global_min_cost,1730,10,10,8,2,80.0,352.89617363149125,223.62199884498665,897.3697747480985,2823.16938905193,8
0.15,32,30,4005080,greedy,1730,10,10,8,2,80.0,300.32402075249,277.86312241025473,500.48125634537064,2402.59216601992,8
0.15,32,30,4005080,global_min_cost,1730,10,10,8,2,80.0,279.96709338108644,207.33895676769453,504.7601065438829,2239.7367470486915,8
0.15,8,31,4005081,greedy,1776,10,10,7,3,70.0,556.9846219088579,598.6673252963499,903.9204693418448,3898.892353362006,10
0.15,8,31,4005081,global_min_cost,1776,10,10,7,3,70.0,556.9846219088579,598.6673252963499,903.9204693418448,3898.8923533620055,10
0.15,10,31,4005081,greedy,1776,10,10,7,3,70.0,541.7985633097497,598.6673252963499,903.9204693418448,3792.5899431682487,10
0.15,10,31,4005081,global_min_cost,1776,10,10,7,3,70.0,537.8245944908073,607.0402033859133,857.7079909531517,3764.772161435651,10
0.15,12,31,4005081,greedy,1776,10,10,7,3,70.0,507.1202545328987,598.6673252963499,778.3292366922807,3549.841781730291,10
0.15,12,31,4005081,global_min_cost,1776,10,10,7,3,70.0,503.14628571395616,607.0402033859133,747.5209177664852,3522.023999997693,10
0.15,14,31,4005081,greedy,1776,10,10,7,3,70.0,497.92515186794725,598.6673252963499,778.3292366922807,3485.4760630756305,10
0.15,14,31,4005081,global_min_cost,1776,10,10,7,3,70.0,493.9511830490047,607.0402033859133,747.5209177664852,3457.658281343033,10
0.15,16,31,4005081,greedy,1776,10,10,7,3,70.0,496.86673811368655,598.6673252963499,775.3656781803506,3478.0671667958054,10
0.15,16,31,4005081,global_min_cost,1776,10,10,7,3,70.0,493.9511830490047,607.0402033859133,747.5209177664852,3457.658281343033,10
0.15,20,31,4005081,greedy,1776,10,10,7,3,70.0,458.7899766581867,472.89146370468535,747.5209177664852,3211.529836607307,10
0.15,20,31,4005081,global_min_cost,1776,10,10,7,3,70.0,458.7899766581867,472.89146370468535,747.5209177664852,3211.529836607307,10
0.15,24,31,4005081,greedy,1776,10,10,7,3,70.0,457.8707800420238,472.89146370468535,747.5209177664852,3205.0954602941665,10
0.15,24,31,4005081,global_min_cost,1776,10,10,7,3,70.0,457.8707800420238,472.89146370468535,747.5209177664852,3205.0954602941665,10
0.15,32,31,4005081,greedy,1776,10,10,7,3,70.0,378.60674221109485,228.14725176948795,723.4158769556444,2650.247195477664,10
0.15,32,31,4005081,global_min_cost,1776,10,10,8,2,80.0,399.41159359577745,350.51935773708664,740.9770134607436,3195.2927487662196,7
0.15,8,32,4005082,greedy,1666,10,10,7,3,70.0,643.1684201539606,406.4530260624569,1323.0309016369833,4502.178941077724,11
0.15,8,32,4005082,global_min_cost,1666,10,10,7,3,70.0,440.50792968753683,361.6369194459403,738.5382950751587,3083.5555078127577,8
0.15,10,32,4005082,greedy,1666,10,10,8,2,80.0,602.0511853151366,352.781262901397,1376.0063352417583,4816.409482521092,6
0.15,10,32,4005082,global_min_cost,1666,10,10,8,2,80.0,541.2925669930635,385.8385829008945,1011.2063619588426,4330.340535944508,6
0.15,12,32,4005082,greedy,1666,10,10,8,2,80.0,540.6281987194675,298.04184605510693,1324.0154653532693,4325.02558975574,6
0.15,12,32,4005082,global_min_cost,1666,10,10,8,2,80.0,493.42369555707324,288.2305111236556,976.4130948867852,3947.3895644565855,6
0.15,14,32,4005082,greedy,1666,10,10,8,2,80.0,443.8282181162843,253.7944910925387,1011.7914517683776,3550.6257449302743,6
0.15,14,32,4005082,global_min_cost,1666,10,10,8,2,80.0,419.98774579383553,192.46185867943126,866.8077428091525,3359.901966350684,6
0.15,16,32,4005082,greedy,1666,10,10,8,2,80.0,312.4721196714586,253.7944910925387,596.5278731334964,2499.7769573716687,6
0.15,16,32,4005082,global_min_cost,1666,10,10,8,2,80.0,307.3711334289788,192.46185867943126,596.5278731334964,2458.96906743183,6
0.15,20,32,4005082,greedy,1666,10,10,8,2,80.0,297.4131777382657,253.7944910925387,562.235103831611,2379.305421906125,6
0.15,20,32,4005082,global_min_cost,1666,10,10,8,2,80.0,291.8637889591119,225.18257568373525,562.235103831611,2334.910311672895,6
0.15,24,32,4005082,greedy,1666,10,10,8,2,80.0,293.547484245401,241.50402729939518,562.235103831611,2348.3798739632075,6
0.15,24,32,4005082,global_min_cost,1666,10,10,8,2,80.0,291.8637889591119,225.18257568373525,562.235103831611,2334.910311672895,6
0.15,32,32,4005082,greedy,1666,10,10,9,1,90.0,260.80136163859476,214.82410280137094,541.1836480918178,2347.2122547473527,5
0.15,32,32,4005082,global_min_cost,1666,10,10,9,1,90.0,259.3047436063378,214.82410280137094,541.1836480918178,2333.74269245704,5
0.15,8,33,4005083,greedy,1756,10,10,7,3,70.0,1504.3815008746162,1511.2587966273666,1949.031264795688,10530.670506122315,7
0.15,8,33,4005083,global_min_cost,1756,10,10,7,3,70.0,1440.6245523814412,1818.3166312332287,2334.404567865021,10084.371866670088,7
0.15,10,33,4005083,greedy,1756,10,10,7,3,70.0,1268.4020517026602,1507.5899323452238,1853.6503016743166,8878.814361918621,7
0.15,10,33,4005083,global_min_cost,1756,10,10,7,3,70.0,1192.813469048699,754.31708736434,2334.404567865021,8349.694283340892,7
0.15,12,33,4005083,greedy,1756,10,10,7,3,70.0,966.7496234960165,1265.3401345053048,1787.0609973677904,6767.247364472116,7
0.15,12,33,4005083,global_min_cost,1756,10,10,7,3,70.0,966.7496234960165,702.6603730538499,2043.2260535796318,6767.247364472116,7
0.15,14,33,4005083,greedy,1756,10,10,7,3,70.0,742.7246086944504,740.0449297856486,1407.031850756672,5199.072260861153,7
0.15,14,33,4005083,global_min_cost,1756,10,10,7,3,70.0,714.1756595368307,233.97902616520904,1693.9097807912785,4999.229616757815,7
0.15,16,33,4005083,greedy,1756,10,10,7,3,70.0,742.7246086944504,740.0449297856486,1407.031850756672,5199.072260861153,7
0.15,16,33,4005083,global_min_cost,1756,10,10,7,3,70.0,714.1756595368307,233.97902616520904,1693.9097807912785,4999.229616757815,7
0.15,20,33,4005083,greedy,1756,10,10,7,3,70.0,728.6293032798393,740.0449297856486,1382.5008235697017,5100.405122958875,7
0.15,20,33,4005083,global_min_cost,1756,10,10,7,3,70.0,700.0803541222197,233.97902616520904,1675.2529114904216,4900.562478855538,7
0.15,24,33,4005083,greedy,1756,10,10,7,3,70.0,724.1883299128751,740.0449297856486,1382.5008235697017,5069.318309390125,7
0.15,24,33,4005083,global_min_cost,1756,10,10,7,3,70.0,695.6393807552554,233.97902616520904,1675.2529114904216,4869.475665286788,7
0.15,32,33,4005083,greedy,1756,10,10,7,3,70.0,715.2091714482167,740.0449297856486,1344.7883580181363,5006.464200137516,7
0.15,32,33,4005083,global_min_cost,1756,10,10,7,3,70.0,686.660222290597,233.97902616520904,1650.1112677893782,4806.621556034179,7
0.15,8,34,4005084,greedy,1730,10,10,8,2,80.0,650.0494504795903,498.62853219470213,1198.8459313819264,5200.395603836722,2
0.15,8,34,4005084,global_min_cost,1730,10,10,8,2,80.0,536.0199903901814,498.62853219470213,925.1752271673454,4288.159923121451,5
0.15,10,34,4005084,greedy,1730,10,10,8,2,80.0,630.6413640669485,459.0947510335335,1198.8459313819264,5045.130912535588,2
0.15,10,34,4005084,global_min_cost,1730,10,10,8,2,80.0,516.6119039775397,459.0947510335335,925.1752271673454,4132.895231820318,5
0.15,12,34,4005084,greedy,1730,10,10,9,1,90.0,696.821727600942,667.6543769762781,1363.8674948160108,6271.395548408479,1
0.15,12,34,4005084,global_min_cost,1730,10,10,9,1,90.0,696.8217276009422,667.6543769762781,1229.3346632162106,6271.39554840848,1
0.15,14,34,4005084,greedy,1730,10,10,9,1,90.0,688.144016996798,667.6543769762781,1363.8674948160108,6193.296152971182,1
0.15,14,34,4005084,global_min_cost,1730,10,10,9,1,90.0,688.1440169967981,667.6543769762781,1229.3346632162106,6193.296152971182,1
0.15,16,34,4005084,greedy,1730,10,10,10,0,100.0,456.90980825573143,358.3129375818104,903.2129349656661,4569.098082557314,0
0.15,16,34,4005084,global_min_cost,1730,10,10,10,0,100.0,456.90980825573143,358.3129375818104,903.2129349656661,4569.098082557315,0
0.15,20,34,4005084,greedy,1730,10,10,10,0,100.0,331.3025242570481,246.80690190588916,718.2389989978946,3313.0252425704807,0
0.15,20,34,4005084,global_min_cost,1730,10,10,10,0,100.0,331.3025242570481,246.80690190588916,718.2389989978946,3313.0252425704803,0
0.15,24,34,4005084,greedy,1730,10,10,10,0,100.0,297.2838221944486,219.60479905624334,636.8375418401863,2972.8382219444857,0
0.15,24,34,4005084,global_min_cost,1730,10,10,10,0,100.0,297.2838221944486,219.60479905624334,636.8375418401863,2972.838221944486,0
0.15,32,34,4005084,greedy,1730,10,10,10,0,100.0,260.85029346930014,206.5795428755022,510.9206720928554,2608.5029346930014,0
0.15,32,34,4005084,global_min_cost,1730,10,10,10,0,100.0,260.85029346930014,206.5795428755022,510.9206720928554,2608.502934693002,0
0.15,8,35,4005085,greedy,1695,10,10,7,3,70.0,291.03341447656317,242.0996330092518,471.6822860500792,2037.2339013359422,13
0.15,8,35,4005085,global_min_cost,1695,10,10,7,3,70.0,281.6301663028554,242.0996330092518,471.6822860500792,1971.411164119988,13
0.15,10,35,4005085,greedy,1695,10,10,8,2,80.0,393.2811006516884,327.75088484246305,689.3452741204171,3146.248805213507,10
0.15,10,35,4005085,global_min_cost,1695,10,10,8,2,80.0,385.0532584996941,329.08489381392,689.3452741204171,3080.426067997553,10
0.15,12,35,4005085,greedy,1695,10,10,8,2,80.0,393.2811006516884,327.75088484246305,689.3452741204171,3146.248805213507,10
0.15,12,35,4005085,global_min_cost,1695,10,10,8,2,80.0,385.0532584996941,329.08489381392,689.3452741204171,3080.426067997553,10
0.15,14,35,4005085,greedy,1695,10,10,8,2,80.0,338.8811157563659,197.18949292676274,689.3452741204171,2711.048926050927,10
0.15,14,35,4005085,global_min_cost,1695,10,10,8,2,80.0,338.8811157563659,197.18949292676274,689.3452741204171,2711.0489260509275,10
0.15,16,35,4005085,greedy,1695,10,10,8,2,80.0,338.8811157563659,197.18949292676274,689.3452741204171,2711.048926050927,10
0.15,16,35,4005085,global_min_cost,1695,10,10,8,2,80.0,338.8811157563659,197.18949292676274,689.3452741204171,2711.0489260509275,10
0.15,20,35,4005085,greedy,1695,10,10,8,2,80.0,331.34599344947253,197.18949292676274,671.260980583873,2650.7679475957802,10
0.15,20,35,4005085,global_min_cost,1695,10,10,8,2,80.0,296.4988387067698,284.174753731431,520.5528671636376,2371.9907096541583,10
0.15,24,35,4005085,greedy,1695,10,10,8,2,80.0,182.44582862510515,141.17659471503157,340.30278957920865,1459.5666290008414,10
0.15,24,35,4005085,global_min_cost,1695,10,10,8,2,80.0,182.44582862510515,141.17659471503157,340.30278957920865,1459.5666290008414,10
0.15,32,35,4005085,greedy,1695,10,10,8,2,80.0,182.44582862510515,141.17659471503157,340.30278957920865,1459.5666290008414,10
0.15,32,35,4005085,global_min_cost,1695,10,10,8,2,80.0,182.44582862510515,141.17659471503157,340.30278957920865,1459.5666290008414,10
0.15,8,36,4005086,greedy,1698,10,10,7,3,70.0,824.8094144458136,793.7013841627821,1353.7456798454698,5773.665901120695,10
0.15,8,36,4005086,global_min_cost,1698,10,10,7,3,70.0,543.7810429959535,545.2900430848786,812.5230979621904,3806.4673009716744,15
0.15,10,36,4005086,greedy,1698,10,10,8,2,80.0,744.2817534483191,729.6506984388259,1348.4658477731832,5954.254027586553,7
0.15,10,36,4005086,global_min_cost,1698,10,10,8,2,80.0,629.9660784808543,616.1920631142773,958.5073661254598,5039.728627846835,10
0.15,12,36,4005086,greedy,1698,10,10,9,1,90.0,715.2065446721083,716.1411880334751,1248.1579137975446,6436.858902048974,5
0.15,12,36,4005086,global_min_cost,1698,10,10,9,1,90.0,705.2747654815464,687.094083143676,1248.1579137975446,6347.472889333918,5
0.15,14,36,4005086,greedy,1698,10,10,9,1,90.0,679.3273060197416,604.5794725438759,1248.1579137975446,6113.945754177676,5
0.15,14,36,4005086,global_min_cost,1698,10,10,9,1,90.0,658.4103605543835,545.2900430848786,1218.33387253808,5925.693244989452,5
0.15,16,36,4005086,greedy,1698,10,10,9,1,90.0,612.6399748640583,587.1269232321471,922.8658898179978,5513.759773776525,5
0.15,16,36,4005086,global_min_cost,1698,10,10,9,1,90.0,581.2655825349317,536.691127929936,833.4030644530511,5231.390242814386,5
0.15,20,36,4005086,greedy,1698,10,10,9,1,90.0,549.900806108418,514.6529893351594,916.077606974866,4949.107254975762,5
0.15,20,36,4005086,global_min_cost,1698,10,10,9,1,90.0,504.7321129647378,470.7992480570797,767.8082877069138,4542.58901668264,5
0.15,24,36,4005086,greedy,1698,10,10,9,1,90.0,434.4746770151531,342.58836099157986,869.4752211060594,3910.272093136378,5
0.15,24,36,4005086,global_min_cost,1698,10,10,9,1,90.0,423.9233487499696,297.92924556484445,814.4106735757205,3815.3101387497263,5
0.15,32,36,4005086,greedy,1698,10,10,9,1,90.0,370.78601940295044,282.47228490241883,726.8599710942917,3337.074174626554,5
0.15,32,36,4005086,global_min_cost,1698,10,10,9,1,90.0,361.9878940476682,282.47228490241883,726.8599710942917,3257.8910464290134,5
0.15,8,37,4005087,greedy,1727,10,10,8,2,80.0,966.6490488490781,570.1459145812876,2070.4305558481924,7733.192390792625,5
0.15,8,37,4005087,global_min_cost,1727,10,10,8,2,80.0,666.0648046911019,561.5440904146969,1330.349083919804,5328.518437528815,5
0.15,10,37,4005087,greedy,1727,10,10,8,2,80.0,577.2798685696816,412.74757956811186,944.9774278335167,4618.238948557453,5
0.15,10,37,4005087,global_min_cost,1727,10,10,8,2,80.0,504.02235182948016,436.50850942037806,877.3261076927648,4032.1788146358417,5
0.15,12,37,4005087,greedy,1727,10,10,8,2,80.0,470.7190103295662,389.41734705820625,734.6772112817022,3765.7520826365294,5
0.15,12,37,4005087,global_min_cost,1727,10,10,8,2,80.0,438.15818611549497,374.1356036067689,739.5919529884145,3505.2654889239598,5
0.15,14,37,4005087,greedy,1727,10,10,8,2,80.0,400.80133442163384,389.41734705820625,668.6478061119423,3206.410675373071,5
0.15,14,37,4005087,global_min_cost,1727,10,10,8,2,80.0,377.154460872926,331.8490571202665,662.8291628357682,3017.2356869834084,5
0.15,16,37,4005087,greedy,1727,10,10,8,2,80.0,319.16362026415084,260.07917423306435,643.6038105951403,2553.3089621132067,5
0.15,16,37,4005087,global_min_cost,1727,10,10,8,2,80.0,309.9309681186497,260.07917423306435,643.6038105951403,2479.447744949198,5
0.15,20,37,4005087,greedy,1727,10,10,9,1,90.0,359.26890830339624,307.3391525709212,658.4052660486453,3233.4201747305665,1
0.15,20,37,4005087,global_min_cost,1727,10,10,9,1,90.0,351.06210639628415,307.3391525709212,658.4052660486453,3159.5589575665576,1
0.15,24,37,4005087,greedy,1727,10,10,9,1,90.0,284.9109775768191,256.7734933245366,510.6334724332403,2564.198798191372,1
0.15,24,37,4005087,global_min_cost,1727,10,10,9,1,90.0,266.69670895655986,225.40018048953954,510.6334724332403,2400.2703806090385,1
0.15,32,37,4005087,greedy,1727,10,10,9,1,90.0,211.62849386277185,157.0523246641618,417.6984165960951,1904.6564447649466,1
0.15,32,37,4005087,global_min_cost,1727,10,10,9,1,90.0,211.62849386277185,157.0523246641618,417.6984165960951,1904.6564447649469,1
0.15,8,38,4005088,greedy,1621,10,10,6,4,60.0,1117.2215973540817,1063.0977165706615,2004.701946986653,6703.329584124491,14
0.15,8,38,4005088,global_min_cost,1621,10,10,6,4,60.0,399.56691300945874,399.8982835328909,704.5340968137363,2397.4014780567522,13
0.15,10,38,4005088,greedy,1621,10,10,8,2,80.0,1031.707949615281,1114.7438015330704,1618.9846356206715,8253.663596922248,8
0.15,10,38,4005088,global_min_cost,1621,10,10,8,2,80.0,783.8090472280666,480.55774251688473,1675.0432375189162,6270.4723778245325,9
0.15,12,38,4005088,greedy,1621,10,10,9,1,90.0,886.7766473682748,592.4300059583738,1593.6844477413047,7980.989826314472,5
0.15,12,38,4005088,global_min_cost,1621,10,10,9,1,90.0,788.9316730867886,592.4300059583738,1493.310842463004,7100.385057781097,5
0.15,14,38,4005088,greedy,1621,10,10,9,1,90.0,657.3588097675403,420.34249767975217,1313.7313752808825,5916.229287907862,5
0.15,14,38,4005088,global_min_cost,1621,10,10,9,1,90.0,656.5017721690651,462.28307808796484,1277.7712059479031,5908.515949521587,5
0.15,16,38,4005088,greedy,1621,10,10,9,1,90.0,629.6126891561812,420.34249767975217,1313.7313752808825,5666.514202405631,5
0.15,16,38,4005088,global_min_cost,1621,10,10,9,1,90.0,627.4525904533599,462.28307808796484,1329.8914120562467,5647.0733140802395,5
0.15,20,38,4005088,greedy,1621,10,10,9,1,90.0,604.0860049227055,420.34249767975217,1227.798643221988,5436.774044304349,5
0.15,20,38,4005088,global_min_cost,1621,10,10,9,1,90.0,592.04231336638,462.28307808796484,1256.0726544464649,5328.38082029742,5
0.15,24,38,4005088,greedy,1621,10,10,9,1,90.0,574.5525959743379,420.34249767975217,1201.5736433273933,5170.973363769041,5
0.15,24,38,4005088,global_min_cost,1621,10,10,9,1,90.0,567.7428531090984,462.28307808796484,1186.9604170860757,5109.685677981885,5
0.15,32,38,4005088,greedy,1621,10,10,9,1,90.0,539.149610074974,368.62555949361735,1185.08105947304,4852.346490674766,5
0.15,32,38,4005088,global_min_cost,1621,10,10,9,1,90.0,528.3342848090706,368.62555949361735,1201.5736433273933,4755.008563281636,5
0.15,8,39,4005089,greedy,1700,10,10,8,2,80.0,1165.2398445610995,469.17004354669604,2750.4280898583947,9321.918756488794,9
0.15,8,39,4005089,global_min_cost,1700,10,10,8,2,80.0,966.7331560371452,365.4805349044439,2270.414357817197,7733.865248297163,5
0.15,10,39,4005089,greedy,1700,10,10,10,0,100.0,1365.9056594355939,623.6104082306406,4675.0058635274945,13659.05659435594,0
0.15,10,39,4005089,global_min_cost,1700,10,10,10,0,100.0,1302.7907412288387,508.0344859556011,4550.99186400441,13027.907412288389,0
0.15,12,39,4005089,greedy,1700,10,10,10,0,100.0,676.9617414633174,509.2565452949158,1345.9722236258408,6769.617414633173,0
0.15,12,39,4005089,global_min_cost,1700,10,10,10,0,100.0,546.6487213590469,540.971914197007,1070.484441954303,5466.487213590469,0
0.15,14,39,4005089,greedy,1700,10,10,10,0,100.0,528.3149742675175,386.66689549860075,1204.0864614178515,5283.149742675176,0
0.15,14,39,4005089,global_min_cost,1700,10,10,10,0,100.0,454.4664178894626,361.244249040456,840.1593583002622,4544.664178894626,0
0.15,16,39,4005089,greedy,1700,10,10,10,0,100.0,528.3149742675175,386.66689549860075,1204.0864614178515,5283.149742675176,0
0.15,16,39,4005089,global_min_cost,1700,10,10,10,0,100.0,454.4664178894626,411.1040076636639,686.7619908249345,4544.664178894626,0
0.15,20,39,4005089,greedy,1700,10,10,10,0,100.0,313.613175704276,157.28028801407362,664.8393600702665,3136.13175704276,0
0.15,20,39,4005089,global_min_cost,1700,10,10,10,0,100.0,289.6548031856995,204.57686983665553,555.1816522527597,2896.5480318569953,0
0.15,24,39,4005089,greedy,1700,10,10,10,0,100.0,245.18550534126135,135.87896739869905,486.67198522101137,2451.8550534126134,0
0.15,24,39,4005089,global_min_cost,1700,10,10,10,0,100.0,216.15896283645768,148.32925046521552,448.81280475082247,2161.5896283645766,0
0.15,32,39,4005089,greedy,1700,10,10,10,0,100.0,170.70014547335572,132.47633647311682,296.4184804373333,1707.0014547335568,0
0.15,32,39,4005089,global_min_cost,1700,10,10,10,0,100.0,166.96944729987908,135.87896739869905,278.07990869899567,1669.6944729987906,0
0.15,8,40,4005090,greedy,1819,10,10,6,4,60.0,749.7575619088086,652.8679218135749,1232.9262108879507,4498.545371452852,15
0.15,8,40,4005090,global_min_cost,1819,10,10,6,4,60.0,381.62636242539526,414.3908880304392,508.61248537867164,2289.758174552371,16
0.15,10,40,4005090,greedy,1819,10,10,7,3,70.0,577.6745303242892,560.3607351943144,936.8426962405867,4043.7217122700245,12
0.15,10,40,4005090,global_min_cost,1819,10,10,7,3,70.0,370.6016288471554,376.0171997033479,499.31333684625713,2594.2114019300875,11
0.15,12,40,4005090,greedy,1819,10,10,9,1,90.0,421.3874462301809,555.1948339368088,614.2536377333292,3792.487016071628,5
0.15,12,40,4005090,global_min_cost,1819,10,10,9,1,90.0,377.85667956037605,374.8258507828563,593.1616041191626,3400.7101160433845,4
0.15,14,40,4005090,greedy,1819,10,10,10,0,100.0,410.4877531520809,436.37562532174775,598.1229075802378,4104.8775315208095,0
0.15,14,40,4005090,global_min_cost,1819,10,10,10,0,100.0,389.8635515904024,414.3908880304392,557.6999494932653,3898.6355159040236,0
0.15,16,40,4005090,greedy,1819,10,10,10,0,100.0,393.1481785313215,436.37562532174775,580.7290841051729,3931.481785313215,0
0.15,16,40,4005090,global_min_cost,1819,10,10,10,0,100.0,387.14786051946703,393.41468032090165,571.0159037320147,3871.4786051946703,0
0.15,20,40,4005090,greedy,1819,10,10,10,0,100.0,315.85106822549324,295.2421571950895,557.734224583401,3158.510682254933,0
0.15,20,40,4005090,global_min_cost,1819,10,10,10,0,100.0,309.5638221025508,275.4357251728321,557.3848628528224,3095.6382210255083,0
0.15,24,40,4005090,greedy,1819,10,10,10,0,100.0,284.4948824733308,295.2421571950895,471.2509473683148,2844.948824733308,0
0.15,24,40,4005090,global_min_cost,1819,10,10,10,0,100.0,278.2076363503883,275.4357251728321,494.49849513454603,2782.0763635038834,0
0.15,32,40,4005090,greedy,1819,10,10,10,0,100.0,231.45819806979907,231.93845706065446,323.80044462600836,2314.5819806979907,0
0.15,32,40,4005090,global_min_cost,1819,10,10,10,0,100.0,227.78502724741503,205.6074304269198,323.80044462600836,2277.85027247415,0
0.15,8,41,4005091,greedy,1710,10,10,4,6,40.0,196.09868727339892,223.69853575004973,278.6676004075835,784.3947490935957,16
0.15,8,41,4005091,global_min_cost,1710,10,10,4,6,40.0,182.4588982952131,196.4189577936781,278.6676004075835,729.8355931808524,16
0.15,10,41,4005091,greedy,1710,10,10,5,5,50.0,308.8975867459688,197.98206951529608,613.7694376346631,1544.4879337298441,13
0.15,10,41,4005091,global_min_cost,1710,10,10,5,5,50.0,181.5924573819687,197.98206951529608,264.58954309030855,907.9622869098434,13
0.15,12,41,4005091,greedy,1710,10,10,7,3,70.0,515.6041962170331,263.51377748914,1069.0352265772642,3609.229373519231,9
0.15,12,41,4005091,global_min_cost,1710,10,10,7,3,70.0,509.08530487362833,263.51377748914,1074.3913764826104,3563.597134115398,9
0.15,14,41,4005091,greedy,1710,10,10,7,3,70.0,387.1391237659557,263.51377748914,807.2622208175189,2709.97386636169,9
0.15,14,41,4005091,global_min_cost,1710,10,10,7,3,70.0,381.2120881954065,263.51377748914,704.5580930661994,2668.484617367846,9
0.15,16,41,4005091,greedy,1710,10,10,7,3,70.0,218.28386428590784,263.51377748914,282.00123003039664,1527.9870500013549,9
0.15,16,41,4005091,global_min_cost,1710,10,10,7,3,70.0,218.28386428590784,263.51377748914,282.00123003039664,1527.9870500013549,9
0.15,20,41,4005091,greedy,1710,10,10,7,3,70.0,182.98064134017153,197.98206951529608,269.73824081126276,1280.8644893812009,9
0.15,20,41,4005091,global_min_cost,1710,10,10,7,3,70.0,182.98064134017153,197.98206951529608,269.73824081126276,1280.8644893812007,9
0.15,24,41,4005091,greedy,1710,10,10,7,3,70.0,182.98064134017153,197.98206951529608,269.73824081126276,1280.8644893812009,9
0.15,24,41,4005091,global_min_cost,1710,10,10,7,3,70.0,182.98064134017153,197.98206951529608,269.73824081126276,1280.8644893812007,9
0.15,32,41,4005091,greedy,1710,10,10,7,3,70.0,165.1843046400223,183.88329401095945,251.2918940147143,1156.290132480156,9
0.15,32,41,4005091,global_min_cost,1710,10,10,7,3,70.0,165.1843046400223,183.88329401095945,251.2918940147143,1156.2901324801562,9
0.15,8,42,4005092,greedy,1691,10,10,7,3,70.0,1019.544499439958,536.1848173615283,2232.9713854608335,7136.811496079706,9
0.15,8,42,4005092,global_min_cost,1691,10,10,7,3,70.0,661.8412301827143,496.1739404957354,1286.3687852233222,4632.8886112790005,7
0.15,10,42,4005092,greedy,1691,10,10,9,1,90.0,810.4228286994742,536.1848173615283,1599.2344269046575,7293.805458295268,2
0.15,10,42,4005092,global_min_cost,1691,10,10,9,1,90.0,781.6944522641093,691.837785389289,1366.6496944912756,7035.250070376984,2
0.15,12,42,4005092,greedy,1691,10,10,9,1,90.0,354.86680840531307,442.73299542664483,560.4123193115519,3193.8012756478174,2
0.15,12,42,4005092,global_min_cost,1691,10,10,9,1,90.0,350.3260416993309,341.18349313530297,587.7227189004119,3152.9343752939785,2
0.15,14,42,4005092,greedy,1691,10,10,9,1,90.0,354.86680840531307,442.73299542664483,560.4123193115519,3193.8012756478174,2
0.15,14,42,4005092,global_min_cost,1691,10,10,9,1,90.0,348.9171340414846,341.18349313530297,584.5143317573343,3140.2542063733617,2
0.15,16,42,4005092,greedy,1691,10,10,9,1,90.0,354.86680840531307,442.73299542664483,560.4123193115519,3193.8012756478174,2
0.15,16,42,4005092,global_min_cost,1691,10,10,9,1,90.0,348.91713404148453,341.18349313530297,584.5143317573343,3140.2542063733617,2
0.15,20,42,4005092,greedy,1691,10,10,9,1,90.0,281.78262201963383,199.38019945343913,560.4123193115519,2536.043598176704,2
0.15,20,42,4005092,global_min_cost,1691,10,10,9,1,90.0,261.4385026785436,145.60009135760708,546.1123853438261,2352.946524106893,2
0.15,24,42,4005092,greedy,1691,10,10,9,1,90.0,281.78262201963383,199.38019945343913,560.4123193115519,2536.043598176704,2
0.15,24,42,4005092,global_min_cost,1691,10,10,9,1,90.0,261.4385026785436,145.60009135760708,546.1123853438261,2352.946524106893,2
0.15,32,42,4005092,greedy,1691,10,10,9,1,90.0,229.4023905519865,172.08817300967763,512.7318631149869,2064.6215149678787,2
0.15,32,42,4005092,global_min_cost,1691,10,10,9,1,90.0,215.68055679375257,130.83292147722975,514.1036838511917,1941.1250111437735,2
0.15,8,43,4005093,greedy,1767,10,10,5,5,50.0,444.3259361698155,364.4747499410627,881.4829121447177,2221.6296808490774,9
0.15,8,43,4005093,global_min_cost,1767,10,10,5,5,50.0,184.5112335822578,89.31788320601639,400.9413182159707,922.556167911289,11
0.15,10,43,4005093,greedy,1767,10,10,6,4,60.0,517.3090704356184,503.392060029175,961.5783409638188,3103.854422613711,7
0.15,10,43,4005093,global_min_cost,1767,10,10,6,4,60.0,229.06423866640552,135.63402619562584,499.3823408284691,1374.385431998433,10
0.15,12,43,4005093,greedy,1767,10,10,6,4,60.0,517.3090704356184,503.392060029175,961.5783409638188,3103.854422613711,7
0.15,12,43,4005093,global_min_cost,1767,10,10,6,4,60.0,229.06423866640552,135.63402619562584,499.3823408284691,1374.385431998433,10
0.15,14,43,4005093,greedy,1767,10,10,8,2,80.0,385.0752015238857,388.37091911436085,659.1850831992625,3080.6016121910857,4
0.15,14,43,4005093,global_min_cost,1767,10,10,8,2,80.0,254.69869437160548,216.44360193599363,480.3611101319391,2037.5895549728439,3
0.15,16,43,4005093,greedy,1767,10,10,8,2,80.0,322.4676209912256,350.8602610070337,566.2720350863193,2579.7409679298053,4
0.15,16,43,4005093,global_min_cost,1767,10,10,8,2,80.0,189.07494774871054,133.0765892636451,447.48046455378227,1512.5995819896843,3
0.15,20,43,4005093,greedy,1767,10,10,9,1,90.0,256.62642800637684,273.1603237185058,436.55059178759376,2309.6378520573917,1
0.15,20,43,4005093,global_min_cost,1767,10,10,9,1,90.0,189.20618522770255,99.04593052636801,435.7426724650745,1702.855667049323,1
0.15,24,43,4005093,greedy,1767,10,10,9,1,90.0,254.90142718245585,273.1603237185058,433.44559030453604,2294.1128446421026,1
0.15,24,43,4005093,global_min_cost,1767,10,10,9,1,90.0,189.20618522770255,99.04593052636801,435.7426724650745,1702.855667049323,1
0.15,32,43,4005093,greedy,1767,10,10,9,1,90.0,223.02816004696575,177.97776030852916,374.033217610382,2007.2534404226917,1
0.15,32,43,4005093,global_min_cost,1767,10,10,9,1,90.0,174.34535658507258,99.04593052636801,428.0296935903359,1569.1082092656532,1
0.15,8,44,4005094,greedy,1767,10,10,6,4,60.0,656.3136291539709,597.3228253653892,1169.1468609644564,3937.8817749238247,10
0.15,8,44,4005094,global_min_cost,1767,10,10,6,4,60.0,466.7718653006079,328.44324854559295,906.4123445231598,2800.631191803647,9
0.15,10,44,4005094,greedy,1767,10,10,7,3,70.0,931.3223004294952,647.4448119021704,1977.6965600173196,6519.256103006466,7
0.15,10,44,4005094,global_min_cost,1767,10,10,7,3,70.0,697.2704045136074,433.01147632561793,1531.3325822031318,4880.892831595252,6
0.15,12,44,4005094,greedy,1767,10,10,8,2,80.0,1013.4126005202412,705.2469095953224,2082.930364688073,8107.300804161929,4
0.15,12,44,4005094,global_min_cost,1767,10,10,8,2,80.0,876.9804938518288,540.2281441138941,1886.0435892336163,7015.843950814629,5
0.15,14,44,4005094,greedy,1767,10,10,9,1,90.0,769.249316274241,547.200838828608,1639.6607835613074,6923.243846468169,2
0.15,14,44,4005094,global_min_cost,1767,10,10,9,1,90.0,657.5185612645677,308.6768427787278,1454.2107838258155,5917.667051381109,2
0.15,16,44,4005094,greedy,1767,10,10,9,1,90.0,739.0928230968772,547.200838828608,1422.5340326842881,6651.835407871895,2
0.15,16,44,4005094,global_min_cost,1767,10,10,9,1,90.0,627.3620680872039,308.6768427787278,1337.4594709460316,5646.258612784835,2
0.15,20,44,4005094,greedy,1767,10,10,9,1,90.0,326.066366081793,183.54204156663394,701.0879235747243,2934.597294736137,2
0.15,20,44,4005094,global_min_cost,1767,10,10,9,1,90.0,323.9537666817227,183.54204156663394,701.0879235747243,2915.5839001355043,2
0.15,24,44,4005094,greedy,1767,10,10,10,0,100.0,353.27493822667776,199.10089505386026,731.9719696446132,3532.749382266778,0
0.15,24,44,4005094,global_min_cost,1767,10,10,10,0,100.0,351.3735987666146,190.31390613272401,731.9719696446132,3513.7359876661453,0
0.15,32,44,4005094,greedy,1767,10,10,10,0,100.0,339.41980234264963,181.58500315342008,731.9719696446132,3394.1980234264965,0
0.15,32,44,4005094,global_min_cost,1767,10,10,10,0,100.0,339.41980234264963,181.58500315342008,731.9719696446132,3394.198023426496,0
0.15,8,45,4005095,greedy,1776,10,10,8,2,80.0,1024.1450444054262,654.7413392595505,2086.822205320223,8193.16035524341,6
0.15,8,45,4005095,global_min_cost,1776,10,10,8,2,80.0,909.834148988984,681.4199110569336,1637.4530541359568,7278.673191911873,6
0.15,10,45,4005095,greedy,1776,10,10,8,2,80.0,798.9896460883625,654.7413392595505,1514.6641254325327,6391.9171687069,6
0.15,10,45,4005095,global_min_cost,1776,10,10,8,2,80.0,726.3367778324887,589.74840379958,1251.3729892736183,5810.694222659909,6
0.15,12,45,4005095,greedy,1776,10,10,8,2,80.0,687.7225837065356,654.7413392595505,1214.0348972456077,5501.780669652285,6
0.15,12,45,4005095,global_min_cost,1776,10,10,8,2,80.0,615.0697154506619,488.61319385697834,1129.368784903623,4920.557723605294,6
0.15,14,45,4005095,greedy,1776,10,10,8,2,80.0,536.4445749344312,482.25277775892744,968.4376358559953,4291.55659947545,6
0.15,14,45,4005095,global_min_cost,1776,10,10,8,2,80.0,440.50510132710644,374.8518720430606,854.4777193191362,3524.0408106168516,6
0.15,16,45,4005095,greedy,1776,10,10,8,2,80.0,535.2358500880526,482.25277775892744,968.4376358559953,4281.886800704421,6
0.15,16,45,4005095,global_min_cost,1776,10,10,8,2,80.0,439.29637648072793,374.8518720430606,847.7088601794167,3514.371011845824,6
0.15,20,45,4005095,greedy,1776,10,10,8,2,80.0,376.6825568633311,219.22388145618186,790.8124874497915,3013.460454906649,6
0.15,20,45,4005095,global_min_cost,1776,10,10,8,2,80.0,376.6825568633311,219.22388145618186,790.8124874497915,3013.460454906649,6
0.15,24,45,4005095,greedy,1776,10,10,9,1,90.0,411.3982532966599,223.4144155141803,896.2121778834296,3702.5842796699394,3
0.15,24,45,4005095,global_min_cost,1776,10,10,9,1,90.0,411.3982532966599,223.4144155141803,896.2121778834296,3702.5842796699394,3
0.15,32,45,4005095,greedy,1776,10,10,9,1,90.0,376.51574275398247,223.4144155141803,896.2121778834296,3388.6416847858427,3
0.15,32,45,4005095,global_min_cost,1776,10,10,9,1,90.0,362.8967063208356,215.03334739818342,896.2121778834296,3266.0703568875206,3
0.15,8,46,4005096,greedy,1755,10,10,7,3,70.0,514.1186707510949,202.25471746899152,1074.8184180497606,3598.830695257664,9
0.15,8,46,4005096,global_min_cost,1755,10,10,7,3,70.0,505.168935519946,202.25471746899152,1090.5058659145188,3536.182548639622,9
0.15,10,46,4005096,greedy,1755,10,10,7,3,70.0,434.3943664753581,202.25471746899152,840.0267013474343,3040.760565327507,9
0.15,10,46,4005096,global_min_cost,1755,10,10,7,3,70.0,425.4446312442092,202.25471746899152,840.0267013474343,2978.1124187094642,9
0.15,12,46,4005096,greedy,1755,10,10,7,3,70.0,397.121632035206,202.25471746899152,840.0267013474343,2779.851424246442,9
0.15,12,46,4005096,global_min_cost,1755,10,10,7,3,70.0,388.17189680405704,202.25471746899152,840.0267013474343,2717.2032776283995,9
0.15,14,46,4005096,greedy,1755,10,10,7,3,70.0,397.121632035206,202.25471746899152,840.0267013474343,2779.851424246442,9
0.15,14,46,4005096,global_min_cost,1755,10,10,7,3,70.0,388.17189680405704,202.25471746899152,840.0267013474343,2717.2032776283995,9
0.15,16,46,4005096,greedy,1755,10,10,7,3,70.0,347.5232695205401,202.25471746899152,665.2668411732758,2432.662886643781,9
0.15,16,46,4005096,global_min_cost,1755,10,10,7,3,70.0,338.5735342893912,202.25471746899152,665.2668411732758,2370.0147400257383,9
0.15,20,46,4005096,greedy,1755,10,10,7,3,70.0,262.87602180346755,153.71152949854266,562.8271465183386,1840.1321526242727,9
0.15,20,46,4005096,global_min_cost,1755,10,10,7,3,70.0,262.87602180346755,153.71152949854266,562.8271465183386,1840.1321526242727,9
0.15,24,46,4005096,greedy,1755,10,10,7,3,70.0,262.87602180346755,153.71152949854266,562.8271465183386,1840.1321526242727,9
0.15,24,46,4005096,global_min_cost,1755,10,10,7,3,70.0,262.87602180346755,153.71152949854266,562.8271465183386,1840.1321526242727,9
0.15,32,46,4005096,greedy,1755,10,10,7,3,70.0,254.36497396081518,142.67738257042492,562.8271465183386,1780.5548177257062,9
0.15,32,46,4005096,global_min_cost,1755,10,10,7,3,70.0,254.36497396081518,142.67738257042492,562.8271465183386,1780.5548177257062,9
0.15,8,47,4005097,greedy,1703,10,10,6,4,60.0,1651.9838964863425,1263.8199184653977,3059.6800799878006,9911.903378918056,13
0.15,8,47,4005097,global_min_cost,1703,10,10,6,4,60.0,965.4769890561412,579.0884432418765,2113.3498638034707,5792.861934336847,9
0.15,10,47,4005097,greedy,1703,10,10,7,3,70.0,1312.815088628456,842.2359316834005,2607.6389808224017,9189.705620399192,8
0.15,10,47,4005097,global_min_cost,1703,10,10,7,3,70.0,817.1030580381857,479.93695426482816,1833.53122821011,5719.7214062673,8
0.15,12,47,4005097,greedy,1703,10,10,7,3,70.0,898.2316869104085,618.6458517608958,1712.6978205564174,6287.62180837286,8
0.15,12,47,4005097,global_min_cost,1703,10,10,7,3,70.0,705.9413758205524,618.6458517608958,1328.2091854722948,4941.589630743867,8
0.15,14,47,4005097,greedy,1703,10,10,8,2,80.0,812.9489875957814,607.0649185397326,1630.4382566725315,6503.591900766252,6
0.15,14,47,4005097,global_min_cost,1703,10,10,8,2,80.0,644.6949653921573,469.7160081132596,1489.5223116854456,5157.559723137259,6
0.15,16,47,4005097,greedy,1703,10,10,8,2,80.0,812.9489875957814,607.0649185397326,1630.4382566725315,6503.591900766252,6
0.15,16,47,4005097,global_min_cost,1703,10,10,8,2,80.0,644.6949653921573,469.7160081132595,1489.5223116854456,5157.5597231372585,6
0.15,20,47,4005097,greedy,1703,10,10,8,2,80.0,364.4267965828336,268.3781284295078,688.1710617893534,2915.414372662669,6
0.15,20,47,4005097,global_min_cost,1703,10,10,8,2,80.0,350.2771152116862,389.57223532080457,522.6077942349652,2802.216921693489,6
0.15,24,47,4005097,greedy,1703,10,10,8,2,80.0,183.0154972082136,175.17220764049998,285.5746570245274,1464.123977665709,6
0.15,24,47,4005097,global_min_cost,1703,10,10,8,2,80.0,183.0154972082136,175.17220764049998,285.5746570245274,1464.123977665709,6
0.15,32,47,4005097,greedy,1703,10,10,8,2,80.0,169.7015898435495,149.88166873343937,285.5746570245274,1357.6127187483962,6
0.15,32,47,4005097,global_min_cost,1703,10,10,8,2,80.0,169.7015898435495,149.88166873343937,285.5746570245274,1357.6127187483962,6
0.15,8,48,4005098,greedy,1720,10,10,8,2,80.0,965.9491700712122,673.5693420532589,2155.8759915031205,7727.593360569697,10
0.15,8,48,4005098,global_min_cost,1720,10,10,8,2,80.0,522.9022489341053,479.83506052593464,897.6981330508099,4183.217991472842,10
0.15,10,48,4005098,greedy,1720,10,10,9,1,90.0,491.58314472777573,353.1411667858682,928.9541849965497,4424.248302549981,5
0.15,10,48,4005098,global_min_cost,1720,10,10,9,1,90.0,479.15960084639335,353.1411667858682,928.9541849965497,4312.436407617541,5
0.15,12,48,4005098,greedy,1720,10,10,9,1,90.0,491.58314472777573,353.1411667858682,928.9541849965497,4424.248302549981,5
0.15,12,48,4005098,global_min_cost,1720,10,10,9,1,90.0,479.15960084639335,353.1411667858682,928.9541849965497,4312.436407617541,5
0.15,14,48,4005098,greedy,1720,10,10,9,1,90.0,424.292845835504,348.8758713576709,767.0476669248955,3818.635612519536,5
0.15,14,48,4005098,global_min_cost,1720,10,10,9,1,90.0,384.9237249142074,348.8758713576709,704.5329201435036,3464.3135242278663,5
0.15,16,48,4005098,greedy,1720,10,10,9,1,90.0,412.1485459811878,348.8758713576709,745.1879271871263,3709.3369138306903,5
0.15,16,48,4005098,global_min_cost,1720,10,10,9,1,90.0,334.2425126780946,348.8758713576709,617.8371842632329,3008.1826141028514,5
0.15,20,48,4005098,greedy,1720,10,10,9,1,90.0,307.0045675533858,280.83903741348007,617.8371842632329,2763.0411079804726,5
0.15,20,48,4005098,global_min_cost,1720,10,10,9,1,90.0,272.2979189527414,222.91603124413075,617.8371842632329,2450.6812705746725,5
0.15,24,48,4005098,greedy,1720,10,10,9,1,90.0,271.6929482449869,280.83903741348007,577.4652323219016,2445.236534204882,5
0.15,24,48,4005098,global_min_cost,1720,10,10,9,1,90.0,236.98629964434247,222.91603124413075,414.49487223057764,2132.8766967990823,5
0.15,32,48,4005098,greedy,1720,10,10,9,1,90.0,171.62310050124825,133.5539252981468,288.15618384094836,1544.6079045112342,5
0.15,32,48,4005098,global_min_cost,1720,10,10,9,1,90.0,171.62310050124825,133.5539252981468,288.15618384094836,1544.6079045112342,5
0.15,8,49,4005099,greedy,1695,10,10,6,4,60.0,894.1895219466257,547.3264917655155,1755.002966251549,5365.137131679754,15
0.15,8,49,4005099,global_min_cost,1695,10,10,6,4,60.0,786.3045789063664,679.0617737617846,1439.1113225314461,4717.827473438198,14
0.15,10,49,4005099,greedy,1695,10,10,6,4,60.0,640.5341476934897,445.90880713662705,1264.1239314927586,3843.2048861609383,15
0.15,10,49,4005099,global_min_cost,1695,10,10,6,4,60.0,531.062056331788,466.5766416290792,918.3505607249696,3186.372337990728,14
0.15,12,49,4005099,greedy,1695,10,10,6,4,60.0,640.5341476934897,445.90880713662705,1264.1239314927586,3843.2048861609383,15
0.15,12,49,4005099,global_min_cost,1695,10,10,6,4,60.0,531.062056331788,466.5766416290792,918.3505607249696,3186.372337990728,14
0.15,14,49,4005099,greedy,1695,10,10,6,4,60.0,503.77698217691784,310.87956044387914,1120.0794982707878,3022.6618930615073,15
0.15,14,49,4005099,global_min_cost,1695,10,10,6,4,60.0,439.5311253791607,356.5975942089635,881.623894112432,2637.186752274964,14
0.15,16,49,4005099,greedy,1695,10,10,6,4,60.0,503.77698217691784,310.87956044387914,1120.0794982707878,3022.6618930615073,15
0.15,16,49,4005099,global_min_cost,1695,10,10,6,4,60.0,439.5311253791607,356.5975942089635,881.623894112432,2637.186752274964,14
0.15,20,49,4005099,greedy,1695,10,10,7,3,70.0,561.8045093812266,314.19029825364737,1223.7791413994905,3932.6315656685856,10
0.15,20,49,4005099,global_min_cost,1695,10,10,7,3,70.0,526.106758636767,372.53217020321716,1100.828055099357,3682.7473104573687,10
0.15,24,49,4005099,greedy,1695,10,10,7,3,70.0,314.51505235105094,307.5688226341109,691.3872602149128,2201.6053664573565,10
0.15,24,49,4005099,global_min_cost,1695,10,10,7,3,70.0,309.15182432606156,307.5688226341109,641.7435253948925,2164.0627702824313,10
0.15,32,49,4005099,greedy,1695,10,10,8,2,80.0,297.53249939286314,310.87956044387914,611.4800457199408,2380.259995142905,6
0.15,32,49,4005099,global_min_cost,1695,10,10,8,2,80.0,286.2219656231986,310.87956044387914,515.0813719726456,2289.775724985589,6
0.16,8,0,5005050,greedy,1820,10,10,8,2,80.0,1002.6615688674204,326.5091356811065,2604.5628211925637,8021.2925509393635,7
0.16,8,0,5005050,global_min_cost,1820,10,10,8,2,80.0,991.1367098732158,600.3660869209688,2077.464359725745,7929.093678985727,7
0.16,10,0,5005050,greedy,1820,10,10,8,2,80.0,474.8873025313296,241.59613346582975,953.2036472093232,3799.098420250637,7
0.16,10,0,5005050,global_min_cost,1820,10,10,8,2,80.0,474.88730253132974,326.5091356811065,882.0473241135911,3799.098420250638,7
0.16,12,0,5005050,greedy,1820,10,10,8,2,80.0,294.0975936156605,229.15671572657553,556.9747109516792,2352.780748925284,7
0.16,12,0,5005050,global_min_cost,1820,10,10,8,2,80.0,283.9739300766278,241.59613346582975,456.08800922608134,2271.7914406130226,7
0.16,14,0,5005050,greedy,1820,10,10,8,2,80.0,294.0975936156605,229.15671572657553,556.9747109516792,2352.780748925284,7
0.16,14,0,5005050,global_min_cost,1820,10,10,8,2,80.0,283.9739300766278,241.59613346582975,456.08800922608134,2271.7914406130226,7
0.16,16,0,5005050,greedy,1820,10,10,8,2,80.0,254.06794347690092,171.93293922336068,539.7949407776031,2032.5435478152071,7
0.16,16,0,5005050,global_min_cost,1820,10,10,8,2,80.0,249.37083006622157,213.33096388085391,456.08800922608134,1994.9666405297728,7
0.16,20,0,5005050,greedy,1820,10,10,8,2,80.0,253.16446237433294,171.93293922336068,537.6265861314399,2025.3156989946633,7
0.16,20,0,5005050,global_min_cost,1820,10,10,8,2,80.0,248.46734896365362,213.33096388085391,453.91965457991824,1987.7387917092287,7
0.16,24,0,5005050,greedy,1820,10,10,8,2,80.0,248.37044486549163,171.93293922336068,526.1209441102208,1986.9635589239329,7
0.16,24,0,5005050,global_min_cost,1820,10,10,8,2,80.0,243.6733314548123,213.33096388085391,442.41401255869914,1949.3866516384983,7
0.16,32,0,5005050,greedy,1820,10,10,8,2,80.0,174.22186273572083,162.6220237066558,292.239173751447,1393.7749018857667,7
0.16,32,0,5005050,global_min_cost,1820,10,10,8,2,80.0,174.22186273572083,162.6220237066558,292.239173751447,1393.774901885767,7
0.16,8,1,5005051,greedy,1860,10,10,5,5,50.0,801.1466964429713,857.4600450466488,1455.0392503166593,4005.733482214857,10
0.16,8,1,5005051,global_min_cost,1860,10,10,5,5,50.0,801.1466964429713,836.6458141625042,1427.8170526659417,4005.733482214857,10
0.16,10,1,5005051,greedy,1860,10,10,5,5,50.0,705.2380081238273,821.1035256516736,1277.1848130094102,3526.190040619136,10
0.16,10,1,5005051,global_min_cost,1860,10,10,5,5,50.0,705.2380081238273,712.8687408239681,1285.510505363068,3526.190040619136,10
0.16,12,1,5005051,greedy,1860,10,10,5,5,50.0,705.2380081238273,821.1035256516736,1277.1848130094102,3526.190040619136,10
0.16,12,1,5005051,global_min_cost,1860,10,10,5,5,50.0,705.2380081238273,733.6829717081127,1277.1848130094102,3526.190040619136,10
0.16,14,1,5005051,greedy,1860,10,10,6,4,60.0,738.0205741676701,828.8746699070889,1236.4054416471158,4428.12344500602,8
0.16,14,1,5005051,global_min_cost,1860,10,10,6,4,60.0,692.3743515373799,714.1726816863359,1214.168761976998,4154.246109224279,5
0.16,16,1,5005051,greedy,1860,10,10,6,4,60.0,720.1703918565922,828.8746699070889,1182.8548947138822,4321.022351139553,8
0.16,16,1,5005051,global_min_cost,1860,10,10,6,4,60.0,674.5241692263019,732.3509413838235,1098.7296783744962,4047.145015357811,5
0.16,20,1,5005051,greedy,1860,10,10,7,3,70.0,500.7585635292702,199.96133096654796,1037.3138011293333,3505.309944704891,3
0.16,20,1,5005051,global_min_cost,1860,10,10,7,3,70.0,413.2530645635256,199.96133096654796,823.1575948791769,2892.771451944679,3
0.16,24,1,5005051,greedy,1860,10,10,7,3,70.0,372.98174345627797,199.96133096654796,753.960734037761,2610.872204193946,3
0.16,24,1,5005051,global_min_cost,1860,10,10,7,3,70.0,329.39836680878295,193.32918362862856,747.8104461021425,2305.7885676614806,3
0.16,32,1,5005051,greedy,1860,10,10,7,3,70.0,360.61438463169765,199.96133096654796,717.460680551113,2524.3006924218835,3
0.16,32,1,5005051,global_min_cost,1860,10,10,7,3,70.0,317.0310079842027,193.32918362862856,747.8104461021425,2219.217055889419,3
0.16,8,2,5005052,greedy,1776,10,10,6,4,60.0,469.0632105699536,423.10276013147177,756.2846173841054,2814.379263419721,13
0.16,8,2,5005052,global_min_cost,1776,10,10,6,4,60.0,463.8313504690204,301.41559383346157,870.6044773217005,2782.9881028141226,13
0.16,10,2,5005052,greedy,1776,10,10,8,2,80.0,597.4449891753571,512.2056379155092,1016.1226950079166,4779.559913402856,6
0.16,10,2,5005052,global_min_cost,1776,10,10,8,2,80.0,586.1957819553681,474.8019905689373,1056.654044663143,4689.566255642946,6
0.16,12,2,5005052,greedy,1776,10,10,8,2,80.0,461.71385188711804,508.107879389761,778.6600445709504,3693.7108150969448,6
0.16,12,2,5005052,global_min_cost,1776,10,10,8,2,80.0,401.3695339572228,267.470445071682,749.3911071332489,3210.9562716577825,6
0.16,14,2,5005052,greedy,1776,10,10,8,2,80.0,461.71385188711804,508.107879389761,778.6600445709504,3693.7108150969448,6
0.16,14,2,5005052,global_min_cost,1776,10,10,8,2,80.0,401.3695339572228,311.2494595325012,749.3911071332489,3210.9562716577825,6
0.16,16,2,5005052,greedy,1776,10,10,8,2,80.0,440.5553280942693,508.107879389761,698.1843837257095,3524.442624754155,6
0.16,16,2,5005052,global_min_cost,1776,10,10,8,2,80.0,375.39500729831377,267.470445071682,749.3911071332489,3003.1600583865106,6
0.16,20,2,5005052,greedy,1776,10,10,9,1,90.0,320.7543694268771,237.0384918351676,584.6859422421937,2886.7893248418936,4
0.16,20,2,5005052,global_min_cost,1776,10,10,9,1,90.0,286.8689970166779,218.56601655339927,632.4226152995457,2581.820973150101,4
0.16,24,2,5005052,greedy,1776,10,10,9,1,90.0,320.7543694268771,237.0384918351676,584.6859422421937,2886.7893248418936,4
0.16,24,2,5005052,global_min_cost,1776,10,10,9,1,90.0,286.8689970166779,218.56601655339927,632.4226152995457,2581.820973150101,4
0.16,32,2,5005052,greedy,1776,10,10,10,0,100.0,229.40286782222836,198.77692498452666,345.03920621243975,2294.0286782222834,0
0.16,32,2,5005052,global_min_cost,1776,10,10,10,0,100.0,215.73616700057144,184.10220284316313,290.72696819359237,2157.361670005714,0
0.16,8,3,5005053,greedy,1845,10,10,7,3,70.0,511.8310515503377,509.2928873253767,706.0326064548026,3582.817360852364,8
0.16,8,3,5005053,global_min_cost,1845,10,10,7,3,70.0,446.6647706859129,296.02865862567535,858.8940095635679,3126.6533948013903,8
0.16,10,3,5005053,greedy,1845,10,10,8,2,80.0,567.9600149949368,553.2606902828059,804.2324568106183,4543.680119959495,7
0.16,10,3,5005053,global_min_cost,1845,10,10,8,2,80.0,423.38716041575685,288.45503702373196,857.0623966958962,3387.097283326055,7
0.16,12,3,5005053,greedy,1845,10,10,9,1,90.0,417.48427882689094,436.9481255348933,671.1392271639882,3757.3585094420187,3
0.16,12,3,5005053,global_min_cost,1845,10,10,9,1,90.0,392.683427316661,296.02865862567535,656.903881693969,3534.150845849949,3
0.16,14,3,5005053,greedy,1845,10,10,9,1,90.0,410.2303137514805,436.9481255348933,640.0588181684371,3692.072823763324,3
0.16,14,3,5005053,global_min_cost,1845,10,10,9,1,90.0,385.4294622412505,296.02865862567535,636.4999818009323,3468.865160171255,3
0.16,16,3,5005053,greedy,1845,10,10,9,1,90.0,364.6166160537678,278.8388810323463,608.7852015798029,3281.5495444839107,3
0.16,16,3,5005053,global_min_cost,1845,10,10,9,1,90.0,339.8157645435379,280.88141542178863,608.7852015798029,3058.341880891841,3
0.16,20,3,5005053,greedy,1845,10,10,9,1,90.0,314.03273003732727,238.45980882748745,608.7852015798029,2826.2945703359455,3
0.16,20,3,5005053,global_min_cost,1845,10,10,9,1,90.0,312.59350814139253,238.45980882748745,608.7852015798029,2813.341573272533,3
0.16,24,3,5005053,greedy,1845,10,10,9,1,90.0,306.6586306167898,238.45980882748745,586.4936609507067,2759.927675551108,3
0.16,24,3,5005053,global_min_cost,1845,10,10,9,1,90.0,305.21940872085514,238.45980882748745,586.4936609507067,2746.974678487696,3
0.16,32,3,5005053,greedy,1845,10,10,9,1,90.0,237.74413694894832,238.45980882748745,446.23711240389025,2139.6972325405345,3
0.16,32,3,5005053,global_min_cost,1845,10,10,9,1,90.0,236.30491505301364,238.45980882748745,481.1258233391395,2126.7442354771224,3
0.16,8,4,5005054,greedy,1785,10,10,5,5,50.0,887.2748277690722,899.5135821208189,1289.8805842387997,4436.374138845361,8
0.16,8,4,5005054,global_min_cost,1785,10,10,6,4,60.0,441.15906721969753,325.2805985253671,832.2941452472382,2646.9544033181855,8
0.16,10,4,5005054,greedy,1785,10,10,6,4,60.0,958.1908093263287,959.2556513530101,1590.0361781006088,5749.144855957971,7
0.16,10,4,5005054,global_min_cost,1785,10,10,7,3,70.0,565.6750172043995,341.50820012649444,1154.4119298573635,3959.7251204307977,7
0.16,12,4,5005054,greedy,1785,10,10,7,3,70.0,739.7987657525272,714.4551809455803,1165.8621111476884,5178.59136026769,5
0.16,12,4,5005054,global_min_cost,1785,10,10,7,3,70.0,487.59986869609963,477.9867557552656,772.7406022735638,3413.199080872698,7
0.16,14,4,5005054,greedy,1785,10,10,8,2,80.0,485.68314517438944,486.1886204826291,718.0055897923565,3885.4651613951155,4
0.16,14,4,5005054,global_min_cost,1785,10,10,8,2,80.0,485.68314517438944,486.1886204826291,718.0055897923565,3885.4651613951155,4
0.16,16,4,5005054,greedy,1785,10,10,8,2,80.0,389.8398992746827,396.0489757810739,613.9663412480945,3118.7191941974615,4
0.16,16,4,5005054,global_min_cost,1785,10,10,8,2,80.0,389.8398992746827,396.0489757810739,613.9663412480945,3118.719194197462,4
0.16,20,4,5005054,greedy,1785,10,10,8,2,80.0,325.7676557938614,352.742587132866,529.7067000596132,2606.141246350891,4
0.16,20,4,5005054,global_min_cost,1785,10,10,8,2,80.0,325.7676557938614,352.742587132866,529.7067000596132,2606.141246350891,4
0.16,24,4,5005054,greedy,1785,10,10,8,2,80.0,270.9791788202715,268.33425851344595,466.10683564368685,2167.833430562172,4
0.16,24,4,5005054,global_min_cost,1785,10,10,8,2,80.0,270.9791788202715,268.33425851344595,466.10683564368685,2167.833430562172,4
0.16,32,4,5005054,greedy,1785,10,10,8,2,80.0,257.8896168831551,227.9724782241688,466.10683564368685,2063.116935065241,4
0.16,32,4,5005054,global_min_cost,1785,10,10,8,2,80.0,257.8896168831551,227.9724782241688,466.10683564368685,2063.116935065241,4
0.16,8,5,5005055,greedy,1836,10,10,7,3,70.0,1001.0229007211396,951.7102139595045,1840.2082222929607,7007.160305047977,8
0.16,8,5,5005055,global_min_cost,1836,10,10,7,3,70.0,649.2242179194145,587.5482830461523,1213.4581298361582,4544.569525435902,5
0.16,10,5,5005055,greedy,1836,10,10,9,1,90.0,814.3906830269757,481.7694351623808,1514.071501961049,7329.516147242782,2
0.16,10,5,5005055,global_min_cost,1836,10,10,9,1,90.0,617.3309034446543,481.7694351623808,1192.1307364954207,5555.978131001887,2
0.16,12,5,5005055,greedy,1836,10,10,9,1,90.0,584.9590235004005,481.7694351623808,1013.4678970769958,5264.631211503604,2
0.16,12,5,5005055,global_min_cost,1836,10,10,9,1,90.0,527.1984291365912,493.7730321938876,941.7232506951982,4744.785862229321,2
0.16,14,5,5005055,greedy,1836,10,10,9,1,90.0,454.9032590365362,365.1556440342034,934.1186720703197,4094.1293313288265,2
0.16,14,5,5005055,global_min_cost,1836,10,10,9,1,90.0,415.99941440185734,481.7694351623808,662.230939989503,3743.994729616716,2
0.16,16,5,5005055,greedy,1836,10,10,9,1,90.0,401.81019893260634,312.41773010122074,771.3159542563507,3616.291790393457,2
0.16,16,5,5005055,global_min_cost,1836,10,10,9,1,90.0,360.2061025410017,304.8796197109575,635.5759708381214,3241.8549228690154,2
0.16,20,5,5005055,greedy,1836,10,10,9,1,90.0,392.43402554236104,312.41773010122074,760.6713101820966,3531.906229881249,2
0.16,20,5,5005055,global_min_cost,1836,10,10,9,1,90.0,350.8299291507564,207.43529149447284,635.5759708381214,3157.469362356808,2
0.16,24,5,5005055,greedy,1836,10,10,10,0,100.0,307.93355676662406,184.3716651787987,669.5200589014208,3079.3355676662404,0
0.16,24,5,5005055,global_min_cost,1836,10,10,10,0,100.0,303.179676805362,248.2098024024594,520.047035191813,3031.7967680536203,0
0.16,32,5,5005055,greedy,1836,10,10,10,0,100.0,307.13765397677446,184.3716651787987,668.7241561115713,3071.3765397677453,0
0.16,32,5,5005055,global_min_cost,1836,10,10,10,0,100.0,302.3837740155125,205.268480543424,650.4224947582186,3023.8377401551243,0
0.16,8,6,5005056,greedy,1856,10,10,7,3,70.0,1140.7540763249503,1226.7490664355362,2260.1520289750742,7985.278534274652,9
0.16,8,6,5005056,global_min_cost,1856,10,10,7,3,70.0,877.9890005817876,720.1402034075056,1730.6813318590196,6145.923004072513,8
0.16,10,6,5005056,greedy,1856,10,10,9,1,90.0,1223.5832114134555,1138.7754743373923,2163.9396392316994,11012.248902721101,2
0.16,10,6,5005056,global_min_cost,1856,10,10,9,1,90.0,1039.2736428702112,1138.7754743373923,1828.4091915541585,9353.462785831902,1
0.16,12,6,5005056,greedy,1856,10,10,10,0,100.0,903.5311626197778,893.6649254418918,1795.8863676379221,9035.31162619778,0
0.16,12,6,5005056,global_min_cost,1856,10,10,10,0,100.0,815.8907620982923,607.9355723697264,1578.9769592323971,8158.907620982923,0
0.16,14,6,5005056,greedy,1856,10,10,10,0,100.0,882.1793369045014,839.5428780461384,1795.8863676379221,8821.793369045014,0
0.16,14,6,5005056,global_min_cost,1856,10,10,10,0,100.0,805.3633458621665,607.9355723697264,1578.9769592323971,8053.633458621666,0
0.16,16,6,5005056,greedy,1856,10,10,10,0,100.0,700.7469108041541,483.0525214790295,1648.779898415851,7007.469108041541,0
0.16,16,6,5005056,global_min_cost,1856,10,10,10,0,100.0,640.9707634665867,430.27364631294927,1169.5696527252694,6409.707634665868,0
0.16,20,6,5005056,greedy,1856,10,10,10,0,100.0,381.37801546780315,363.9538245785593,551.4652058250347,3813.780154678031,0
0.16,20,6,5005056,global_min_cost,1856,10,10,10,0,100.0,346.61269723986874,292.8318618831577,609.4081514221575,3466.1269723986875,0
0.16,24,6,5005056,greedy,1856,10,10,10,0,100.0,381.37801546780315,363.9538245785593,551.4652058250347,3813.780154678031,0
0.16,24,6,5005056,global_min_cost,1856,10,10,10,0,100.0,346.61269723986874,292.8318618831577,609.4081514221575,3466.1269723986875,0
0.16,32,6,5005056,greedy,1856,10,10,10,0,100.0,296.67271445220854,261.7237150440448,434.02304498398314,2966.727144522085,0
0.16,32,6,5005056,global_min_cost,1856,10,10,10,0,100.0,296.67271445220854,261.7237150440448,434.02304498398314,2966.727144522085,0
0.16,8,7,5005057,greedy,1859,10,10,6,4,60.0,1024.6531341467542,782.9127590348446,1703.9991353451499,6147.9188048805245,13
0.16,8,7,5005057,global_min_cost,1859,10,10,6,4,60.0,861.5660100451694,700.3535384371849,1560.047524418794,5169.396060271016,13
0.16,10,7,5005057,greedy,1859,10,10,6,4,60.0,505.44208340149095,579.8778063037585,714.5186859337905,3032.652500408946,13
0.16,10,7,5005057,global_min_cost,1859,10,10,6,4,60.0,478.22927983977496,538.3985009620801,787.9277809624177,2869.3756790386497,13
0.16,12,7,5005057,greedy,1859,10,10,6,4,60.0,388.64611458270605,388.8786765199106,596.0168647348463,2331.8766874962366,13
0.16,12,7,5005057,global_min_cost,1859,10,10,6,4,60.0,370.6207591336819,407.4838550713722,596.0168647348463,2223.724554802091,13
0.16,14,7,5005057,greedy,1859,10,10,6,4,60.0,388.64611458270605,388.8786765199106,596.0168647348463,2331.8766874962366,13
0.16,14,7,5005057,global_min_cost,1859,10,10,6,4,60.0,370.6207591336819,364.1307794774359,639.3699403287826,2223.724554802091,13
0.16,16,7,5005057,greedy,1859,10,10,6,4,60.0,348.98026665648854,388.8786765199106,477.0193209561938,2093.8815999389317,13
0.16,16,7,5005057,global_min_cost,1859,10,10,6,4,60.0,330.95491120746436,360.40221819898443,524.1009578285816,1985.729467244786,13
0.16,20,7,5005057,greedy,1859,10,10,6,4,60.0,326.88329175393983,388.8786765199106,451.1679537293149,1961.2997505236394,13
0.16,20,7,5005057,global_min_cost,1859,10,10,6,4,60.0,299.7206836772633,261.14389902599453,482.3475074151139,1798.3241020635799,13
0.16,24,7,5005057,greedy,1859,10,10,7,3,70.0,258.0168488744708,204.65945089370828,438.24871956548736,1806.1179421212955,8
0.16,24,7,5005057,global_min_cost,1859,10,10,7,3,70.0,251.4722666509548,204.65945089370828,472.9311800406364,1760.3058665566834,8
0.16,32,7,5005057,greedy,1859,10,10,8,2,80.0,202.85369754462633,131.20738697949707,379.7315668493305,1622.8295803570106,6
0.16,32,7,5005057,global_min_cost,1859,10,10,8,2,80.0,202.85369754462633,160.07554161356694,379.7315668493305,1622.8295803570104,6
0.16,8,8,5005058,greedy,1795,10,10,4,6,40.0,541.3435307123916,535.913212816974,657.8972199377164,2165.3741228495664,17
0.16,8,8,5005058,global_min_cost,1795,10,10,4,6,40.0,332.20425894501597,345.32681376116926,394.85111638406414,1328.8170357800639,15
0.16,10,8,5005058,greedy,1795,10,10,6,4,60.0,742.9730509254555,579.9213787133908,1219.2576453665674,4457.838305552732,10
0.16,10,8,5005058,global_min_cost,1795,10,10,6,4,60.0,396.8563897915888,377.00925897513366,574.0821579180279,2381.138338749533,11
0.16,12,8,5005058,greedy,1795,10,10,7,3,70.0,632.4843535994293,596.6748093762969,853.9878060930783,4427.390475196005,8
0.16,12,8,5005058,global_min_cost,1795,10,10,7,3,70.0,437.05980492329803,425.73371865683794,670.5057087364582,3059.418634463086,6
0.16,14,8,5005058,greedy,1795,10,10,7,3,70.0,632.4843535994293,596.6748093762969,853.9878060930783,4427.390475196005,8
0.16,14,8,5005058,global_min_cost,1795,10,10,7,3,70.0,437.05980492329803,425.73371865683794,670.5057087364582,3059.418634463086,6
0.16,16,8,5005058,greedy,1795,10,10,8,2,80.0,561.795646699877,497.21157948970495,806.3203109257038,4494.365173599016,6
0.16,16,8,5005058,global_min_cost,1795,10,10,8,2,80.0,437.75811094975916,416.956556205929,725.3104297014908,3502.0648875980737,4
0.16,20,8,5005058,greedy,1795,10,10,9,1,90.0,453.65994670489454,428.2250464638907,603.0256825195065,4082.939520344051,2
0.16,20,8,5005058,global_min_cost,1795,10,10,9,1,90.0,406.625734197913,405.68806594796735,601.2140677421444,3659.6316077812166,2
0.16,24,8,5005058,greedy,1795,10,10,9,1,90.0,361.704768776288,400.5080724159638,475.7003649906368,3255.3429189865924,2
0.16,24,8,5005058,global_min_cost,1795,10,10,9,1,90.0,361.704768776288,428.2250464638907,475.7003649906368,3255.3429189865924,2
0.16,32,8,5005058,greedy,1795,10,10,9,1,90.0,311.3076106893969,321.08872678738186,437.33054269937253,2801.768496204572,2
0.16,32,8,5005058,global_min_cost,1795,10,10,9,1,90.0,298.02650287515917,328.28479929342933,436.7291928028256,2682.2385258764325,2
0.16,8,9,5005059,greedy,1840,10,10,6,4,60.0,1141.3701912753556,870.5721760336714,2442.2201643945687,6848.221147652135,6
0.16,8,9,5005059,global_min_cost,1840,10,10,6,4,60.0,755.0716096458514,645.6435267983918,1516.6937124889866,4530.429657875108,13
0.16,10,9,5005059,greedy,1840,10,10,8,2,80.0,1134.2772607906877,680.9652067487232,3047.9811064791643,9074.2180863255,3
0.16,10,9,5005059,global_min_cost,1840,10,10,8,2,80.0,705.3837162629192,666.7063484633445,1407.5123233937322,5643.069730103354,3
0.16,12,9,5005059,greedy,1840,10,10,9,1,90.0,799.6265685306795,610.5858072140036,1626.7959141892138,7196.639116776115,1
0.16,12,9,5005059,global_min_cost,1840,10,10,9,1,90.0,668.159253834806,658.1634662118017,1352.9216288461055,6013.433284513256,1
0.16,14,9,5005059,greedy,1840,10,10,9,1,90.0,449.01803597123813,419.66422284777605,809.6545584367569,4041.162323741143,1
0.16,14,9,5005059,global_min_cost,1840,10,10,9,1,90.0,433.78012168067585,315.1773734883735,790.7520452868853,3904.021095126083,1
0.16,16,9,5005059,greedy,1840,10,10,9,1,90.0,427.077811279655,419.66422284777605,737.2166937213732,3843.700301516895,1
0.16,16,9,5005059,global_min_cost,1840,10,10,9,1,90.0,391.6931925227588,186.31779370635235,790.7520452868853,3525.23873270483,1
0.16,20,9,5005059,greedy,1840,10,10,9,1,90.0,341.0985150637813,186.31779370635235,607.9660106839516,3069.886635574032,1
0.16,20,9,5005059,global_min_cost,1840,10,10,9,1,90.0,338.5728300653484,186.31779370635235,673.3705581827569,3047.155470588136,1
0.16,24,9,5005059,greedy,1840,10,10,9,1,90.0,309.646598580835,186.31779370635235,537.712623759697,2786.819387227515,1
0.16,24,9,5005059,global_min_cost,1840,10,10,9,1,90.0,309.646598580835,186.31779370635235,537.712623759697,2786.8193872275156,1
0.16,32,9,5005059,greedy,1840,10,10,9,1,90.0,178.94495769104546,178.44894435779457,297.6156404823016,1610.5046192194093,1
0.16,32,9,5005059,global_min_cost,1840,10,10,9,1,90.0,178.94495769104546,178.44894435779457,297.6156404823016,1610.504619219409,1
0.16,8,10,5005060,greedy,1885,10,10,8,2,80.0,1413.7602916823594,875.7635161164944,3206.4987777961283,11310.082333458875,7
0.16,8,10,5005060,global_min_cost,1885,10,10,8,2,80.0,1060.1514083066238,471.25311032626496,3016.7447675397348,8481.21126645299,9
0.16,10,10,5005060,greedy,1885,10,10,10,0,100.0,1235.1616549541764,960.166507049774,2578.703467758774,12351.616549541763,0
0.16,10,10,5005060,global_min_cost,1885,10,10,10,0,100.0,1020.6325302253313,564.4612078507266,2566.0051235719893,10206.32530225331,0
0.16,12,10,5005060,greedy,1885,10,10,10,0,100.0,556.4581828146961,322.5009784676083,1206.536672278547,5564.581828146961,0
0.16,12,10,5005060,global_min_cost,1885,10,10,10,0,100.0,424.17010341252967,240.5590826712206,984.7772564219381,4241.701034125297,0
0.16,14,10,5005060,greedy,1885,10,10,10,0,100.0,346.2175875417207,240.95823703430318,610.2009891712484,3462.1758754172074,0
0.16,14,10,5005060,global_min_cost,1885,10,10,10,0,100.0,331.6622960239408,240.5590826712206,662.0103372478158,3316.6229602394083,0
0.16,16,10,5005060,greedy,1885,10,10,10,0,100.0,267.4782286091552,240.95823703430318,415.41948225883567,2674.782286091552,0
0.16,16,10,5005060,global_min_cost,1885,10,10,10,0,100.0,265.2291360528758,211.1533369765151,420.96256816331663,2652.2913605287577,0
0.16,20,10,5005060,greedy,1885,10,10,10,0,100.0,225.15682504281793,187.40787480552785,389.777985327436,2251.568250428179,0
0.16,20,10,5005060,global_min_cost,1885,10,10,10,0,100.0,224.2611670506185,197.75112953740395,389.777985327436,2242.6116705061845,0
0.16,24,10,5005060,greedy,1885,10,10,10,0,100.0,223.33124691086385,187.40787480552785,389.777985327436,2233.3124691086387,0
0.16,24,10,5005060,global_min_cost,1885,10,10,10,0,100.0,222.4355889186644,188.62323887763358,389.777985327436,2224.355889186644,0
0.16,32,10,5005060,greedy,1885,10,10,10,0,100.0,218.60335715656038,164.98379010611615,389.777985327436,2186.0335715656033,0
0.16,32,10,5005060,global_min_cost,1885,10,10,10,0,100.0,216.07945720247102,164.98379010611615,372.7771438756388,2160.7945720247103,0
0.16,8,11,5005061,greedy,1783,10,10,6,4,60.0,1136.7003160764557,968.5457030425396,2129.363331071296,6820.201896458734,8
0.16,8,11,5005061,global_min_cost,1783,10,10,6,4,60.0,918.4951070789834,509.4520206668072,1957.6432744449262,5510.970642473901,8
0.16,10,11,5005061,greedy,1783,10,10,8,2,80.0,814.9312330530169,510.9968873501438,1679.6842592915848,6519.449864424135,3
0.16,10,11,5005061,global_min_cost,1783,10,10,8,2,80.0,744.8890264590339,433.95992992238973,1879.503985772447,5959.11221167227,5
0.16,12,11,5005061,greedy,1783,10,10,9,1,90.0,723.8987010538975,456.833567398813,1970.0622526233533,6515.088309485077,2
0.16,12,11,5005061,global_min_cost,1783,10,10,9,1,90.0,702.6255466258606,410.15804193207543,1962.0402930372334,6323.6299196327445,2
0.16,14,11,5005061,greedy,1783,10,10,10,0,100.0,668.7395077687203,433.4958046654442,1598.7622816630876,6687.3950776872025,0
0.16,14,11,5005061,global_min_cost,1783,10,10,10,0,100.0,649.593668783487,384.14486478792645,1588.4967170693099,6495.936687834871,0
0.16,16,11,5005061,greedy,1783,10,10,10,0,100.0,668.7395077687203,433.4958046654442,1598.7622816630876,6687.3950776872025,0
0.16,16,11,5005061,global_min_cost,1783,10,10,10,0,100.0,649.593668783487,389.0944327081668,1957.452814939606,6495.93668783487,0
0.16,20,11,5005061,greedy,1783,10,10,10,0,100.0,243.73437830672702,221.25002214034618,376.6783347879767,2437.34378306727,0
0.16,20,11,5005061,global_min_cost,1783,10,10,10,0,100.0,241.91625376968014,221.25002214034618,376.6783347879767,2419.1625376968013,0
0.16,24,11,5005061,greedy,1783,10,10,10,0,100.0,239.74256083967586,205.20033785258937,369.64140930247845,2397.4256083967584,0
0.16,24,11,5005061,global_min_cost,1783,10,10,10,0,100.0,237.92443630262895,205.20033785258937,369.64140930247845,2379.2443630262896,0
0.16,32,11,5005061,greedy,1783,10,10,10,0,100.0,226.89986116797908,187.5704338341434,369.64140930247845,2268.9986116797904,0
0.16,32,11,5005061,global_min_cost,1783,10,10,10,0,100.0,217.4344490186269,187.5704338341434,369.64140930247845,2174.3444901862686,0
0.16,8,12,5005062,greedy,1863,10,10,8,2,80.0,769.1871212640655,739.4938391709434,1245.8802174795646,6153.496970112524,5
0.16,8,12,5005062,global_min_cost,1863,10,10,8,2,80.0,553.1583836000835,664.7484588456757,806.9042567948179,4425.267068800668,5
0.16,10,12,5005062,greedy,1863,10,10,10,0,100.0,629.487237420152,659.579238745232,939.7572668602603,6294.872374201521,0
0.16,10,12,5005062,global_min_cost,1863,10,10,10,0,100.0,579.7502687493736,628.6922580756777,931.6642608729262,5797.502687493736,0
0.16,12,12,5005062,greedy,1863,10,10,10,0,100.0,550.0891377417148,529.4188504525714,927.5571573957584,5500.891377417149,0
0.16,12,12,5005062,global_min_cost,1863,10,10,10,0,100.0,530.224791854436,542.2979165942659,888.0960492231411,5302.247918544361,0
0.16,14,12,5005062,greedy,1863,10,10,10,0,100.0,550.0891377417148,529.4188504525714,927.5571573957584,5500.891377417149,0
0.16,14,12,5005062,global_min_cost,1863,10,10,10,0,100.0,530.224791854436,542.2979165942659,888.0960492231411,5302.247918544361,0
0.16,16,12,5005062,greedy,1863,10,10,10,0,100.0,550.0891377417148,529.4188504525714,927.5571573957584,5500.891377417149,0
0.16,16,12,5005062,global_min_cost,1863,10,10,10,0,100.0,501.2555987726648,386.3798975783503,936.165705922515,5012.555987726648,0
0.16,20,12,5005062,greedy,1863,10,10,10,0,100.0,467.99773867081956,383.5399651154158,802.862132919624,4679.977386708196,0
0.16,20,12,5005062,global_min_cost,1863,10,10,10,0,100.0,456.07462175135566,400.53077046242817,714.7805105619306,4560.746217513556,0
0.16,24,12,5005062,greedy,1863,10,10,10,0,100.0,358.1246483285516,251.08340388561294,703.3992912076753,3581.2464832855158,0
0.16,24,12,5005062,global_min_cost,1863,10,10,10,0,100.0,325.58439841622476,206.52627819722272,680.9021424146531,3255.843984162247,0
0.16,32,12,5005062,greedy,1863,10,10,10,0,100.0,203.02494577355236,206.0198000950242,334.7906470385379,2030.2494577355237,0
0.16,32,12,5005062,global_min_cost,1863,10,10,10,0,100.0,199.0713275574202,196.93580786464724,334.7906470385379,1990.7132755742018,0
0.16,8,13,5005063,greedy,1761,10,10,7,3,70.0,909.5380845845405,859.340960916466,1484.589969569773,6366.766592091783,9
0.16,8,13,5005063,global_min_cost,1761,10,10,7,3,70.0,744.8295422369855,789.0491132773639,1443.6612632200618,5213.806795658898,9
0.16,10,13,5005063,greedy,1761,10,10,7,3,70.0,572.9584600430702,612.0805967851844,967.4532551414687,4010.7092203014918,9
0.16,10,13,5005063,global_min_cost,1761,10,10,7,3,70.0,572.9584600430702,612.0805967851844,967.4532551414687,4010.709220301492,9
0.16,12,13,5005063,greedy,1761,10,10,8,2,80.0,492.74944677434246,515.2352512952768,823.7521474099552,3941.9955741947397,8
0.16,12,13,5005063,global_min_cost,1761,10,10,8,2,80.0,448.8700788705275,409.31017331653555,798.9742581309167,3590.9606309642195,4
0.16,14,13,5005063,greedy,1761,10,10,8,2,80.0,492.74944677434246,515.2352512952768,823.7521474099552,3941.9955741947397,8
0.16,14,13,5005063,global_min_cost,1761,10,10,8,2,80.0,448.8700788705275,363.13157493220706,858.6612714451632,3590.9606309642195,4
0.16,16,13,5005063,greedy,1761,10,10,8,2,80.0,492.74944677434246,515.2352512952768,823.7521474099552,3941.9955741947397,8
0.16,16,13,5005063,global_min_cost,1761,10,10,8,2,80.0,448.8700788705275,363.13157493220706,858.6612714451632,3590.9606309642195,4
0.16,20,13,5005063,greedy,1761,10,10,8,2,80.0,431.3891474529101,363.13157493220706,798.9742581309167,3451.1131796232808,8
0.16,20,13,5005063,global_min_cost,1761,10,10,8,2,80.0,419.68128950051886,363.13157493220706,798.9742581309167,3357.450316004151,4
0.16,24,13,5005063,greedy,1761,10,10,9,1,90.0,298.0970920313805,307.8732440590449,493.48607431912535,2682.873828282424,3
0.16,24,13,5005063,global_min_cost,1761,10,10,9,1,90.0,298.0970920313805,307.8732440590449,493.48607431912535,2682.8738282824243,3
0.16,32,13,5005063,greedy,1761,10,10,9,1,90.0,279.18182011416593,307.8732440590449,493.48607431912535,2512.636381027493,3
0.16,32,13,5005063,global_min_cost,1761,10,10,9,1,90.0,279.18182011416593,307.8732440590449,493.48607431912535,2512.6363810274934,3
0.16,8,14,5005064,greedy,1794,10,10,7,3,70.0,691.2371387765065,488.7601160810773,1470.7008084766953,4838.659971435545,9
0.16,8,14,5005064,global_min_cost,1794,10,10,7,3,70.0,346.82370975565203,319.8589918330429,601.4789883713091,2427.7659682895646,12
0.16,10,14,5005064,greedy,1794,10,10,8,2,80.0,307.8072150524787,149.11709178936798,705.8497312828123,2462.4577204198295,7
0.16,10,14,5005064,global_min_cost,1794,10,10,8,2,80.0,305.31952822423136,241.39357331800178,587.1341865024659,2442.5562257938514,7
0.16,12,14,5005064,greedy,1794,10,10,8,2,80.0,247.26141073286868,149.11709178936798,548.3964211320645,1978.0912858629495,7
0.16,12,14,5005064,global_min_cost,1794,10,10,8,2,80.0,247.26141073286868,149.11709178936798,548.3964211320645,1978.0912858629495,7
0.16,14,14,5005064,greedy,1794,10,10,8,2,80.0,247.26141073286868,149.11709178936798,548.3964211320645,1978.0912858629495,7
0.16,14,14,5005064,global_min_cost,1794,10,10,8,2,80.0,247.26141073286868,149.11709178936798,548.3964211320645,1978.0912858629495,7
0.16,16,14,5005064,greedy,1794,10,10,8,2,80.0,244.20667288702916,143.8528479768725,548.3964211320645,1953.653383096233,7
0.16,16,14,5005064,global_min_cost,1794,10,10,8,2,80.0,235.1414909436729,149.11709178936798,548.3964211320645,1881.1319275493834,7
0.16,20,14,5005064,greedy,1794,10,10,8,2,80.0,244.20667288702916,143.8528479768725,548.3964211320645,1953.653383096233,7
0.16,20,14,5005064,global_min_cost,1794,10,10,8,2,80.0,234.7646101946039,147.60956879309197,548.3964211320645,1878.1168815568315,7
0.16,24,14,5005064,greedy,1794,10,10,8,2,80.0,230.67712127185976,117.82283357992169,548.3964211320645,1845.4169701748779,7
0.16,24,14,5005064,global_min_cost,1794,10,10,8,2,80.0,221.2350585794345,128.53426196700383,548.3964211320645,1769.880468635476,7
0.16,32,14,5005064,greedy,1794,10,10,8,2,80.0,211.47685462459216,112.28556254608951,548.3964211320645,1691.8148369967375,7
0.16,32,14,5005064,global_min_cost,1794,10,10,8,2,80.0,211.47685462459216,112.28556254608951,548.3964211320645,1691.8148369967373,7
0.16,8,15,5005065,greedy,1781,10,10,8,2,80.0,611.2224855052757,396.63356222041114,1370.5538304525155,4889.779884042206,7
0.16,8,15,5005065,global_min_cost,1781,10,10,8,2,80.0,550.5266108459573,307.4663164607311,1254.7210739740474,4404.212886767658,7
0.16,10,15,5005065,greedy,1781,10,10,8,2,80.0,566.0480406604352,374.28994166066036,1148.8580081050595,4528.384325283481,7
0.16,10,15,5005065,global_min_cost,1781,10,10,8,2,80.0,527.4323437783509,202.13461276074733,1317.9200961940376,4219.458750226807,7
0.16,12,15,5005065,greedy,1781,10,10,8,2,80.0,475.5218731651822,202.13461276074733,1148.8580081050595,3804.174985321458,7
0.16,12,15,5005065,global_min_cost,1781,10,10,8,2,80.0,436.9061762830979,156.2011665227695,1073.737685992972,3495.2494102647834,7
0.16,14,15,5005065,greedy,1781,10,10,8,2,80.0,165.5133919134847,156.2011665227695,299.2646006410698,1324.1071353078773,7
0.16,14,15,5005065,global_min_cost,1781,10,10,8,2,80.0,165.5133919134847,156.2011665227695,299.2646006410698,1324.1071353078773,7
0.16,16,15,5005065,greedy,1781,10,10,8,2,80.0,165.5133919134847,156.2011665227695,299.2646006410698,1324.1071353078773,7
0.16,16,15,5005065,global_min_cost,1781,10,10,8,2,80.0,165.5133919134847,156.2011665227695,299.2646006410698,1324.1071353078773,7
0.16,20,15,5005065,greedy,1781,10,10,8,2,80.0,165.472006133882,156.2011665227695,299.2646006410698,1323.7760490710557,7
0.16,20,15,5005065,global_min_cost,1781,10,10,8,2,80.0,165.472006133882,156.2011665227695,299.2646006410698,1323.7760490710557,7
0.16,24,15,5005065,greedy,1781,10,10,8,2,80.0,165.472006133882,156.2011665227695,299.2646006410698,1323.7760490710557,7
0.16,24,15,5005065,global_min_cost,1781,10,10,8,2,80.0,165.47200613388196,156.2011665227695,298.7167702142244,1323.7760490710555,7
0.16,32,15,5005065,greedy,1781,10,10,8,2,80.0,137.28302550058,95.52567399958167,294.28452606090593,1098.2642040046399,7
0.16,32,15,5005065,global_min_cost,1781,10,10,8,2,80.0,137.28302550058,95.52567399958167,294.28452606090593,1098.26420400464,7
0.16,8,16,5005066,greedy,1814,10,10,6,4,60.0,665.2189522862245,678.1810672767285,976.2056424933376,3991.313713717347,10
0.16,8,16,5005066,global_min_cost,1814,10,10,6,4,60.0,509.63745960110043,614.7470478142768,741.6366400283601,3057.8247576066024,14
0.16,10,16,5005066,greedy,1814,10,10,6,4,60.0,665.2189522862245,678.1810672767285,976.2056424933376,3991.313713717347,10
0.16,10,16,5005066,global_min_cost,1814,10,10,6,4,60.0,509.63745960110043,614.7470478142768,741.6366400283601,3057.8247576066024,14
0.16,12,16,5005066,greedy,1814,10,10,8,2,80.0,885.8478517455014,787.9148734647395,1621.2837988527892,7086.782813964011,5
0.16,12,16,5005066,global_min_cost,1814,10,10,8,2,80.0,756.6381086082214,614.7470478142768,1516.8402370284366,6053.10486886577,8
0.16,14,16,5005066,greedy,1814,10,10,8,2,80.0,479.26889349197234,447.95801529076164,795.5576651307008,3834.1511479357787,5
0.16,14,16,5005066,global_min_cost,1814,10,10,9,1,90.0,572.7267642931273,597.4148441449224,964.4466366187053,5154.540878638146,4
0.16,16,16,5005066,greedy,1814,10,10,8,2,80.0,479.26889349197234,447.95801529076164,795.5576651307008,3834.1511479357787,5
0.16,16,16,5005066,global_min_cost,1814,10,10,9,1,90.0,553.7815382013752,597.4148441449224,976.189529015344,4984.033843812376,4
0.16,20,16,5005066,greedy,1814,10,10,9,1,90.0,460.87833703473814,550.2362430497595,758.9663062038796,4147.905033312643,4
0.16,20,16,5005066,global_min_cost,1814,10,10,9,1,90.0,460.87833703473814,503.8372624620544,706.4818354632199,4147.905033312643,4
0.16,24,16,5005066,greedy,1814,10,10,9,1,90.0,292.9954889229454,232.13694853321496,603.5514019534247,2636.9594003065085,4
0.16,24,16,5005066,global_min_cost,1814,10,10,9,1,90.0,292.99548892294547,257.42700213598454,565.8085210772944,2636.959400306509,4
0.16,32,16,5005066,greedy,1814,10,10,9,1,90.0,288.7018877801024,232.13694853321496,602.1368335513201,2598.316990020922,4
0.16,32,16,5005066,global_min_cost,1814,10,10,9,1,90.0,270.90236199353456,257.42700213598454,565.8085210772944,2438.121257941811,4
0.16,8,17,5005067,greedy,1897,10,10,6,4,60.0,1839.2831354146144,1238.7603724224155,3786.5662109470486,11035.698812487686,13
0.16,8,17,5005067,global_min_cost,1897,10,10,6,4,60.0,1064.1318877457911,1273.8306701143918,1796.9036790060236,6384.791326474748,11
0.16,10,17,5005067,greedy,1897,10,10,8,2,80.0,1388.0835943535797,1205.5730639316785,2760.223539382008,11104.668754828637,4
0.16,10,17,5005067,global_min_cost,1897,10,10,8,2,80.0,1388.0835943535797,1099.5451602750795,2863.1848686651088,11104.668754828637,4
0.16,12,17,5005067,greedy,1897,10,10,8,2,80.0,1388.0835943535797,1205.5730639316785,2760.223539382008,11104.668754828637,4
0.16,12,17,5005067,global_min_cost,1897,10,10,8,2,80.0,1388.0835943535797,1099.5451602750795,2863.1848686651088,11104.668754828637,4
0.16,14,17,5005067,greedy,1897,10,10,8,2,80.0,1235.379557954571,1100.236257394604,2591.383522364422,9883.03646363657,4
0.16,14,17,5005067,global_min_cost,1897,10,10,8,2,80.0,1235.379557954571,955.9391198812939,2697.8388662272578,9883.036463636568,4
0.16,16,17,5005067,greedy,1897,10,10,8,2,80.0,1148.7054045752352,1100.236257394604,2158.3619891860035,9189.643236601882,4
0.16,16,17,5005067,global_min_cost,1897,10,10,8,2,80.0,1117.2605911063154,1007.9474292555412,2368.7473022085615,8938.084728850521,4
0.16,20,17,5005067,greedy,1897,10,10,8,2,80.0,865.2379626744458,726.1127131122305,1703.0549699343794,6921.903701395566,4
0.16,20,17,5005067,global_min_cost,1897,10,10,8,2,80.0,836.4424927425928,773.2498533607627,1692.3783464894627,6691.539941940741,4
0.16,24,17,5005067,greedy,1897,10,10,8,2,80.0,865.2379626744458,726.1127131122305,1703.0549699343794,6921.903701395566,4
0.16,24,17,5005067,global_min_cost,1897,10,10,8,2,80.0,836.4424927425928,773.2498533607627,1692.3783464894627,6691.539941940741,4
0.16,32,17,5005067,greedy,1897,10,10,8,2,80.0,760.3386162454415,726.1127131122305,1451.2965385047692,6082.708929963532,4
0.16,32,17,5005067,global_min_cost,1897,10,10,8,2,80.0,760.3386162454415,709.8634163037648,1474.045554036621,6082.708929963532,4
0.16,8,18,5005068,greedy,1834,10,10,6,4,60.0,1294.1577452286258,466.50041453910944,3066.1026455129295,7764.946471371754,17
0.16,8,18,5005068,global_min_cost,1834,10,10,6,4,60.0,1141.296841638725,544.2687542468733,2424.4628352788623,6847.781049832351,13
0.16,10,18,5005068,greedy,1834,10,10,7,3,70.0,1190.3140956511859,500.33144155409286,2864.592300185684,8332.1986695583,12
0.16,10,18,5005068,global_min_cost,1834,10,10,7,3,70.0,1170.1218166014673,606.8331082001579,2590.9672262086115,8190.852716210273,12
0.16,12,18,5005068,greedy,1834,10,10,8,2,80.0,1008.2018674130214,553.5822748771254,2070.3207024203525,8065.614939304171,8
0.16,12,18,5005068,global_min_cost,1834,10,10,8,2,80.0,797.2334198969553,605.8730823319912,1305.6507671761633,6377.8673591756415,8
0.16,14,18,5005068,greedy,1834,10,10,8,2,80.0,554.7189165573675,553.5822748771254,768.5981622116018,4437.75133245894,8
0.16,14,18,5005068,global_min_cost,1834,10,10,9,1,90.0,582.6974106721942,604.9130564638245,887.6053952473968,5244.276696049748,5
0.16,16,18,5005068,greedy,1834,10,10,9,1,90.0,500.0767525051738,500.33144155409286,724.4241591622275,4500.6907725465635,5
0.16,16,18,5005068,global_min_cost,1834,10,10,9,1,90.0,496.3898259104856,500.33144155409286,689.240391055763,4467.508433194371,5
0.16,20,18,5005068,greedy,1834,10,10,9,1,90.0,432.03689973814085,334.69186674630475,721.920658755241,3888.332097643267,5
0.16,20,18,5005068,global_min_cost,1834,10,10,9,1,90.0,429.74080670288964,411.2693883101877,689.240391055763,3867.6672603260067,5
0.16,24,18,5005068,greedy,1834,10,10,9,1,90.0,400.5198228136054,334.69186674630475,652.9320533280493,3604.6784053224483,5
0.16,24,18,5005068,global_min_cost,1834,10,10,9,1,90.0,400.5198228136054,393.08847751051474,606.2147647166812,3604.6784053224487,5
0.16,32,18,5005068,greedy,1834,10,10,9,1,90.0,360.3970647350564,318.5332161238716,528.3685008858233,3243.5735826155073,5
0.16,32,18,5005068,global_min_cost,1834,10,10,9,1,90.0,353.6649797732569,318.5332161238716,518.62222314474,3182.9848179593123,5
0.16,8,19,5005069,greedy,1825,10,10,7,3,70.0,1135.74035630331,652.8584791296367,2387.6237227910888,7950.18249412317,8
0.16,8,19,5005069,global_min_cost,1825,10,10,7,3,70.0,1135.74035630331,652.8584791296367,2387.6237227910888,7950.182494123168,8
0.16,10,19,5005069,greedy,1825,10,10,7,3,70.0,727.163727155152,521.294020982475,1530.196053517605,5090.146090086064,8
0.16,10,19,5005069,global_min_cost,1825,10,10,7,3,70.0,699.6021441671081,521.294020982475,1347.5287870688949,4897.215009169757,8
0.16,12,19,5005069,greedy,1825,10,10,7,3,70.0,606.7054011475122,374.687048315246,1251.5555297631051,4246.937808032586,8
0.16,12,19,5005069,global_min_cost,1825,10,10,7,3,70.0,606.7054011475122,374.687048315246,1023.8210431376576,4246.937808032585,8
0.16,14,19,5005069,greedy,1825,10,10,7,3,70.0,427.8186327071539,357.705224671183,757.3576093409182,2994.730428950077,8
0.16,14,19,5005069,global_min_cost,1825,10,10,7,3,70.0,423.6448193043741,329.4323160414866,752.4976583414223,2965.5137351306184,8
0.16,16,19,5005069,greedy,1825,10,10,7,3,70.0,427.8186327071539,357.705224671183,757.3576093409182,2994.730428950077,8
0.16,16,19,5005069,global_min_cost,1825,10,10,7,3,70.0,423.6448193043741,329.4323160414866,752.4976583414223,2965.5137351306184,8
0.16,20,19,5005069,greedy,1825,10,10,7,3,70.0,332.7955750218367,329.4323160414866,508.0896082995833,2329.5690251528567,8
0.16,20,19,5005069,global_min_cost,1825,10,10,7,3,70.0,332.7955750218367,329.4323160414866,508.0896082995833,2329.569025152857,8
0.16,24,19,5005069,greedy,1825,10,10,7,3,70.0,332.7955750218367,329.4323160414866,508.0896082995833,2329.5690251528567,8
0.16,24,19,5005069,global_min_cost,1825,10,10,7,3,70.0,332.7955750218367,329.4323160414866,508.0896082995833,2329.569025152857,8
0.16,32,19,5005069,greedy,1825,10,10,7,3,70.0,223.6181492974647,226.17740296568962,342.35053282484574,1565.3270450822529,8
0.16,32,19,5005069,global_min_cost,1825,10,10,7,3,70.0,223.6181492974647,226.17740296568962,342.35053282484574,1565.3270450822529,8
0.16,8,20,5005070,greedy,1805,10,10,7,3,70.0,356.5970379583233,408.40979189120674,575.3645964389215,2496.1792657082633,8
0.16,8,20,5005070,global_min_cost,1805,10,10,7,3,70.0,330.46006389185396,377.7148581621706,478.7207197101589,2313.220447242978,8
0.16,10,20,5005070,greedy,1805,10,10,7,3,70.0,324.49887168406946,355.77336775372737,479.3911697611816,2271.4921017884867,8
0.16,10,20,5005070,global_min_cost,1805,10,10,7,3,70.0,305.5771302765526,355.77336775372737,428.65049000604915,2139.0399119358685,8
0.16,12,20,5005070,greedy,1805,10,10,7,3,70.0,324.49887168406946,355.77336775372737,479.3911697611816,2271.4921017884867,8
0.16,12,20,5005070,global_min_cost,1805,10,10,7,3,70.0,305.5771302765526,355.77336775372737,428.65049000604915,2139.0399119358685,8
0.16,14,20,5005070,greedy,1805,10,10,7,3,70.0,266.68799770615675,344.4822489864254,479.3911697611816,1866.8159839430973,8
0.16,14,20,5005070,global_min_cost,1805,10,10,7,3,70.0,248.56632636503804,344.4822489864254,428.65049000604915,1739.9642845552662,8
0.16,16,20,5005070,greedy,1805,10,10,7,3,70.0,266.68799770615675,344.4822489864254,479.3911697611816,1866.8159839430973,8
0.16,16,20,5005070,global_min_cost,1805,10,10,7,3,70.0,248.56632636503804,344.4822489864254,428.65049000604915,1739.9642845552662,8
0.16,20,20,5005070,greedy,1805,10,10,8,2,80.0,250.41816866345354,292.89687101282533,423.79129294869574,2003.3453493076286,7
0.16,20,20,5005070,global_min_cost,1805,10,10,8,2,80.0,249.7218220900985,301.1462705759736,423.79129294869574,1997.774576720788,7
0.16,24,20,5005070,greedy,1805,10,10,8,2,80.0,234.06887173378217,259.86540968924487,401.8317593318559,1872.5509738702574,7
0.16,24,20,5005070,global_min_cost,1805,10,10,8,2,80.0,233.3725251604271,268.1148092523931,386.38305913266004,1866.9802012834168,7
0.16,32,20,5005070,greedy,1805,10,10,8,2,80.0,210.14365171499514,222.48228216983486,373.3157084003857,1681.1492137199612,7
0.16,32,20,5005070,global_min_cost,1805,10,10,8,2,80.0,208.26811450036578,222.48228216983486,327.0716625473731,1666.144916002926,7
0.16,8,21,5005071,greedy,1889,10,10,7,3,70.0,1692.5230598342512,1897.8828503560028,2981.646890552032,11847.661418839758,10
0.16,8,21,5005071,global_min_cost,1889,10,10,7,3,70.0,797.9915047726828,592.5727898295291,1647.8376817916514,5585.940533408779,12
0.16,10,21,5005071,greedy,1889,10,10,9,1,90.0,1307.1022193417234,1393.8624750039075,2355.4431724756687,11763.91997407551,3
0.16,10,21,5005071,global_min_cost,1889,10,10,9,1,90.0,1091.9765916753265,609.0313702245998,2203.05220495403,9827.78932507794,3
0.16,12,21,5005071,greedy,1889,10,10,9,1,90.0,998.9122567378555,617.4268721610146,2214.8143499946714,8990.2103106407,3
0.16,12,21,5005071,global_min_cost,1889,10,10,9,1,90.0,791.8366766981626,592.5727898295291,1611.4826041079862,7126.530090283463,3
0.16,14,21,5005071,greedy,1889,10,10,9,1,90.0,818.9423277104312,609.0313702245998,1592.1220429551138,7370.48094939388,3
0.16,14,21,5005071,global_min_cost,1889,10,10,9,1,90.0,679.4094033010388,470.3088413211356,1355.6983092955984,6114.684629709348,3
0.16,16,21,5005071,greedy,1889,10,10,9,1,90.0,818.9423277104312,609.0313702245998,1592.1220429551138,7370.48094939388,3
0.16,16,21,5005071,global_min_cost,1889,10,10,9,1,90.0,679.4094033010388,470.3088413211356,1355.6983092955984,6114.684629709348,3
0.16,20,21,5005071,greedy,1889,10,10,9,1,90.0,793.251640695546,609.0313702245998,1592.1220429551138,7139.264766259913,3
0.16,20,21,5005071,global_min_cost,1889,10,10,9,1,90.0,642.7074579688368,511.1772133490479,1298.1279077860743,5784.36712171953,3
0.16,24,21,5005071,greedy,1889,10,10,9,1,90.0,610.1915717685945,609.0313702245998,1295.7319731850548,5491.72414591735,3
0.16,24,21,5005071,global_min_cost,1889,10,10,9,1,90.0,460.3778859486673,511.1772133490479,702.4445967353811,4143.400973538006,3
0.16,32,21,5005071,greedy,1889,10,10,9,1,90.0,387.1012289069416,479.9159247600637,610.7104706118827,3483.9110601624748,3
0.16,32,21,5005071,global_min_cost,1889,10,10,9,1,90.0,387.1012289069416,435.5256033503239,619.5885348938307,3483.9110601624743,3
0.16,8,22,5005072,greedy,1842,10,10,6,4,60.0,485.6005702212741,420.34620458443777,847.6321797799944,2913.603421327645,10
0.16,8,22,5005072,global_min_cost,1842,10,10,6,4,60.0,447.0362482185899,374.46186846215755,784.1443935372478,2682.2174893115393,10
0.16,10,22,5005072,greedy,1842,10,10,6,4,60.0,381.836535383291,420.34620458443777,536.340075266045,2291.019212299746,10
0.16,10,22,5005072,global_min_cost,1842,10,10,6,4,60.0,375.23211689184,374.46186846215755,562.4111559139723,2251.39270135104,10
0.16,12,22,5005072,greedy,1842,10,10,6,4,60.0,381.836535383291,420.34620458443777,536.340075266045,2291.019212299746,10
0.16,12,22,5005072,global_min_cost,1842,10,10,6,4,60.0,375.23211689184,374.46186846215755,568.7319995569982,2251.39270135104,10
0.16,14,22,5005072,greedy,1842,10,10,6,4,60.0,381.836535383291,420.34620458443777,536.340075266045,2291.019212299746,10
0.16,14,22,5005072,global_min_cost,1842,10,10,6,4,60.0,375.23211689184,374.46186846215755,568.7319995569983,2251.39270135104,10
0.16,16,22,5005072,greedy,1842,10,10,6,4,60.0,381.836535383291,420.34620458443777,536.340075266045,2291.019212299746,10
0.16,16,22,5005072,global_min_cost,1842,10,10,6,4,60.0,375.23211689184,374.46186846215755,568.7319995569983,2251.39270135104,10
0.16,20,22,5005072,greedy,1842,10,10,6,4,60.0,273.60378031351087,285.67608990345286,409.4364854219382,1641.622681881065,10
0.16,20,22,5005072,global_min_cost,1842,10,10,6,4,60.0,261.70765208581093,285.67608990345286,380.0689443818643,1570.2459125148657,10
0.16,24,22,5005072,greedy,1842,10,10,6,4,60.0,235.73669138428966,219.34556305307765,374.46186846215755,1414.420148305738,10
0.16,24,22,5005072,global_min_cost,1842,10,10,6,4,60.0,226.68512430998823,222.28692250646714,348.66155981099877,1360.1107458599295,10
0.16,32,22,5005072,greedy,1842,10,10,6,4,60.0,210.17434597901806,190.10951891721302,327.01087638220736,1261.0460758741083,10
0.16,32,22,5005072,global_min_cost,1842,10,10,6,4,60.0,210.17434597901806,188.08442729932204,333.3317200252333,1261.0460758741083,10
0.16,8,23,5005073,greedy,1866,10,10,7,3,70.0,498.96959903542324,473.52478839428454,703.940216070414,3492.787193247963,6
0.16,8,23,5005073,global_min_cost,1866,10,10,7,3,70.0,461.29696595996313,473.52478839428454,681.7427863021703,3229.078761719742,5
0.16,10,23,5005073,greedy,1866,10,10,8,2,80.0,470.90161645234286,494.09798668921974,676.4817241637719,3767.2129316187434,2
0.16,10,23,5005073,global_min_cost,1866,10,10,9,1,90.0,793.8805720480253,668.2296969401029,1407.8236867068276,7144.925148432228,1
0.16,12,23,5005073,greedy,1866,10,10,8,2,80.0,381.1606566244638,308.5902679775948,668.3361869989391,3049.2852529957104,2
0.16,12,23,5005073,global_min_cost,1866,10,10,9,1,90.0,737.978035830335,473.52478839428454,1357.8740214787772,6641.802322473014,1
0.16,14,23,5005073,greedy,1866,10,10,8,2,80.0,348.5643455422529,221.92393132388258,668.3361869989391,2788.5147643380233,2
0.16,14,23,5005073,global_min_cost,1866,10,10,9,1,90.0,706.4194888862168,223.77646225403413,1403.172399938952,6357.775399975951,1
0.16,16,23,5005073,greedy,1866,10,10,8,2,80.0,348.5643455422529,221.92393132388258,668.3361869989391,2788.5147643380233,2
0.16,16,23,5005073,global_min_cost,1866,10,10,9,1,90.0,706.4194888862168,223.77646225403413,1403.172399938952,6357.775399975951,1
0.16,20,23,5005073,greedy,1866,10,10,8,2,80.0,343.04544053909524,210.3192607975223,668.3361869989391,2744.363524312762,2
0.16,20,23,5005073,global_min_cost,1866,10,10,9,1,90.0,701.5137955500766,223.77646225403413,1403.172399938952,6313.624159950689,1
0.16,24,23,5005073,greedy,1866,10,10,9,1,90.0,347.8549503706999,211.8547586312383,712.9766601640005,3130.694553336299,1
0.16,24,23,5005073,global_min_cost,1866,10,10,9,1,90.0,347.85495037069995,223.77646225403413,674.9912821717433,3130.694553336299,1
0.16,32,23,5005073,greedy,1866,10,10,9,1,90.0,308.6120225333737,211.8547586312383,675.356655695314,2777.508202800364,1
0.16,32,23,5005073,global_min_cost,1866,10,10,9,1,90.0,308.6120225333737,211.8547586312383,675.356655695314,2777.508202800364,1
0.16,8,24,5005074,greedy,1785,10,10,7,3,70.0,1047.3249672672378,430.2995972923407,2449.34204690105,7331.274770870665,14
0.16,8,24,5005074,global_min_cost,1785,10,10,7,3,70.0,963.6410117381956,455.5091802192312,2258.889367993806,6745.487082167369,13
0.16,10,24,5005074,greedy,1785,10,10,8,2,80.0,1139.1897628675977,655.9542254377175,2646.309122433945,9113.518102940781,10
0.16,10,24,5005074,global_min_cost,1785,10,10,8,2,80.0,1046.697234010356,547.2046292896728,2507.5059503354764,8373.577872082848,8
0.16,12,24,5005074,greedy,1785,10,10,10,0,100.0,1775.6939241266691,432.45100405931424,4932.02357489569,17756.939241266693,0
0.16,12,24,5005074,global_min_cost,1785,10,10,10,0,100.0,1773.2174094025784,432.45100405931424,5073.637421921018,17732.17409402578,0
0.16,14,24,5005074,greedy,1785,10,10,10,0,100.0,1775.6939241266691,432.45100405931424,4932.02357489569,17756.939241266693,0
0.16,14,24,5005074,global_min_cost,1785,10,10,10,0,100.0,1773.2174094025784,432.45100405931424,4992.152708056313,17732.174094025784,0
0.16,16,24,5005074,greedy,1785,10,10,10,0,100.0,1761.2810100318468,411.6160606169839,4932.02357489569,17612.810100318467,0
0.16,16,24,5005074,global_min_cost,1785,10,10,10,0,100.0,1755.0729095668416,405.24455727152963,5073.637421921018,17550.729095668416,0
0.16,20,24,5005074,greedy,1785,10,10,10,0,100.0,1761.2810100318468,411.6160606169839,4932.02357489569,17612.810100318467,0
0.16,20,24,5005074,global_min_cost,1785,10,10,10,0,100.0,1755.0729095668416,405.24455727152963,5073.637421921018,17550.729095668416,0
0.16,24,24,5005074,greedy,1785,10,10,10,0,100.0,1269.2272915879548,347.5317072593458,3333.0180509389993,12692.272915879548,0
0.16,24,24,5005074,global_min_cost,1785,10,10,10,0,100.0,1266.750776863864,373.93713943925934,3393.147184099622,12667.507768638641,0
0.16,32,24,5005074,greedy,1785,10,10,10,0,100.0,546.2851243656306,347.5317072593458,813.809983139387,5462.851243656306,0
0.16,32,24,5005074,global_min_cost,1785,10,10,10,0,100.0,515.6154972385301,352.3793844638,631.3549974679246,5156.154972385301,0
0.16,8,25,5005075,greedy,1780,10,10,7,3,70.0,475.95390401529585,280.5848325655294,1092.397721564247,3331.677328107071,9
0.16,8,25,5005075,global_min_cost,1780,10,10,7,3,70.0,417.9518697142326,280.5848325655294,885.8544825388284,2925.663087999628,7
0.16,10,25,5005075,greedy,1780,10,10,8,2,80.0,369.48883559407204,336.77403961505047,650.6154149328794,2955.9106847525763,6
0.16,10,25,5005075,global_min_cost,1780,10,10,8,2,80.0,357.97625800400664,299.5112607037679,687.9172466558173,2863.8100640320527,6
0.16,12,25,5005075,greedy,1780,10,10,8,2,80.0,320.85988950430584,227.62861315626213,650.6154149328794,2566.8791160344463,6
0.16,12,25,5005075,global_min_cost,1780,10,10,8,2,80.0,298.0266761440258,203.82672899794107,650.6154149328794,2384.2134091522066,6
0.16,14,25,5005075,greedy,1780,10,10,8,2,80.0,288.238142549879,227.62861315626213,572.323222242255,2305.905140399032,6
0.16,14,25,5005075,global_min_cost,1780,10,10,8,2,80.0,265.404929189599,203.82672899794107,572.323222242255,2123.239433516792,6
0.16,16,25,5005075,greedy,1780,10,10,8,2,80.0,253.870922856734,188.70293646315582,454.8580419898308,2030.9673828538719,6
0.16,16,25,5005075,global_min_cost,1780,10,10,8,2,80.0,231.037709496454,194.46833986780308,407.8657399374579,1848.3016759716318,6
0.16,20,25,5005075,greedy,1780,10,10,8,2,80.0,192.8155058414867,131.06653577217475,379.86679196064296,1542.5240467318936,6
0.16,20,25,5005075,global_min_cost,1780,10,10,8,2,80.0,185.8879564530952,109.39331386341959,379.86679196064296,1487.1036516247616,6
0.16,24,25,5005075,greedy,1780,10,10,8,2,80.0,186.917794245706,131.06653577217475,379.86679196064296,1495.342353965648,6
0.16,24,25,5005075,global_min_cost,1780,10,10,8,2,80.0,179.99024485731448,98.56646097670432,379.86679196064296,1439.9219588585158,6
0.16,32,25,5005075,greedy,1780,10,10,8,2,80.0,186.917794245706,131.06653577217475,379.86679196064296,1495.342353965648,6
0.16,32,25,5005075,global_min_cost,1780,10,10,8,2,80.0,179.99024485731448,98.56646097670432,379.86679196064296,1439.9219588585158,6
0.16,8,26,5005076,greedy,1749,10,10,7,3,70.0,909.4325440804638,891.3756252845975,1779.2020919953707,6366.027808563247,9
0.16,8,26,5005076,global_min_cost,1749,10,10,7,3,70.0,837.4385021522165,404.7272257535278,1921.0332890045795,5862.0695150655165,11
0.16,10,26,5005076,greedy,1749,10,10,8,2,80.0,788.2828318611997,642.3822494590381,1763.3917203995406,6306.262654889598,6
0.16,10,26,5005076,global_min_cost,1749,10,10,8,2,80.0,731.738872059629,552.6871290102412,1607.7389209543603,5853.910976477032,6
0.16,12,26,5005076,greedy,1749,10,10,8,2,80.0,608.3819929205389,322.02529222009537,1724.5762977473153,4867.055943364311,6
0.16,12,26,5005076,global_min_cost,1749,10,10,8,2,80.0,510.63777735566106,228.58662581027156,1156.6528394033728,4085.102218845288,6
0.16,14,26,5005076,greedy,1749,10,10,8,2,80.0,436.55891739957224,322.02529222009537,861.3400927853031,3492.471339196578,6
0.16,14,26,5005076,global_min_cost,1749,10,10,8,2,80.0,356.68014561978083,159.2005757809219,871.5248858550573,2853.441164958247,6
0.16,16,26,5005076,greedy,1749,10,10,8,2,80.0,436.55891739957224,322.02529222009537,861.3400927853031,3492.471339196578,6
0.16,16,26,5005076,global_min_cost,1749,10,10,8,2,80.0,356.68014561978083,159.2005757809219,871.5248858550573,2853.441164958247,6
0.16,20,26,5005076,greedy,1749,10,10,8,2,80.0,208.81763410415297,159.2005757809219,377.58116847717696,1670.541072833224,6
0.16,20,26,5005076,global_min_cost,1749,10,10,8,2,80.0,195.75400977817662,132.323274806291,383.94124698831104,1566.0320782254132,6
0.16,24,26,5005076,greedy,1749,10,10,8,2,80.0,150.60611455698583,132.323274806291,275.5862984574532,1204.8489164558869,6
0.16,24,26,5005076,global_min_cost,1749,10,10,8,2,80.0,150.60611455698583,132.323274806291,275.5862984574532,1204.8489164558866,6
0.16,32,26,5005076,greedy,1749,10,10,8,2,80.0,132.48532037385107,126.73510538128755,212.12495073224,1059.8825629908088,6
0.16,32,26,5005076,global_min_cost,1749,10,10,8,2,80.0,132.48532037385107,126.73510538128755,212.12495073224,1059.8825629908085,6
0.16,8,27,5005077,greedy,1758,10,10,5,5,50.0,1226.2385865149,861.0860702327745,2431.097028857825,6131.1929325745,16
0.16,8,27,5005077,global_min_cost,1758,10,10,5,5,50.0,1006.5707874771142,409.4903271781673,2071.6848904262606,5032.853937385571,18
0.16,10,27,5005077,greedy,1758,10,10,7,3,70.0,1295.7866925576625,861.0860702327745,2589.3453197620665,9070.506847903638,10
0.16,10,27,5005077,global_min_cost,1758,10,10,7,3,70.0,976.5689658594567,694.982069936173,1988.4121035516866,6835.982761016198,10
0.16,12,27,5005077,greedy,1758,10,10,7,3,70.0,588.9602547991924,452.56771261610527,958.3460085254285,4122.721783594347,10
0.16,12,27,5005077,global_min_cost,1758,10,10,7,3,70.0,562.7230516496351,452.56771261610527,919.676792606448,3939.0613615474454,10
0.16,14,27,5005077,greedy,1758,10,10,7,3,70.0,487.98263577630763,401.3034205342601,958.3460085254285,3415.878450434154,10
0.16,14,27,5005077,global_min_cost,1758,10,10,7,3,70.0,461.74543262675024,401.3034205342601,820.0143924284872,3232.2180283872517,10
0.16,16,27,5005077,greedy,1758,10,10,7,3,70.0,473.979675468362,401.3034205342601,958.3460085254285,3317.8577282785345,10
0.16,16,27,5005077,global_min_cost,1758,10,10,7,3,70.0,447.74247231880463,401.3034205342601,820.0143924284872,3134.1973062316324,10
0.16,20,27,5005077,greedy,1758,10,10,7,3,70.0,473.979675468362,401.3034205342601,958.3460085254285,3317.8577282785345,10
0.16,20,27,5005077,global_min_cost,1758,10,10,7,3,70.0,447.74247231880463,401.3034205342601,820.0143924284872,3134.1973062316324,10
0.16,24,27,5005077,greedy,1758,10,10,7,3,70.0,473.979675468362,401.3034205342601,958.3460085254285,3317.8577282785345,10
0.16,24,27,5005077,global_min_cost,1758,10,10,7,3,70.0,447.74247231880463,401.3034205342601,820.0143924284872,3134.1973062316324,10
0.16,32,27,5005077,greedy,1758,10,10,7,3,70.0,370.23084283022854,205.50702915442642,752.8027772006124,2591.6158998116,10
0.16,32,27,5005077,global_min_cost,1758,10,10,7,3,70.0,340.3158013989436,310.8673156270293,576.5955875594647,2382.2106097926053,10
0.16,8,28,5005078,greedy,1893,10,10,5,5,50.0,439.26630265775583,222.46953224669883,1010.8674490024239,2196.331513288779,10
0.16,8,28,5005078,global_min_cost,1893,10,10,6,4,60.0,294.4589812988718,223.66902781757616,623.6163505733743,1766.7538877932307,7
0.16,10,28,5005078,greedy,1893,10,10,5,5,50.0,439.26630265775583,222.46953224669883,1010.8674490024239,2196.331513288779,10
0.16,10,28,5005078,global_min_cost,1893,10,10,6,4,60.0,277.7716818925148,223.66902781757616,573.5544523543033,1666.6300913550888,7
0.16,12,28,5005078,greedy,1893,10,10,5,5,50.0,439.26630265775583,222.46953224669883,1010.8674490024239,2196.331513288779,10
0.16,12,28,5005078,global_min_cost,1893,10,10,6,4,60.0,277.7716818925148,223.66902781757616,573.5544523543033,1666.6300913550888,7
0.16,14,28,5005078,greedy,1893,10,10,6,4,60.0,867.2331579732904,430.9336849058675,2132.790645589156,5203.3989478397425,8
0.16,14,28,5005078,global_min_cost,1893,10,10,7,3,70.0,634.9201112605424,394.2800838960398,1543.9129953859797,4444.440778823797,5
0.16,16,28,5005078,greedy,1893,10,10,8,2,80.0,1357.0218377612307,948.9558470961927,3226.5034672366714,10856.174702089846,5
0.16,16,28,5005078,global_min_cost,1893,10,10,9,1,90.0,1099.087259356641,425.7943707111137,3057.4902302048413,9891.78533420977,1
0.16,20,28,5005078,greedy,1893,10,10,9,1,90.0,849.1035011238438,780.2432124438207,2011.0405659309495,7641.931510114595,1
0.16,20,28,5005078,global_min_cost,1893,10,10,9,1,90.0,501.9022234853805,437.2012439384591,894.4673700366762,4517.1200113684245,1
0.16,24,28,5005078,greedy,1893,10,10,9,1,90.0,419.66367673973525,490.6047064276341,709.3628017730282,3776.973090657617,1
0.16,24,28,5005078,global_min_cost,1893,10,10,9,1,90.0,336.43648262603483,386.41228603553424,678.5527390996486,3027.9283436343135,1
0.16,32,28,5005078,greedy,1893,10,10,9,1,90.0,233.19513619068042,171.31942547455617,466.5084586075758,2098.756225716124,1
0.16,32,28,5005078,global_min_cost,1893,10,10,9,1,90.0,222.7640435218862,171.31942547455617,459.36642006001625,2004.8763916969756,1
0.16,8,29,5005079,greedy,1764,10,10,7,3,70.0,1679.2832390276014,1063.5260232699661,3387.7531999172875,11754.982673193212,9
0.16,8,29,5005079,global_min_cost,1764,10,10,7,3,70.0,1362.4132253500977,1160.5619771926401,2805.623870902615,9536.892577450684,7
0.16,10,29,5005079,greedy,1764,10,10,9,1,90.0,1213.661404368281,587.2906982966376,2852.6710580816507,10922.952639314528,3
0.16,10,29,5005079,global_min_cost,1764,10,10,9,1,90.0,1138.582743457969,541.0964498827379,2718.196503154353,10247.24469112172,3
0.16,12,29,5005079,greedy,1764,10,10,9,1,90.0,818.4821389455918,587.2906982966376,1683.7814901839693,7366.339250510326,3
0.16,12,29,5005079,global_min_cost,1764,10,10,9,1,90.0,791.1127615730514,404.81858305402886,1635.070149028783,7120.014854157464,3
0.16,14,29,5005079,greedy,1764,10,10,9,1,90.0,466.1131559804841,376.1382813767989,730.126244679813,4195.018403824357,3
0.16,14,29,5005079,global_min_cost,1764,10,10,9,1,90.0,414.42629715097564,404.81858305402886,681.8923660962785,3729.8366743587812,3
0.16,16,29,5005079,greedy,1764,10,10,9,1,90.0,466.1131559804841,376.1382813767989,730.126244679813,4195.018403824357,3
0.16,16,29,5005079,global_min_cost,1764,10,10,9,1,90.0,401.6408543538787,376.1382813767989,681.8923660962785,3614.7676891849087,3
0.16,20,29,5005079,greedy,1764,10,10,9,1,90.0,387.0266366155813,376.1382813767989,609.1553229149703,3483.2397295402316,3
0.16,20,29,5005079,global_min_cost,1764,10,10,9,1,90.0,339.94714623097394,340.423154309507,561.5871839715958,3059.524316078766,3
0.16,24,29,5005079,greedy,1764,10,10,9,1,90.0,381.63588465713923,376.1382813767989,609.1553229149703,3434.7229619142527,3
0.16,24,29,5005079,global_min_cost,1764,10,10,9,1,90.0,334.55639427253186,340.423154309507,561.5871839715958,3011.007548452787,3
0.16,32,29,5005079,greedy,1764,10,10,9,1,90.0,280.26514320381153,285.8160512509973,452.9569649507413,2522.3862888343037,3
0.16,32,29,5005079,global_min_cost,1764,10,10,9,1,90.0,261.6811648148727,258.17928069565494,405.5948499181794,2355.1304833338545,3
0.16,8,30,5005080,greedy,1841,10,10,7,3,70.0,1146.0921613530093,921.0361844872642,1685.9223267448465,8022.645129471064,14
0.16,8,30,5005080,global_min_cost,1841,10,10,7,3,70.0,784.511505020633,1035.506899809119,1048.9163184524634,5491.5805351444305,11
0.16,10,30,5005080,greedy,1841,10,10,8,2,80.0,1150.5042526046655,905.7207162263885,1740.2639646298205,9204.034020837324,10
0.16,10,30,5005080,global_min_cost,1841,10,10,8,2,80.0,842.3578674478923,1036.8141396981619,1108.539439432663,6738.8629395831385,10
0.16,12,30,5005080,greedy,1841,10,10,9,1,90.0,1134.5328648820907,817.397821372687,1901.0430805309938,10210.795783938816,5
0.16,12,30,5005080,global_min_cost,1841,10,10,9,1,90.0,924.7797994916067,921.0361844872642,1525.136425754698,8323.01819542446,5
0.16,14,30,5005080,greedy,1841,10,10,9,1,90.0,666.6066343137912,744.0470343399394,958.058996442594,5999.459708824121,5
0.16,14,30,5005080,global_min_cost,1841,10,10,9,1,90.0,572.9935766476513,397.58112390509643,1120.4513782564006,5156.942189828862,5
0.16,16,30,5005080,greedy,1841,10,10,9,1,90.0,504.35690896240254,575.713181670273,749.1156571272633,4539.212180661623,5
0.16,16,30,5005080,global_min_cost,1841,10,10,9,1,90.0,458.2641083689972,425.25959340858816,777.6042649782153,4124.376975320974,5
0.16,20,30,5005080,greedy,1841,10,10,9,1,90.0,471.70047996320767,516.5831758980736,743.3215812461099,4245.3043196688695,5
0.16,20,30,5005080,global_min_cost,1841,10,10,9,1,90.0,437.19414383752024,425.25959340858816,644.7777822336714,3934.747294537682,5
0.16,24,30,5005080,greedy,1841,10,10,10,0,100.0,423.7050451197986,427.0476097520001,721.1072558409654,4237.050451197986,0
0.16,24,30,5005080,global_min_cost,1841,10,10,10,0,100.0,384.1850421664194,321.2976020961613,610.245481951972,3841.850421664194,0
0.16,32,30,5005080,greedy,1841,10,10,10,0,100.0,329.8374051557187,208.79076956821564,610.245481951972,3298.374051557187,0
0.16,32,30,5005080,global_min_cost,1841,10,10,10,0,100.0,329.8374051557187,208.79076956821564,610.245481951972,3298.374051557187,0
0.16,8,31,5005081,greedy,1859,10,10,6,4,60.0,867.1047496196144,775.2431575614266,1277.5369089932497,5202.6284977176865,15
0.16,8,31,5005081,global_min_cost,1859,10,10,6,4,60.0,690.2775866430799,685.6980681259513,1219.5246496633517,4141.6655198584795,17
0.16,10,31,5005081,greedy,1859,10,10,8,2,80.0,780.5811839629988,713.7455244685154,1248.913552263284,6244.64947170399,7
0.16,10,31,5005081,global_min_cost,1859,10,10,8,2,80.0,637.0593957556703,500.4630345185006,1248.913552263284,5096.475166045362,9
0.16,12,31,5005081,greedy,1859,10,10,9,1,90.0,677.6191183094903,650.3960905892887,1202.7979587900115,6098.572064785413,4
0.16,12,31,5005081,global_min_cost,1859,10,10,9,1,90.0,655.9134209423141,777.0949583477421,1202.7979587900115,5903.220788480827,4
0.16,14,31,5005081,greedy,1859,10,10,9,1,90.0,639.2712473784196,529.2627316202467,1202.7979587900115,5753.441226405777,4
0.16,14,31,5005081,global_min_cost,1859,10,10,9,1,90.0,595.9860534115243,571.2204640663579,1008.205815515648,5363.874480703717,4
0.16,16,31,5005081,greedy,1859,10,10,9,1,90.0,452.22842400058266,355.07166274443307,936.0205079934321,4070.0558160052437,4
0.16,16,31,5005081,global_min_cost,1859,10,10,9,1,90.0,452.22842400058266,355.07166274443307,936.0205079934321,4070.0558160052437,4
0.16,20,31,5005081,greedy,1859,10,10,9,1,90.0,452.22842400058266,355.07166274443307,936.0205079934321,4070.0558160052437,4
0.16,20,31,5005081,global_min_cost,1859,10,10,9,1,90.0,452.22842400058266,355.07166274443307,936.0205079934321,4070.0558160052437,4
0.16,24,31,5005081,greedy,1859,10,10,9,1,90.0,438.02098539974725,310.7805980462695,936.0205079934321,3942.188868597725,4
0.16,24,31,5005081,global_min_cost,1859,10,10,9,1,90.0,437.1293488924965,355.07166274443307,936.0205079934321,3934.1641400324684,4
0.16,32,31,5005081,greedy,1859,10,10,9,1,90.0,396.20168474207895,191.66471096460955,901.0284109391484,3565.8151626787107,4
0.16,32,31,5005081,global_min_cost,1859,10,10,9,1,90.0,395.31004823482823,159.4562287310665,901.0284109391484,3557.7904341134545,4
0.16,8,32,5005082,greedy,1800,10,10,5,5,50.0,740.4350087282193,591.132814822043,1127.403232958661,3702.1750436410957,15
0.16,8,32,5005082,global_min_cost,1800,10,10,5,5,50.0,445.3284620869777,498.31683240427856,636.4171006462332,2226.6423104348887,15
0.16,10,32,5005082,greedy,1800,10,10,7,3,70.0,779.9534249602707,591.132814822043,1225.6620673838352,5459.673974721895,8
0.16,10,32,5005082,global_min_cost,1800,10,10,7,3,70.0,462.52120007245713,422.82349176901835,597.3201659500488,3237.6484005072,9
0.16,12,32,5005082,greedy,1800,10,10,9,1,90.0,617.7362785448887,553.5183051841805,947.4016357560727,5559.626506903999,3
0.16,12,32,5005082,global_min_cost,1800,10,10,9,1,90.0,551.8847026647602,544.441018956844,965.127763619906,4966.962323982842,3
0.16,14,32,5005082,greedy,1800,10,10,9,1,90.0,514.6121015085022,427.3318820498201,909.4547063441568,4631.50891357652,3
0.16,14,32,5005082,global_min_cost,1800,10,10,9,1,90.0,481.81664090978643,426.28740114563595,888.5461968057218,4336.349768188078,3
0.16,16,32,5005082,greedy,1800,10,10,9,1,90.0,478.19418018445526,388.61009925927317,858.1327265487615,4303.747621660097,3
0.16,16,32,5005082,global_min_cost,1800,10,10,9,1,90.0,435.5220627453343,367.529374835766,896.2905533638312,3919.6985647080096,3
0.16,20,32,5005082,greedy,1800,10,10,10,0,100.0,365.1815158311887,291.9858129900616,732.369681959808,3651.815158311887,0
0.16,20,32,5005082,global_min_cost,1800,10,10,10,0,100.0,326.644012424429,260.0240469623529,661.1585881530317,3266.440124244289,0
0.16,24,32,5005082,greedy,1800,10,10,10,0,100.0,300.14254440625035,260.0240469623529,639.9536989914993,3001.4254440625036,0
0.16,24,32,5005082,global_min_cost,1800,10,10,10,0,100.0,296.0260633981913,216.39355545298747,748.3501003446327,2960.260633981913,0
0.16,32,32,5005082,greedy,1800,10,10,10,0,100.0,297.0550495203441,260.0240469623529,639.9536989914993,2970.550495203441,0
0.16,32,32,5005082,global_min_cost,1800,10,10,10,0,100.0,288.48576687207446,216.39355545298747,636.670556481996,2884.857668720745,0
0.16,8,33,5005083,greedy,1882,10,10,7,3,70.0,685.1816871834188,395.94378008403766,1525.7891710560427,4796.271810283932,13
0.16,8,33,5005083,global_min_cost,1882,10,10,7,3,70.0,549.7244529822378,418.47404344337815,1137.4789220803905,3848.0711708756644,12
0.16,10,33,5005083,greedy,1882,10,10,8,2,80.0,783.3983234846014,570.6839186992838,1714.9674095751097,6267.186587876811,10
0.16,10,33,5005083,global_min_cost,1882,10,10,8,2,80.0,620.3747325680804,281.3349151723753,1383.767497594191,4962.997860544644,10
0.16,12,33,5005083,greedy,1882,10,10,8,2,80.0,397.9815387186128,261.125515536251,913.513478417985,3183.8523097489024,10
0.16,12,33,5005083,global_min_cost,1882,10,10,8,2,80.0,363.67217499079925,261.125515536251,655.7860726497323,2909.377399926394,10
0.16,14,33,5005083,greedy,1882,10,10,8,2,80.0,378.0580097262261,181.43139956670402,913.513478417985,3024.4640778098083,10
0.16,14,33,5005083,global_min_cost,1882,10,10,8,2,80.0,343.7486459984125,181.43139956670402,655.7860726497323,2749.9891679872994,10
0.16,16,33,5005083,greedy,1882,10,10,8,2,80.0,231.34968495378533,159.77520521964567,458.77923582185224,1850.7974796302824,10
0.16,16,33,5005083,global_min_cost,1882,10,10,8,2,80.0,231.34968495378533,159.77520521964567,458.77923582185224,1850.7974796302826,10
0.16,20,33,5005083,greedy,1882,10,10,8,2,80.0,231.34968495378533,159.77520521964567,458.77923582185224,1850.7974796302824,10
0.16,20,33,5005083,global_min_cost,1882,10,10,8,2,80.0,231.34968495378533,159.77520521964567,458.77923582185224,1850.7974796302826,10
0.16,24,33,5005083,greedy,1882,10,10,8,2,80.0,231.34968495378533,159.77520521964567,458.77923582185224,1850.7974796302824,10
0.16,24,33,5005083,global_min_cost,1882,10,10,8,2,80.0,231.34968495378533,159.77520521964567,458.77923582185224,1850.7974796302826,10
0.16,32,33,5005083,greedy,1882,10,10,8,2,80.0,212.80267155902467,159.77520521964567,354.9159608111926,1702.4213724721972,10
0.16,32,33,5005083,global_min_cost,1882,10,10,8,2,80.0,212.80267155902467,159.77520521964567,354.9159608111926,1702.4213724721974,10
0.16,8,34,5005084,greedy,1827,10,10,5,5,50.0,672.2401496127221,790.8956806580532,951.8850357731684,3361.2007480636107,13
0.16,8,34,5005084,global_min_cost,1827,10,10,5,5,50.0,583.0433992407416,596.2481348066088,926.52469746021,2915.216996203708,13
0.16,10,34,5005084,greedy,1827,10,10,5,5,50.0,672.2401496127221,790.8956806580532,951.8850357731684,3361.2007480636107,13
0.16,10,34,5005084,global_min_cost,1827,10,10,5,5,50.0,583.0433992407416,596.2481348066088,926.52469746021,2915.216996203708,13
0.16,12,34,5005084,greedy,1827,10,10,5,5,50.0,613.9328417659669,499.3591414242772,951.8850357731684,3069.664208829835,13
0.16,12,34,5005084,global_min_cost,1827,10,10,5,5,50.0,553.6783376652106,596.2481348066088,838.4295127336169,2768.3916883260526,13
0.16,14,34,5005084,greedy,1827,10,10,5,5,50.0,553.7187630508143,430.44530741938195,951.8850357731684,2768.5938152540716,13
0.16,14,34,5005084,global_min_cost,1827,10,10,5,5,50.0,488.6592718507303,523.4647494712808,766.2948539804639,2443.2963592536516,13
0.16,16,34,5005084,greedy,1827,10,10,5,5,50.0,553.7187630508143,430.44530741938195,951.8850357731684,2768.5938152540716,13
0.16,16,34,5005084,global_min_cost,1827,10,10,5,5,50.0,488.6592718507303,523.4647494712808,766.2948539804639,2443.2963592536516,13
0.16,20,34,5005084,greedy,1827,10,10,7,3,70.0,387.41027853409065,301.09913092973557,717.2893122291784,2711.8719497386346,8
0.16,20,34,5005084,global_min_cost,1827,10,10,7,3,70.0,387.41027853409065,301.09913092973557,717.2893122291784,2711.8719497386346,8
0.16,24,34,5005084,greedy,1827,10,10,7,3,70.0,385.1985083548759,285.61673967523257,717.2893122291784,2696.3895584841316,8
0.16,24,34,5005084,global_min_cost,1827,10,10,7,3,70.0,385.1985083548759,285.61673967523257,717.2893122291784,2696.3895584841316,8
0.16,32,34,5005084,greedy,1827,10,10,7,3,70.0,385.1985083548759,285.61673967523257,717.2893122291784,2696.3895584841316,8
0.16,32,34,5005084,global_min_cost,1827,10,10,7,3,70.0,385.1985083548759,285.61673967523257,717.2893122291784,2696.3895584841316,8
0.16,8,35,5005085,greedy,1874,10,10,7,3,70.0,700.2091425439735,464.416929928156,1522.244095635886,4901.463997807814,8
0.16,8,35,5005085,global_min_cost,1874,10,10,7,3,70.0,687.8672051139928,384.12722419469065,1734.7139410733262,4815.07043579795,8
0.16,10,35,5005085,greedy,1874,10,10,7,3,70.0,491.31831998276675,301.9576187776269,1012.2162106327435,3439.2282398793673,8
0.16,10,35,5005085,global_min_cost,1874,10,10,7,3,70.0,463.25589701901015,301.9576187776269,1012.2162106327435,3242.791279133071,8
0.16,12,35,5005085,greedy,1874,10,10,7,3,70.0,445.95897005467674,263.0821102183396,946.828248582024,3121.712790382737,8
0.16,12,35,5005085,global_min_cost,1874,10,10,7,3,70.0,417.8965470909201,263.0821102183396,946.828248582024,2925.2758296364404,8
0.16,14,35,5005085,greedy,1874,10,10,7,3,70.0,445.95897005467674,263.0821102183396,946.828248582024,3121.712790382737,8
0.16,14,35,5005085,global_min_cost,1874,10,10,7,3,70.0,417.8965470909201,263.0821102183396,946.828248582024,2925.2758296364404,8
0.16,16,35,5005085,greedy,1874,10,10,7,3,70.0,444.66230775465226,263.0821102183396,946.828248582024,3112.6361542825653,8
0.16,16,35,5005085,global_min_cost,1874,10,10,7,3,70.0,417.8965470909201,263.0821102183396,946.828248582024,2925.2758296364404,8
0.16,20,35,5005085,greedy,1874,10,10,7,3,70.0,410.22975326920334,263.0821102183396,946.828248582024,2871.608272884423,8
0.16,20,35,5005085,global_min_cost,1874,10,10,7,3,70.0,402.97830280809364,263.0821102183396,946.828248582024,2820.8481196566554,8
0.16,24,35,5005085,greedy,1874,10,10,7,3,70.0,322.63328026871216,140.05421386872158,768.4855390466137,2258.432961880985,8
0.16,24,35,5005085,global_min_cost,1874,10,10,7,3,70.0,310.23888844640857,82.15539589578107,786.1174464006374,2171.67221912486,8
0.16,32,35,5005085,greedy,1874,10,10,7,3,70.0,322.63328026871216,140.05421386872158,768.4855390466137,2258.432961880985,8
0.16,32,35,5005085,global_min_cost,1874,10,10,7,3,70.0,305.5597977094345,82.15539589578107,738.5058052422926,2138.918583966042,8
0.16,8,36,5005086,greedy,1868,10,10,7,3,70.0,953.2221055990615,661.6643781706874,1831.3682263740386,6672.55473919343,9
0.16,8,36,5005086,global_min_cost,1868,10,10,7,3,70.0,749.5408353018877,661.6643781706874,1478.6490387457657,5246.785847113213,9
0.16,10,36,5005086,greedy,1868,10,10,9,1,90.0,1116.8205300369202,661.6643781706874,2343.939870263246,10051.384770332283,1
0.16,10,36,5005086,global_min_cost,1868,10,10,9,1,90.0,892.3670857894982,791.6693953914717,1806.1879048415003,8031.303772105483,5
0.16,12,36,5005086,greedy,1868,10,10,10,0,100.0,900.1106698082783,654.4607285227416,1777.6557188566696,9001.106698082784,0
0.16,12,36,5005086,global_min_cost,1868,10,10,10,0,100.0,735.1275905547193,635.463576539033,1405.426769730589,7351.275905547192,0
0.16,14,36,5005086,greedy,1868,10,10,10,0,100.0,742.434736071539,641.6271834838428,1479.1158343583165,7424.347360715389,0
0.16,14,36,5005086,global_min_cost,1868,10,10,10,0,100.0,582.0228557167849,406.44985839269236,1232.3551908979612,5820.228557167848,0
0.16,16,36,5005086,greedy,1868,10,10,10,0,100.0,567.7011747066799,586.6235942427298,941.9874318166233,5677.011747066799,0
0.16,16,36,5005086,global_min_cost,1868,10,10,10,0,100.0,491.1570882968601,353.49978293152094,995.2305513879176,4911.570882968601,0
0.16,20,36,5005086,greedy,1868,10,10,10,0,100.0,446.0176971306372,397.22301317940054,806.1235527467179,4460.176971306372,0
0.16,20,36,5005086,global_min_cost,1868,10,10,10,0,100.0,376.31143663237026,350.95435397326537,624.1033297349686,3763.114366323702,0
0.16,24,36,5005086,greedy,1868,10,10,10,0,100.0,282.0547439166186,323.43557823483803,378.9103226059735,2820.547439166186,0
0.16,24,36,5005086,global_min_cost,1868,10,10,10,0,100.0,282.0547439166186,264.0809044157857,394.5842756466029,2820.5474391661855,0
0.16,32,36,5005086,greedy,1868,10,10,10,0,100.0,242.24741326520325,211.1332827241049,369.06677734229476,2422.4741326520325,0
0.16,32,36,5005086,global_min_cost,1868,10,10,10,0,100.0,242.24741326520325,211.1332827241049,369.06677734229476,2422.4741326520325,0
0.16,8,37,5005087,greedy,1832,10,10,6,4,60.0,1675.3731282604085,1286.0243301678458,3461.1410506325465,10052.238769562451,15
0.16,8,37,5005087,global_min_cost,1832,10,10,6,4,60.0,1133.5439447836952,646.072182537589,2550.885351352578,6801.263668702171,15
0.16,10,37,5005087,greedy,1832,10,10,7,3,70.0,1753.0758256317508,1605.586977355701,3382.316793469494,12271.530779422257,12
0.16,10,37,5005087,global_min_cost,1832,10,10,7,3,70.0,1285.5714426672826,882.893369400062,2605.2678907339505,8999.000098670978,12
0.16,12,37,5005087,greedy,1832,10,10,8,2,80.0,846.4996072448032,526.6053323752301,1672.065876579397,6771.996857958426,9
0.16,12,37,5005087,global_min_cost,1832,10,10,8,2,80.0,812.160995298322,484.82117558526573,1696.1242251937194,6497.287962386576,9
0.16,14,37,5005087,greedy,1832,10,10,8,2,80.0,596.1119193913316,487.2127000044897,1019.6017738532134,4768.895355130653,9
0.16,14,37,5005087,global_min_cost,1832,10,10,8,2,80.0,540.5077440077723,437.9447378323983,930.1204773597401,4324.0619520621785,9
0.16,16,37,5005087,greedy,1832,10,10,8,2,80.0,452.27939444954166,293.47846468372927,867.2513897025636,3618.2351555963337,9
0.16,16,37,5005087,global_min_cost,1832,10,10,8,2,80.0,396.6752190659824,285.99465930160227,666.6376513321092,3173.4017525278587,9
0.16,20,37,5005087,greedy,1832,10,10,9,1,90.0,344.29029240966,248.3647640171266,637.6752758502429,3098.6126316869404,5
0.16,20,37,5005087,global_min_cost,1832,10,10,9,1,90.0,339.94494119821246,256.4911984338234,602.7352844145223,3059.5044707839124,5
0.16,24,37,5005087,greedy,1832,10,10,9,1,90.0,233.57086845189616,179.90632389380607,400.8141796999655,2102.1378160670656,5
0.16,24,37,5005087,global_min_cost,1832,10,10,9,1,90.0,233.57086845189616,179.90632389380607,400.8141796999655,2102.1378160670656,5
0.16,32,37,5005087,greedy,1832,10,10,9,1,90.0,171.70463730499583,147.22866657246368,270.8757883639219,1545.3417357449625,5
0.16,32,37,5005087,global_min_cost,1832,10,10,9,1,90.0,171.70463730499583,147.22866657246368,270.8757883639219,1545.3417357449623,5
0.16,8,38,5005088,greedy,1839,10,10,8,2,80.0,1092.7475587462118,783.6257119639347,2373.0695375172245,8741.980469969694,9
0.16,8,38,5005088,global_min_cost,1839,10,10,8,2,80.0,883.3356717702333,530.3729595164538,1785.1214805728052,7066.685374161866,7
0.16,10,38,5005088,greedy,1839,10,10,9,1,90.0,788.435835311865,553.4702344720392,1441.0300764151782,7095.922517806785,4
0.16,10,38,5005088,global_min_cost,1839,10,10,9,1,90.0,575.5267151820467,515.9821996531866,1005.0985228167781,5179.74043663842,4
0.16,12,38,5005088,greedy,1839,10,10,9,1,90.0,649.7563929077086,513.414162598736,1327.0819427105494,5847.807536169376,4
0.16,12,38,5005088,global_min_cost,1839,10,10,9,1,90.0,425.4696465562549,466.48055164649867,621.0273044768256,3829.226819006293,4
0.16,14,38,5005088,greedy,1839,10,10,9,1,90.0,319.51186784069563,358.9409901092586,542.8812984842507,2875.6068105662603,4
0.16,14,38,5005088,global_min_cost,1839,10,10,9,1,90.0,319.51186784069563,358.9409901092586,542.8812984842507,2875.6068105662603,4
0.16,16,38,5005088,greedy,1839,10,10,9,1,90.0,309.6853630439456,358.9409901092586,542.8812984842507,2787.16826739551,4
0.16,16,38,5005088,global_min_cost,1839,10,10,9,1,90.0,309.6853630439456,358.9409901092586,542.8812984842507,2787.16826739551,4
0.16,20,38,5005088,greedy,1839,10,10,9,1,90.0,290.60140846787516,341.6585714141022,444.58571380267335,2615.4126762108767,4
0.16,20,38,5005088,global_min_cost,1839,10,10,9,1,90.0,290.60140846787516,341.6585714141022,444.58571380267335,2615.412676210877,4
0.16,24,38,5005088,greedy,1839,10,10,9,1,90.0,263.03879741867223,247.97686496506472,423.37108683579254,2367.3491767680503,4
0.16,24,38,5005088,global_min_cost,1839,10,10,9,1,90.0,263.03879741867223,247.97686496506472,423.37108683579254,2367.3491767680503,4
0.16,32,38,5005088,greedy,1839,10,10,9,1,90.0,251.72284158810132,224.3059017782903,423.37108683579254,2265.5055742929117,4
0.16,32,38,5005088,global_min_cost,1839,10,10,9,1,90.0,251.72284158810132,224.3059017782903,423.37108683579254,2265.505574292912,4
0.16,8,39,5005089,greedy,1838,10,10,8,2,80.0,1032.372650798492,683.9443167755237,2091.4847923774532,8258.981206387936,7
0.16,8,39,5005089,global_min_cost,1838,10,10,8,2,80.0,497.252819159536,324.8934547217217,891.4436294487866,3978.022553276288,6
0.16,10,39,5005089,greedy,1838,10,10,10,0,100.0,759.7205372771228,510.1234208137097,1887.0118778267752,7597.205372771228,0
0.16,10,39,5005089,global_min_cost,1838,10,10,10,0,100.0,571.1302015234332,429.7915647485811,1013.0170447687867,5711.302015234333,0
0.16,12,39,5005089,greedy,1838,10,10,10,0,100.0,708.8855260711962,367.08318998736837,1887.0118778267752,7088.855260711962,0
0.16,12,39,5005089,global_min_cost,1838,10,10,10,0,100.0,535.3644586423733,338.8279888708215,1013.0170447687867,5353.644586423733,0
0.16,14,39,5005089,greedy,1838,10,10,10,0,100.0,528.1910566922295,348.3965406422136,995.5563210279549,5281.910566922295,0
0.16,14,39,5005089,global_min_cost,1838,10,10,10,0,100.0,510.1940719339068,313.4986437382952,1013.0170447687867,5101.940719339069,0
0.16,16,39,5005089,greedy,1838,10,10,10,0,100.0,366.1286191531609,313.4986437382952,499.14445145928624,3661.286191531609,0
0.16,16,39,5005089,global_min_cost,1838,10,10,10,0,100.0,361.7519781339045,313.4986437382952,499.14445145928624,3617.519781339045,0
0.16,20,39,5005089,greedy,1838,10,10,10,0,100.0,337.79608407382466,280.6803606563228,481.78639971932796,3377.9608407382466,0
0.16,20,39,5005089,global_min_cost,1838,10,10,10,0,100.0,332.4874153135494,297.77132666815146,476.3790515718037,3324.8741531354935,0
0.16,24,39,5005089,greedy,1838,10,10,10,0,100.0,314.87197155406625,271.10896471983244,481.78639971932796,3148.719715540662,0
0.16,24,39,5005089,global_min_cost,1838,10,10,10,0,100.0,309.56330279379097,289.9519563886789,476.3790515718037,3095.6330279379094,0
0.16,32,39,5005089,greedy,1838,10,10,10,0,100.0,291.1208817525936,265.8233286991339,481.78639971932796,2911.208817525936,0
0.16,32,39,5005089,global_min_cost,1838,10,10,10,0,100.0,290.18885401157473,271.10896471983244,476.3790515718037,2901.888540115747,0
0.16,8,40,5005090,greedy,1764,10,10,6,4,60.0,1499.2128755004248,1228.2731734249842,2721.796385386137,8995.277253002549,6
0.16,8,40,5005090,global_min_cost,1764,10,10,6,4,60.0,818.8961366751302,618.2889255009686,1318.7551867744378,4913.37682005078,7
0.16,10,40,5005090,greedy,1764,10,10,8,2,80.0,1294.3817625898273,1228.2731734249842,2204.9954333468395,10355.054100718618,3
0.16,10,40,5005090,global_min_cost,1764,10,10,8,2,80.0,870.383953760144,658.1567312252992,1545.2670984234117,6963.071630081152,4
0.16,12,40,5005090,greedy,1764,10,10,9,1,90.0,902.1485065337396,620.0936623643836,1765.7001862795894,8119.336558803657,2
0.16,12,40,5005090,global_min_cost,1764,10,10,9,1,90.0,881.0617509362361,660.5146458492875,1449.650694392033,7929.555758426126,2
0.16,14,40,5005090,greedy,1764,10,10,9,1,90.0,696.2780426118937,520.624254318463,1441.8818254457542,6266.502383507044,2
0.16,14,40,5005090,global_min_cost,1764,10,10,9,1,90.0,685.1783078144604,571.6049398763804,1275.214960773501,6166.604770330143,2
0.16,16,40,5005090,greedy,1764,10,10,9,1,90.0,546.1835617446901,518.6643411815053,927.1041096428107,4915.65205570221,2
0.16,16,40,5005090,global_min_cost,1764,10,10,9,1,90.0,536.1513736485053,518.6643411815053,831.499955505105,4825.362362836548,2
0.16,20,40,5005090,greedy,1764,10,10,9,1,90.0,424.23452846965824,332.8247805560661,671.2466867426198,3818.1107562269244,2
0.16,20,40,5005090,global_min_cost,1764,10,10,9,1,90.0,411.9823143745715,335.16570969027566,632.5070322822404,3707.8408293711436,2
0.16,24,40,5005090,greedy,1764,10,10,9,1,90.0,419.75676053346945,332.8247805560661,667.6794907568558,3777.8108448012244,2
0.16,24,40,5005090,global_min_cost,1764,10,10,9,1,90.0,398.4804215229671,335.16570969027566,632.5070322822404,3586.3237937067033,2
0.16,32,40,5005090,greedy,1764,10,10,9,1,90.0,307.89756296708504,231.40795309878777,553.2930101908338,2771.078066703765,2
0.16,32,40,5005090,global_min_cost,1764,10,10,9,1,90.0,307.89756296708504,231.40795309878777,549.6801856953132,2771.078066703766,2
0.16,8,41,5005091,greedy,1786,10,10,7,3,70.0,1112.6142600792286,601.292734268039,2674.1548670756806,7788.299820554601,5
0.16,8,41,5005091,global_min_cost,1786,10,10,7,3,70.0,565.7667294004418,268.57807411522253,1269.270229039812,3960.3671058030927,5
0.16,10,41,5005091,greedy,1786,10,10,8,2,80.0,660.035658919265,366.98692004554255,1340.4085944915773,5280.28527135412,3
0.16,10,41,5005091,global_min_cost,1786,10,10,8,2,80.0,546.0367973710992,418.403660675727,1032.205308251567,4368.294378968794,3
0.16,12,41,5005091,greedy,1786,10,10,8,2,80.0,314.1508018077452,241.49172399074013,523.6337301935154,2513.2064144619617,3
0.16,12,41,5005091,global_min_cost,1786,10,10,8,2,80.0,306.05948375451356,241.49172399074013,552.5327994863947,2448.4758700361085,3
0.16,14,41,5005091,greedy,1786,10,10,8,2,80.0,310.9642045439242,233.7201207470749,523.6337301935154,2487.713636351394,3
0.16,14,41,5005091,global_min_cost,1786,10,10,8,2,80.0,302.8728864906926,233.7201207470749,552.5327994863947,2422.983091925541,3
0.16,16,41,5005091,greedy,1786,10,10,8,2,80.0,310.9642045439242,233.7201207470749,523.6337301935154,2487.713636351394,3
0.16,16,41,5005091,global_min_cost,1786,10,10,8,2,80.0,302.8728864906926,233.7201207470749,552.5327994863947,2422.983091925541,3
0.16,20,41,5005091,greedy,1786,10,10,8,2,80.0,305.0280996527562,225.56530391605855,523.6337301935154,2440.22479722205,3
0.16,20,41,5005091,global_min_cost,1786,10,10,8,2,80.0,294.9353604461535,233.7201207470749,552.5327994863947,2359.482883569228,3
0.16,24,41,5005091,greedy,1786,10,10,8,2,80.0,266.9578718864724,170.81505634557536,496.70054502317697,2135.662975091779,3
0.16,24,41,5005091,global_min_cost,1786,10,10,8,2,80.0,254.75756884278908,170.81505634557536,529.5224835398652,2038.0605507423127,3
0.16,32,41,5005091,greedy,1786,10,10,8,2,80.0,251.73410032459876,162.33716241444523,482.5987728930009,2013.8728025967903,3
0.16,32,41,5005091,global_min_cost,1786,10,10,8,2,80.0,243.64278227136714,162.33716241444523,519.6286645159838,1949.1422581709373,3
0.16,8,42,5005092,greedy,1867,10,10,8,2,80.0,376.3399770701974,345.0318461945111,517.0211001081979,3010.7198165615796,7
0.16,8,42,5005092,global_min_cost,1867,10,10,8,2,80.0,317.98201658762304,262.5005475850938,521.2247883039843,2543.8561327009843,5
0.16,10,42,5005092,greedy,1867,10,10,9,1,90.0,400.78349306632686,252.39433806933002,686.5413053431457,3607.051437596942,4
0.16,10,42,5005092,global_min_cost,1867,10,10,9,1,90.0,400.78349306632686,252.39433806933002,656.2297788931994,3607.051437596942,4
0.16,12,42,5005092,greedy,1867,10,10,9,1,90.0,377.2852935346655,200.46497580587985,664.2496192040064,3395.56764181199,4
0.16,12,42,5005092,global_min_cost,1867,10,10,9,1,90.0,377.2852935346655,200.46497580587985,664.2496192040064,3395.56764181199,4
0.16,14,42,5005092,greedy,1867,10,10,9,1,90.0,366.8038862446538,200.46497580587985,664.2496192040064,3301.234976201884,4
0.16,14,42,5005092,global_min_cost,1867,10,10,9,1,90.0,366.8038862446538,200.46497580587985,664.2496192040064,3301.2349762018844,4
0.16,16,42,5005092,greedy,1867,10,10,9,1,90.0,366.8038862446538,200.46497580587985,664.2496192040064,3301.234976201884,4
0.16,16,42,5005092,global_min_cost,1867,10,10,9,1,90.0,366.8038862446538,200.46497580587985,558.4719602659756,3301.2349762018844,4
0.16,20,42,5005092,greedy,1867,10,10,9,1,90.0,262.47483347965533,200.46497580587985,378.56935321730435,2362.2735013168976,4
0.16,20,42,5005092,global_min_cost,1867,10,10,9,1,90.0,259.5436257682046,195.14724691158267,447.5288053400671,2335.8926319138413,4
0.16,24,42,5005092,greedy,1867,10,10,9,1,90.0,223.35264974270135,195.14724691158267,359.46000789537857,2010.1738476843122,4
0.16,24,42,5005092,global_min_cost,1867,10,10,9,1,90.0,220.42144203125062,191.54893817028676,372.2962159208804,1983.7929782812553,4
0.16,32,42,5005092,greedy,1867,10,10,9,1,90.0,218.7226833480995,187.52072933566362,359.46000789537857,1968.5041501328958,4
0.16,32,42,5005092,global_min_cost,1867,10,10,9,1,90.0,215.79147563664878,185.13681252392246,372.2962159208804,1942.123280729839,4
0.16,8,43,5005093,greedy,1822,10,10,6,4,60.0,1387.3982494187246,996.5423989043215,2835.052930656672,8324.389496512347,13
0.16,8,43,5005093,global_min_cost,1822,10,10,6,4,60.0,1002.3907551892198,653.0264910879606,2191.1581101582233,6014.344531135318,14
0.16,10,43,5005093,greedy,1822,10,10,8,2,80.0,1137.1369913228887,782.6230714177356,2287.7358170113184,9097.09593058311,7
0.16,10,43,5005093,global_min_cost,1822,10,10,8,2,80.0,1042.9182063485239,710.3782071920434,2189.341946467553,8343.34565078819,7
0.16,12,43,5005093,greedy,1822,10,10,8,2,80.0,1081.3060296336896,711.5361209051379,2235.2767200212916,8650.448237069517,7
0.16,12,43,5005093,global_min_cost,1822,10,10,8,2,80.0,957.1715599353973,648.4952664323664,2106.0265000545933,7657.372479483179,7
0.16,14,43,5005093,greedy,1822,10,10,8,2,80.0,693.9638638620559,560.8759859962823,1310.5764099823357,5551.710910896447,7
0.16,14,43,5005093,global_min_cost,1822,10,10,8,2,80.0,608.6569560663773,590.8353549317555,1030.7485683860791,4869.255648531019,7
0.16,16,43,5005093,greedy,1822,10,10,8,2,80.0,631.4514438443128,560.8759859962823,1160.5466019397525,5051.611550754502,7
0.16,16,43,5005093,global_min_cost,1822,10,10,8,2,80.0,546.1445360486343,590.8353549317555,880.718760343496,4369.156288389075,7
0.16,20,43,5005093,greedy,1822,10,10,8,2,80.0,491.21061319239993,412.89113258645193,910.6475414296864,3929.6849055391995,7
0.16,20,43,5005093,global_min_cost,1822,10,10,8,2,80.0,451.4461029346129,422.26156532138174,769.958381597843,3611.568823476903,7
0.16,24,43,5005093,greedy,1822,10,10,8,2,80.0,431.27225384146726,269.48243563852753,910.6475414296864,3450.178030731738,7
0.16,24,43,5005093,global_min_cost,1822,10,10,8,2,80.0,413.2513205138994,269.48243563852753,769.958381597843,3306.010564111195,7
0.16,32,43,5005093,greedy,1822,10,10,8,2,80.0,430.3605738868291,265.8357158199749,910.6475414296864,3442.8845910946325,7
0.16,32,43,5005093,global_min_cost,1822,10,10,8,2,80.0,412.33964055926117,265.8357158199749,769.958381597843,3298.7171244740894,7
0.16,8,44,5005094,greedy,1823,10,10,8,2,80.0,1449.8801029728616,828.712660998742,3211.773454557195,11599.040823782892,10
0.16,8,44,5005094,global_min_cost,1823,10,10,8,2,80.0,1109.6708671569168,867.9565851363169,1941.46404675043,8877.366937255334,6
0.16,10,44,5005094,greedy,1823,10,10,9,1,90.0,1426.8146606988525,867.2028972613916,2807.1351116880996,12841.331946289672,5
0.16,10,44,5005094,global_min_cost,1823,10,10,9,1,90.0,1247.020282143665,1564.7154397085806,1871.9157099902163,11223.182539292984,5
0.16,12,44,5005094,greedy,1823,10,10,9,1,90.0,1216.7327724455354,867.2028972613916,2428.9877128321286,10950.594952009818,5
0.16,12,44,5005094,global_min_cost,1823,10,10,9,1,90.0,1215.1152013706114,1564.7154397085806,2190.5353108819113,10936.036812335502,5
0.16,14,44,5005094,greedy,1823,10,10,9,1,90.0,956.2896735510899,560.868250019372,2198.770258715627,8606.607061959809,5
0.16,14,44,5005094,global_min_cost,1823,10,10,9,1,90.0,932.0659026145576,592.1225394517934,1717.1536938898766,8388.59312353102,5
0.16,16,44,5005094,greedy,1823,10,10,9,1,90.0,923.5584258076926,560.868250019372,2173.7097362085124,8312.025832269233,5
0.16,16,44,5005094,global_min_cost,1823,10,10,9,1,90.0,911.0337814742605,560.868250019372,1678.274074176986,8199.304033268345,5
0.16,20,44,5005094,greedy,1823,10,10,9,1,90.0,824.5960694918559,455.52007065893764,1911.713974798005,7421.364625426703,5
0.16,20,44,5005094,global_min_cost,1823,10,10,9,1,90.0,713.0110899509328,255.7446939363749,1683.4362247333613,6417.099809558395,5
0.16,24,44,5005094,greedy,1823,10,10,9,1,90.0,819.9563300882503,439.7891953154693,1911.713974798005,7379.606970794253,5
0.16,24,44,5005094,global_min_cost,1823,10,10,9,1,90.0,679.8814814151949,215.59164186155974,1636.9837129314544,6118.933332736754,5
0.16,32,44,5005094,greedy,1823,10,10,9,1,90.0,353.1325857714801,367.3458244211062,621.9536147776619,3178.1932719433207,5
0.16,32,44,5005094,global_min_cost,1823,10,10,9,1,90.0,339.0932064528027,255.7446939363749,621.9536147776619,3051.8388580752244,5
0.16,8,45,5005095,greedy,1826,10,10,8,2,80.0,543.6801286927079,363.7797777975177,1102.064087228694,4349.441029541664,8
0.16,8,45,5005095,global_min_cost,1826,10,10,8,2,80.0,312.7209971779634,192.1155244502932,584.7729690799137,2501.767977423707,4
0.16,10,45,5005095,greedy,1826,10,10,9,1,90.0,234.5033656405296,215.23139843125762,382.5698798450384,2110.530290764767,3
0.16,10,45,5005095,global_min_cost,1826,10,10,9,1,90.0,228.8173512828364,195.01799177142587,382.5698798450384,2059.3561615455274,3
0.16,12,45,5005095,greedy,1826,10,10,9,1,90.0,234.5033656405296,215.23139843125762,382.5698798450384,2110.530290764767,3
0.16,12,45,5005095,global_min_cost,1826,10,10,9,1,90.0,228.8173512828364,195.01799177142587,382.5698798450384,2059.3561615455274,3
0.16,14,45,5005095,greedy,1826,10,10,9,1,90.0,226.10603183087932,215.23139843125762,382.5698798450384,2034.9542864779137,3
0.16,14,45,5005095,global_min_cost,1826,10,10,9,1,90.0,220.42001747318608,195.01799177142587,382.5698798450384,1983.7801572586748,3
0.16,16,45,5005095,greedy,1826,10,10,9,1,90.0,219.78405827343232,215.23139843125762,371.19032744163377,1978.056524460891,3
0.16,16,45,5005095,global_min_cost,1826,10,10,9,1,90.0,214.09804391573908,195.01799177142587,371.19032744163377,1926.882395241652,3
0.16,20,45,5005095,greedy,1826,10,10,9,1,90.0,161.3463428324053,144.4716499298162,226.64049911695605,1452.1170854916477,3
0.16,20,45,5005095,global_min_cost,1826,10,10,9,1,90.0,155.66032847471206,141.41659699449127,230.0087217668186,1400.9429562724085,3
0.16,24,45,5005095,greedy,1826,10,10,9,1,90.0,156.14591458577075,141.41659699449127,226.64049911695605,1405.3132312719367,3
0.16,24,45,5005095,global_min_cost,1826,10,10,9,1,90.0,150.45990022807754,129.07306730059088,230.0087217668186,1354.1391020526978,3
0.16,32,45,5005095,greedy,1826,10,10,9,1,90.0,150.19467331971572,141.41659699449127,226.64049911695605,1351.7520598774415,3
0.16,32,45,5005095,global_min_cost,1826,10,10,9,1,90.0,144.5086589620225,125.7074593087021,230.0087217668186,1300.5779306582024,3
0.16,8,46,5005096,greedy,1789,10,10,6,4,60.0,1375.3382045161718,1501.8616834517961,1938.1043270457099,8252.029227097031,9
0.16,8,46,5005096,global_min_cost,1789,10,10,6,4,60.0,1058.8165581040214,1028.8637671036272,1862.1507060127765,6352.899348624128,12
0.16,10,46,5005096,greedy,1789,10,10,8,2,80.0,956.733300548706,1026.4909318202847,1523.9394225636638,7653.866404389648,6
0.16,10,46,5005096,global_min_cost,1789,10,10,8,2,80.0,956.7333005487061,792.6285149599986,1758.294136477764,7653.866404389649,6
0.16,12,46,5005096,greedy,1789,10,10,8,2,80.0,956.733300548706,1026.4909318202847,1523.9394225636638,7653.866404389648,6
0.16,12,46,5005096,global_min_cost,1789,10,10,8,2,80.0,919.7675188449974,792.6285149599986,1535.6455417058082,7358.140150759979,6
0.16,14,46,5005096,greedy,1789,10,10,8,2,80.0,808.2325512795479,744.3547055270881,1421.7853810232848,6465.860410236383,6
0.16,14,46,5005096,global_min_cost,1789,10,10,8,2,80.0,750.8594722705293,686.0486030510096,1246.5161222235906,6006.875778164234,6
0.16,16,46,5005096,greedy,1789,10,10,8,2,80.0,609.752508930298,608.5379825965297,1074.782904288913,4878.020071442384,6
0.16,16,46,5005096,global_min_cost,1789,10,10,8,2,80.0,583.4852587320926,418.36571476298974,1051.600309755075,4667.88206985674,6
0.16,20,46,5005096,greedy,1789,10,10,8,2,80.0,339.5217126730821,198.44244380796275,598.8873032271179,2716.1737013846573,6
0.16,20,46,5005096,global_min_cost,1789,10,10,8,2,80.0,329.9711488233601,206.84671460838223,610.7237022818972,2639.769190586881,6
0.16,24,46,5005096,greedy,1789,10,10,8,2,80.0,209.00984610746764,189.79525491037117,255.53027376184534,1672.0787688597413,6
0.16,24,46,5005096,global_min_cost,1789,10,10,8,2,80.0,199.45928225774568,198.19952571079068,260.6030162138936,1595.6742580619657,6
0.16,32,46,5005096,greedy,1789,10,10,8,2,80.0,150.75272311456425,150.41744550468985,201.3053321577137,1206.021784916514,6
0.16,32,46,5005096,global_min_cost,1789,10,10,8,2,80.0,150.75272311456425,150.41744550468985,201.3053321577137,1206.021784916514,6
0.16,8,47,5005097,greedy,1839,10,10,5,5,50.0,675.7856561589264,443.13323537648984,1252.7552727432276,3378.9282807946315,16
0.16,8,47,5005097,global_min_cost,1839,10,10,5,5,50.0,445.24008390925445,500.7148931690595,678.9754541149966,2226.2004195462723,17
0.16,10,47,5005097,greedy,1839,10,10,7,3,70.0,820.1180909023478,645.7005027722797,1540.6434507466072,5740.826636316435,11
0.16,10,47,5005097,global_min_cost,1839,10,10,7,3,70.0,586.9869937854495,500.7148931690595,1045.815368193583,4108.908956498147,9
0.16,12,47,5005097,greedy,1839,10,10,9,1,90.0,833.9082066833608,710.6724454227658,1657.1803937944453,7505.1738601502475,5
0.16,12,47,5005097,global_min_cost,1839,10,10,9,1,90.0,753.9017549812643,489.2009662080918,1569.399818255557,6785.115794831379,5
0.16,14,47,5005097,greedy,1839,10,10,9,1,90.0,759.18664317396,355.3584156120431,1643.4892619738293,6832.679788565639,5
0.16,14,47,5005097,global_min_cost,1839,10,10,9,1,90.0,706.8162339908416,432.2592340659788,1569.399818255557,6361.346105917575,5
0.16,16,47,5005097,greedy,1839,10,10,9,1,90.0,674.8344950174704,355.3584156120431,1522.0074174056183,6073.510455157233,5
0.16,16,47,5005097,global_min_cost,1839,10,10,9,1,90.0,659.7692793335839,270.305833407493,1522.0074174056183,5937.923514002254,5
0.16,20,47,5005097,greedy,1839,10,10,9,1,90.0,555.6620124779255,355.3584156120431,1414.4676646641058,5000.9581123013295,5
0.16,20,47,5005097,global_min_cost,1839,10,10,9,1,90.0,535.4873206332637,264.3127548956524,1428.5897739590716,4819.385885699374,5
0.16,24,47,5005097,greedy,1839,10,10,9,1,90.0,539.8539189143871,355.3584156120431,1401.374750593984,4858.685270229485,5
0.16,24,47,5005097,global_min_cost,1839,10,10,9,1,90.0,530.3531972905325,270.305833407493,1415.4968598889498,4773.178775614793,5
0.16,32,47,5005097,greedy,1839,10,10,9,1,90.0,293.71540219804825,254.5314666604059,436.89834335289646,2643.438619782434,5
0.16,32,47,5005097,global_min_cost,1839,10,10,9,1,90.0,290.0373960040811,254.5314666604059,398.7155901134859,2610.33656403673,5
0.16,8,48,5005098,greedy,1841,10,10,7,3,70.0,836.9182565076692,999.8141249744624,1352.5502385427997,5858.4277955536845,9
0.16,8,48,5005098,global_min_cost,1841,10,10,7,3,70.0,743.800634398476,467.726635498944,1608.2230012872517,5206.604440789332,9
0.16,10,48,5005098,greedy,1841,10,10,7,3,70.0,631.2115544050076,557.8025350121761,1056.7500683422109,4418.4808808350535,9
0.16,10,48,5005098,global_min_cost,1841,10,10,7,3,70.0,630.6327553629982,435.38219127480005,1264.3869633341033,4414.429287540987,9
0.16,12,48,5005098,greedy,1841,10,10,7,3,70.0,609.7294115432111,467.726635498944,1056.7500683422109,4268.105880802478,9
0.16,12,48,5005098,global_min_cost,1841,10,10,7,3,70.0,609.7294115432111,467.726635498944,1056.7500683422109,4268.105880802478,9
0.16,14,48,5005098,greedy,1841,10,10,7,3,70.0,578.8567757382381,467.726635498944,1056.7500683422109,4051.9974301676666,9
0.16,14,48,5005098,global_min_cost,1841,10,10,7,3,70.0,578.8567757382381,467.726635498944,1056.7500683422109,4051.9974301676666,9
0.16,16,48,5005098,greedy,1841,10,10,7,3,70.0,569.4443888365437,407.4275349796006,1056.7500683422109,3986.1107218558054,9
0.16,16,48,5005098,global_min_cost,1841,10,10,7,3,70.0,569.4443888365437,407.4275349796006,1056.7500683422109,3986.110721855806,9
0.16,20,48,5005098,greedy,1841,10,10,8,2,80.0,607.9527697220328,562.337581186101,1131.9137336953966,4863.622157776263,5
0.16,20,48,5005098,global_min_cost,1841,10,10,8,2,80.0,607.9527697220329,322.32330283138236,1359.0159676450307,4863.6221577762635,5
0.16,24,48,5005098,greedy,1841,10,10,8,2,80.0,544.9890998970253,347.0583940966874,1131.9137336953966,4359.912799176202,5
0.16,24,48,5005098,global_min_cost,1841,10,10,8,2,80.0,544.9890998970253,267.54176974098687,1359.0159676450307,4359.912799176203,5
0.16,32,48,5005098,greedy,1841,10,10,8,2,80.0,544.9890998970253,347.0583940966874,1131.9137336953966,4359.912799176202,5
0.16,32,48,5005098,global_min_cost,1841,10,10,8,2,80.0,544.9890998970253,267.54176974098687,1359.0159676450307,4359.912799176203,5
0.16,8,49,5005099,greedy,1809,10,10,7,3,70.0,852.6230075053929,926.292522212481,1540.48439120727,5968.36105253775,10
0.16,8,49,5005099,global_min_cost,1809,10,10,7,3,70.0,756.0454307386436,546.964168926865,1246.7203460354733,5292.318015170504,13
0.16,10,49,5005099,greedy,1809,10,10,8,2,80.0,742.717880667286,719.9114813697212,1246.6952536300491,5941.743045338288,8
0.16,10,49,5005099,global_min_cost,1809,10,10,8,2,80.0,697.6127517665107,759.2537405005559,1150.0233916409,5580.902014132085,8
0.16,12,49,5005099,greedy,1809,10,10,8,2,80.0,505.24104510016184,539.3594079794249,769.2692204560519,4041.9283608012947,8
0.16,12,49,5005099,global_min_cost,1809,10,10,8,2,80.0,472.4986919199601,406.7455933041425,967.5531669338357,3779.9895353596808,8
0.16,14,49,5005099,greedy,1809,10,10,8,2,80.0,402.5925592459778,399.99001610516984,640.5508249999026,3220.7404739678223,8
0.16,14,49,5005099,global_min_cost,1809,10,10,8,2,80.0,397.1534659685232,355.17653932359485,713.7652231299545,3177.2277277481853,8
0.16,16,49,5005099,greedy,1809,10,10,8,2,80.0,369.78123929178724,399.99001610516984,563.705812550863,2958.249914334298,8
0.16,16,49,5005099,global_min_cost,1809,10,10,8,2,80.0,364.3421460143327,355.17653932359485,636.920210680915,2914.7371681146615,8
0.16,20,49,5005099,greedy,1809,10,10,8,2,80.0,301.88218811951725,212.8040305864991,545.2405615860398,2415.057504956138,8
0.16,20,49,5005099,global_min_cost,1809,10,10,8,2,80.0,301.88218811951725,212.8040305864991,545.2405615860398,2415.057504956138,8
0.16,24,49,5005099,greedy,1809,10,10,8,2,80.0,296.0788644619601,212.8040305864991,526.8147628540189,2368.6309156956804,8
0.16,24,49,5005099,global_min_cost,1809,10,10,8,2,80.0,296.0788644619601,212.8040305864991,526.8147628540189,2368.6309156956804,8
0.16,32,49,5005099,greedy,1809,10,10,8,2,80.0,183.6297216114729,133.90657024462712,339.9248034041234,1469.037772891783,8
0.16,32,49,5005099,global_min_cost,1809,10,10,8,2,80.0,183.6297216114729,133.90657024462712,339.9248034041234,1469.037772891783,8
0.18,8,0,6005050,greedy,2005,10,10,5,5,50.0,911.3634281837224,481.0325162328674,2151.730693830382,4556.8171409186125,13
0.18,8,0,6005050,global_min_cost,2005,10,10,5,5,50.0,911.3634281837224,481.0325162328674,2151.730693830382,4556.8171409186125,13
0.18,10,0,6005050,greedy,2005,10,10,6,4,60.0,770.2224774605386,387.8012237328147,1882.9135118428053,4621.334864763232,12
0.18,10,0,6005050,global_min_cost,2005,10,10,6,4,60.0,770.2224774605386,387.8012237328147,1882.9135118428053,4621.334864763232,12
0.18,12,0,6005050,greedy,2005,10,10,7,3,70.0,667.0069395714897,294.569931232762,1614.0963298552297,4669.048577000429,8
0.18,12,0,6005050,global_min_cost,2005,10,10,7,3,70.0,667.0069395714897,294.569931232762,1614.0963298552297,4669.048577000429,8
0.18,14,0,6005050,greedy,2005,10,10,7,3,70.0,660.2943357453987,294.569931232762,1614.0963298552297,4622.060350217791,8
0.18,14,0,6005050,global_min_cost,2005,10,10,7,3,70.0,357.5526967712225,294.569931232762,747.6244500144803,2502.8688773985573,8
0.18,16,0,6005050,greedy,2005,10,10,7,3,70.0,305.05904793265677,190.82616697045148,701.2749344499539,2135.413335528597,8
0.18,16,0,6005050,global_min_cost,2005,10,10,7,3,70.0,305.05904793265677,190.82616697045148,701.2749344499539,2135.4133355285976,8
0.18,20,0,6005050,greedy,2005,10,10,7,3,70.0,266.6467248837882,64.51772384461974,701.2749344499539,1866.5270741865168,8
0.18,20,0,6005050,global_min_cost,2005,10,10,7,3,70.0,266.6467248837882,64.51772384461974,701.2749344499539,1866.527074186517,8
0.18,24,0,6005050,greedy,2005,10,10,7,3,70.0,118.21695707128337,64.51772384461974,258.7823679823963,827.5186994989837,8
0.18,24,0,6005050,global_min_cost,2005,10,10,7,3,70.0,118.21695707128337,64.51772384461974,258.7823679823963,827.5186994989837,8
0.18,32,0,6005050,greedy,2005,10,10,7,3,70.0,117.08513445974344,64.51772384461974,258.7823679823963,819.5959412182041,8
0.18,32,0,6005050,global_min_cost,2005,10,10,7,3,70.0,117.08513445974344,64.51772384461974,258.7823679823963,819.5959412182041,8
0.18,8,1,6005051,greedy,2061,10,10,5,5,50.0,759.7701346165181,550.4412614923599,1259.7079435909934,3798.8506730825907,8
0.18,8,1,6005051,global_min_cost,2061,10,10,5,5,50.0,655.5763636335033,550.4412614923599,1132.9142467617794,3277.8818181675165,11
0.18,10,1,6005051,greedy,2061,10,10,6,4,60.0,1266.8612836952873,816.1599365763744,2590.2889303169313,7601.167702171724,4
0.18,10,1,6005051,global_min_cost,2061,10,10,6,4,60.0,697.2524173326913,728.0369736604954,1130.2770675316815,4183.514503996147,10
0.18,12,1,6005051,greedy,2061,10,10,8,2,80.0,857.6137585788463,677.1200760376157,1531.7394275609206,6860.910068630769,2
0.18,12,1,6005051,global_min_cost,2061,10,10,8,2,80.0,810.2172530390359,728.0369736604954,1371.2865328482665,6481.738024312286,5
0.18,14,1,6005051,greedy,2061,10,10,9,1,90.0,841.3461324333623,909.18910469358,1430.644057179934,7572.1151919002605,1
0.18,14,1,6005051,global_min_cost,2061,10,10,9,1,90.0,740.5040658535627,445.05104738165136,1432.5633461105483,6664.536592682063,1
0.18,16,1,6005051,greedy,2061,10,10,9,1,90.0,540.4361923903773,364.99311421525334,1077.6955561386753,4863.925731513396,1
0.18,16,1,6005051,global_min_cost,2061,10,10,9,1,90.0,518.5555759065211,341.50730757101604,1105.9836342318006,4667.00018315869,1
0.18,20,1,6005051,greedy,2061,10,10,9,1,90.0,483.447013761051,364.99311421525334,1077.6955561386753,4351.023123849459,1
0.18,20,1,6005051,global_min_cost,2061,10,10,9,1,90.0,461.5663972771947,341.50730757101604,943.8289090367464,4154.097575494752,1
0.18,24,1,6005051,greedy,2061,10,10,9,1,90.0,391.2905472141615,363.0350728742406,648.612689682993,3521.614924927454,1
0.18,24,1,6005051,global_min_cost,2061,10,10,9,1,90.0,364.0897450921193,300.41821192174774,783.882485338179,3276.8077058290733,1
0.18,32,1,6005051,greedy,2061,10,10,10,0,100.0,393.0964581167974,351.7201870400087,802.6768729217051,3930.9645811679743,0
0.18,32,1,6005051,global_min_cost,2061,10,10,10,0,100.0,378.0345976964035,243.9704043811492,802.6768729217051,3780.345976964035,0
0.18,8,2,6005052,greedy,2014,10,10,5,5,50.0,1056.6853353095041,826.748520262027,2072.553664439396,5283.426676547521,16
0.18,8,2,6005052,global_min_cost,2014,10,10,5,5,50.0,916.0812378833252,784.6582901082533,1953.5213434614643,4580.406189416626,16
0.18,10,2,6005052,greedy,2014,10,10,6,4,60.0,624.3903931915494,685.3418271057662,1026.841866976326,3746.3423591492965,11
0.18,10,2,6005052,global_min_cost,2014,10,10,6,4,60.0,606.234912604219,765.4240473570025,929.6831046450068,3637.4094756253135,15
0.18,12,2,6005052,greedy,2014,10,10,8,2,80.0,648.1066029219634,685.3418271057662,1086.361850264806,5184.852823375708,7
0.18,12,2,6005052,global_min_cost,2014,10,10,8,2,80.0,641.9412611625345,646.4387208588638,1182.1240157433551,5135.530089300276,7
0.18,14,2,6005052,greedy,2014,10,10,8,2,80.0,598.4828716045049,616.1436443095283,1032.1959207078494,4787.862972836039,7
0.18,14,2,6005052,global_min_cost,2014,10,10,8,2,80.0,587.9554612586088,765.4240473570025,909.0304490885686,4703.6436900688705,7
0.18,16,2,6005052,greedy,2014,10,10,8,2,80.0,567.7532255234618,616.1436443095283,927.9514722163378,4542.025804187694,7
0.18,16,2,6005052,global_min_cost,2014,10,10,8,2,80.0,561.5878837640329,628.8721769537212,927.9514722163378,4492.703070112263,7
0.18,20,2,6005052,greedy,2014,10,10,8,2,80.0,567.7532255234618,616.1436443095283,927.9514722163378,4542.025804187694,7
0.18,20,2,6005052,global_min_cost,2014,10,10,8,2,80.0,561.5878837640329,628.8721769537212,927.9514722163378,4492.703070112263,7
0.18,24,2,6005052,greedy,2014,10,10,9,1,90.0,536.809592839197,389.36891067543036,920.3281477420858,4831.286335552773,5
0.18,24,2,6005052,global_min_cost,2014,10,10,9,1,90.0,531.329289053038,414.82597596381623,920.3281477420858,4781.963601477342,5
0.18,32,2,6005052,greedy,2014,10,10,9,1,90.0,502.25864332204804,389.36891067543036,920.3281477420858,4520.3277898984325,5
0.18,32,2,6005052,global_min_cost,2014,10,10,9,1,90.0,454.02657101291834,203.2525144324672,898.7041213103496,4086.239139116265,5
0.18,8,3,6005053,greedy,2080,10,10,6,4,60.0,401.53212197722047,426.8246319907301,566.8350973467725,2409.192731863323,8
0.18,8,3,6005053,global_min_cost,2080,10,10,6,4,60.0,353.59998667508916,306.3656183971709,607.5983949611305,2121.599920050535,8
0.18,10,3,6005053,greedy,2080,10,10,6,4,60.0,401.53212197722047,426.8246319907301,566.8350973467725,2409.192731863323,8
0.18,10,3,6005053,global_min_cost,2080,10,10,6,4,60.0,353.59998667508916,306.3656183971709,607.5983949611305,2121.599920050535,8
0.18,12,3,6005053,greedy,2080,10,10,6,4,60.0,401.53212197722047,426.8246319907301,566.8350973467725,2409.192731863323,8
0.18,12,3,6005053,global_min_cost,2080,10,10,6,4,60.0,353.59998667508916,306.3656183971709,607.5983949611305,2121.599920050535,8
0.18,14,3,6005053,greedy,2080,10,10,6,4,60.0,298.9588457377315,276.09825141657984,473.94233912964853,1793.7530744263893,8
0.18,14,3,6005053,global_min_cost,2080,10,10,6,4,60.0,298.9588457377315,276.09825141657984,473.94233912964853,1793.7530744263893,8
0.18,16,3,6005053,greedy,2080,10,10,6,4,60.0,298.9588457377315,276.09825141657984,473.94233912964853,1793.7530744263893,8
0.18,16,3,6005053,global_min_cost,2080,10,10,6,4,60.0,298.9588457377315,276.09825141657984,473.94233912964853,1793.7530744263893,8
0.18,20,3,6005053,greedy,2080,10,10,7,3,70.0,269.1719684092871,264.1502474528555,426.3770621177965,1884.2037788650098,6
0.18,20,3,6005053,global_min_cost,2080,10,10,7,3,70.0,269.1719684092871,264.1502474528555,426.3770621177965,1884.2037788650098,6
0.18,24,3,6005053,greedy,2080,10,10,7,3,70.0,258.95893747178064,264.1502474528555,391.30939236987444,1812.7125623024647,6
0.18,24,3,6005053,global_min_cost,2080,10,10,7,3,70.0,227.8715418926584,175.58288769659364,426.3770621177965,1595.1007932486089,6
0.18,32,3,6005053,greedy,2080,10,10,7,3,70.0,189.30854060556555,175.58288769659364,314.5272769674441,1325.159784238959,6
0.18,32,3,6005053,global_min_cost,2080,10,10,7,3,70.0,189.30854060556555,175.58288769659364,314.5272769674441,1325.159784238959,6
0.18,8,4,6005054,greedy,2031,10,10,1,9,10.0,205.67059733749423,205.67059733749423,205.67059733749423,205.67059733749423,24
0.18,8,4,6005054,global_min_cost,2031,10,10,1,9,10.0,205.67059733749423,205.67059733749423,205.67059733749423,205.67059733749423,24
0.18,10,4,6005054,greedy,2031,10,10,2,8,20.0,823.0410709181492,823.0410709181492,1316.9374497826732,1646.0821418362984,23
0.18,10,4,6005054,global_min_cost,2031,10,10,2,8,20.0,746.1857286548457,746.1857286548457,1178.5978337087267,1492.3714573096913,21
0.18,12,4,6005054,greedy,2031,10,10,4,6,40.0,485.5896221723813,269.15031018662455,1000.4796088912647,1942.3584886895253,18
0.18,12,4,6005054,global_min_cost,2031,10,10,4,6,40.0,452.2985132299849,202.56809230183177,962.3917811817864,1809.1940529199396,18
0.18,14,4,6005054,greedy,2031,10,10,5,5,50.0,504.15444649889025,332.63002303575485,1048.2684815813998,2520.7722324944516,16
0.18,14,4,6005054,global_min_cost,2031,10,10,5,5,50.0,435.99650527459033,205.67059733749423,923.6933193702512,2179.9825263729513,16
0.18,16,4,6005054,greedy,2031,10,10,6,4,60.0,575.4744311550006,343.31571323006307,1221.5937773941519,3452.8465869300035,13
0.18,16,4,6005054,global_min_cost,2031,10,10,6,4,60.0,492.5183249494622,288.2295353952529,1030.9141416480095,2955.1099496967727,13
0.18,20,4,6005054,greedy,2031,10,10,6,4,60.0,426.35582905596704,343.31571323006307,774.2379710970515,2558.1349743358023,13
0.18,20,4,6005054,global_min_cost,2031,10,10,6,4,60.0,343.3997228504287,282.6985451996,585.9868205108994,2060.3983371025724,13
0.18,24,4,6005054,greedy,2031,10,10,6,4,60.0,341.84583232405475,343.31571323006307,520.7079809013146,2051.074993944329,13
0.18,24,4,6005054,global_min_cost,2031,10,10,6,4,60.0,285.04754797047156,282.6985451996,410.9302958710281,1710.2852878228296,13
0.18,32,4,6005054,greedy,2031,10,10,6,4,60.0,168.7819838677606,163.65505272137415,208.5331421561615,1012.6919032065637,13
0.18,32,4,6005054,global_min_cost,2031,10,10,6,4,60.0,168.7819838677606,169.76157933822972,208.5331421561615,1012.6919032065634,13
0.18,8,5,6005055,greedy,2030,10,10,7,3,70.0,771.6294207855467,618.7589218248975,1300.936292356786,5401.405945498826,11
0.18,8,5,6005055,global_min_cost,2030,10,10,7,3,70.0,522.9364978213991,463.2361135367097,969.9210314282409,3660.5554847497933,11
0.18,10,5,6005055,greedy,2030,10,10,7,3,70.0,771.6294207855467,618.7589218248975,1300.936292356786,5401.405945498826,11
0.18,10,5,6005055,global_min_cost,2030,10,10,7,3,70.0,522.9364978213991,463.2361135367097,969.9210314282409,3660.5554847497933,11
0.18,12,5,6005055,greedy,2030,10,10,8,2,80.0,771.7916700178342,541.9350291974908,1288.5745233321284,6174.333360142674,7
0.18,12,5,6005055,global_min_cost,2030,10,10,8,2,80.0,554.1853624242051,464.173625053397,960.5653009547548,4433.482899393641,7
0.18,14,5,6005055,greedy,2030,10,10,8,2,80.0,452.1519961480473,402.5153275650091,766.4702035985539,3617.215969184378,7
0.18,14,5,6005055,global_min_cost,2030,10,10,8,2,80.0,450.9800677222824,466.3491906289259,647.1648720139706,3607.840541778259,7
0.18,16,5,6005055,greedy,2030,10,10,8,2,80.0,407.57162824054984,402.5153275650091,557.2992027641903,3260.5730259243987,7
0.18,16,5,6005055,global_min_cost,2030,10,10,8,2,80.0,406.399699814785,416.246901084898,585.9303930281201,3251.1975985182794,7
0.18,20,5,6005055,greedy,2030,10,10,8,2,80.0,373.00024655635167,384.3839767441906,557.2992027641903,2984.001972450813,7
0.18,20,5,6005055,global_min_cost,2030,10,10,8,2,80.0,373.00024655635167,385.3214882608779,585.9303930281201,2984.001972450814,7
0.18,24,5,6005055,greedy,2030,10,10,8,2,80.0,357.327196354803,328.3680332420372,553.8559552917781,2858.6175708384235,7
0.18,24,5,6005055,global_min_cost,2030,10,10,8,2,80.0,357.327196354803,328.3680332420372,553.8559552917781,2858.6175708384235,7
0.18,32,5,6005055,greedy,2030,10,10,8,2,80.0,357.327196354803,328.3680332420372,553.8559552917781,2858.6175708384235,7
0.18,32,5,6005055,global_min_cost,2030,10,10,8,2,80.0,357.327196354803,328.3680332420372,553.8559552917781,2858.6175708384235,7
0.18,8,6,6005056,greedy,2041,10,10,3,7,30.0,835.1551932511932,844.1768502389065,1229.0339961515945,2505.4655797535797,19
0.18,8,6,6005056,global_min_cost,2041,10,10,3,7,30.0,367.9567187789778,336.04044688490666,534.5540758591777,1103.8701563369334,19
0.18,10,6,6005056,greedy,2041,10,10,5,5,50.0,602.6086536816715,588.2308579050106,764.2892667728031,3013.043268408357,13
0.18,10,6,6005056,global_min_cost,2041,10,10,5,5,50.0,396.37751726808386,336.04044688490666,649.0662578509395,1981.8875863404191,13
0.18,12,6,6005056,greedy,2041,10,10,6,4,60.0,484.3005708618332,548.1295593518771,638.2522953929072,2905.803425170999,11
0.18,12,6,6005056,global_min_cost,2041,10,10,7,3,70.0,578.4875604582371,499.7819850137452,1233.866650111153,4049.41292320766,6
0.18,14,6,6005056,greedy,2041,10,10,6,4,60.0,389.95595436655793,381.0201773276495,624.3217440908993,2339.7357261993475,11
0.18,14,6,6005056,global_min_cost,2041,10,10,7,3,70.0,432.14609965447846,280.24328680970683,814.4767857684701,3025.0226975813493,6
0.18,16,6,6005056,greedy,2041,10,10,7,3,70.0,399.0130902143241,373.2494160494532,599.8508395597639,2793.0916315002687,6
0.18,16,6,6005056,global_min_cost,2041,10,10,7,3,70.0,350.71300770625277,237.65348233513262,712.9434543009477,2454.991053943769,6
0.18,20,6,6005056,greedy,2041,10,10,7,3,70.0,228.4646450778651,143.14909031022248,414.7679762000836,1599.2525155450558,6
0.18,20,6,6005056,global_min_cost,2041,10,10,7,3,70.0,228.4646450778651,143.14909031022248,414.7679762000836,1599.252515545056,6
0.18,24,6,6005056,greedy,2041,10,10,7,3,70.0,200.80218510047686,129.0852627032972,365.12064160057156,1405.6152957033378,6
0.18,24,6,6005056,global_min_cost,2041,10,10,7,3,70.0,200.80218510047686,129.0852627032972,365.12064160057156,1405.615295703338,6
0.18,32,6,6005056,greedy,2041,10,10,7,3,70.0,186.06429637123938,129.0852627032972,365.12064160057156,1302.4500745986757,6
0.18,32,6,6005056,global_min_cost,2041,10,10,7,3,70.0,186.06429637123938,129.0852627032972,365.12064160057156,1302.4500745986757,6
0.18,8,7,6005057,greedy,2092,10,10,8,2,80.0,720.4490640140971,546.3401493107971,1215.925749045657,5763.592512112777,7
0.18,8,7,6005057,global_min_cost,2092,10,10,8,2,80.0,602.7910544973284,376.56689021949046,1144.5495401222543,4822.328435978628,5
0.18,10,7,6005057,greedy,2092,10,10,9,1,90.0,669.6838362435634,497.82407343883636,1071.7512120418942,6027.15452619207,2
0.18,10,7,6005057,global_min_cost,2092,10,10,9,1,90.0,510.05703905124886,354.1174746671239,877.2000008942719,4590.51335146124,2
0.18,12,7,6005057,greedy,2092,10,10,9,1,90.0,669.6838362435634,497.82407343883636,1071.7512120418942,6027.15452619207,2
0.18,12,7,6005057,global_min_cost,2092,10,10,9,1,90.0,486.5529848180366,354.1174746671239,877.2000008942719,4378.976863362329,2
0.18,14,7,6005057,greedy,2092,10,10,9,1,90.0,505.6358479714862,354.1174746671239,877.2000008942719,4550.722631743375,2
0.18,14,7,6005057,global_min_cost,2092,10,10,9,1,90.0,478.8823144659798,354.1174746671239,877.2000008942719,4309.940830193818,2
0.18,16,7,6005057,greedy,2092,10,10,9,1,90.0,497.1244970694637,319.7819818701877,843.386668637259,4474.120473625173,2
0.18,16,7,6005057,global_min_cost,2092,10,10,9,1,90.0,437.27357049833734,354.1174746671239,720.8416773444005,3935.462134485036,2
0.18,20,7,6005057,greedy,2092,10,10,9,1,90.0,481.16609983860224,319.7819818701877,843.386668637259,4330.49489854742,2
0.18,20,7,6005057,global_min_cost,2092,10,10,9,1,90.0,432.4904629508511,354.1174746671239,706.3020050117126,3892.41416655766,2
0.18,24,7,6005057,greedy,2092,10,10,9,1,90.0,445.5410685006725,319.7819818701877,843.386668637259,4009.869616506052,2
0.18,24,7,6005057,global_min_cost,2092,10,10,9,1,90.0,412.4436754350525,354.1174746671239,696.7140135034084,3711.993078915473,2
0.18,32,7,6005057,greedy,2092,10,10,9,1,90.0,372.0782492559037,298.25047741619073,659.315272524172,3348.704243303133,2
0.18,32,7,6005057,global_min_cost,2092,10,10,9,1,90.0,372.0782492559037,298.25047741619073,659.315272524172,3348.704243303134,2
0.18,8,8,6005058,greedy,1978,10,10,7,3,70.0,2106.055632568028,2238.911116048762,3601.287140229633,14742.389427976195,9
0.18,8,8,6005058,global_min_cost,1978,10,10,7,3,70.0,1927.8136383818965,1020.5337866500294,4214.973761826908,13494.695468673273,9
0.18,10,8,6005058,greedy,1978,10,10,7,3,70.0,1422.3153739224726,965.7318834040822,2656.5525651353987,9956.207617457309,9
0.18,10,8,6005058,global_min_cost,1978,10,10,7,3,70.0,1244.0733797363412,944.538074928901,2768.2327754180783,8708.513658154387,9
0.18,12,8,6005058,greedy,1978,10,10,7,3,70.0,823.0531134521956,561.2919025055339,1563.745133879913,5761.371794165369,9
0.18,12,8,6005058,global_min_cost,1978,10,10,7,3,70.0,727.2789721403516,434.74822921553556,1512.1347658590807,5090.952804982461,9
0.18,14,8,6005058,greedy,1978,10,10,7,3,70.0,566.5666705971829,508.9330379335153,980.9691179551137,3965.9666941802807,9
0.18,14,8,6005058,global_min_cost,1978,10,10,7,3,70.0,470.79252928533896,434.74822921553556,889.3502770964942,3295.547704997373,9
0.18,16,8,6005058,greedy,1978,10,10,7,3,70.0,403.98990038669115,366.49440368421585,775.0461433263583,2827.9293027068384,9
0.18,16,8,6005058,global_min_cost,1978,10,10,7,3,70.0,338.75492896385856,366.49440368421585,578.4049867067745,2371.28450274701,9
0.18,20,8,6005058,greedy,1978,10,10,7,3,70.0,187.87062085525395,144.81771297637385,366.925093145333,1315.0943459867776,9
0.18,20,8,6005058,global_min_cost,1978,10,10,7,3,70.0,187.1554008312198,144.81771297637385,365.99397951455995,1310.0878058185385,9
0.18,24,8,6005058,greedy,1978,10,10,7,3,70.0,187.87062085525395,144.81771297637385,366.925093145333,1315.0943459867776,9
0.18,24,8,6005058,global_min_cost,1978,10,10,7,3,70.0,187.1554008312198,144.81771297637385,365.99397951455995,1310.0878058185385,9
0.18,32,8,6005058,greedy,1978,10,10,7,3,70.0,130.05855556584348,108.24308820904056,233.48838925951074,910.4098889609043,9
0.18,32,8,6005058,global_min_cost,1978,10,10,7,3,70.0,130.05855556584348,108.24308820904056,233.48838925951074,910.4098889609044,9
0.18,8,9,6005059,greedy,2037,10,10,4,6,40.0,539.6082184594294,505.1792621324846,807.0320342320155,2158.432873837717,18
0.18,8,9,6005059,global_min_cost,2037,10,10,4,6,40.0,377.3564379687756,354.8118317310842,560.3753556075851,1509.4257518751024,22
0.18,10,9,6005059,greedy,2037,10,10,5,5,50.0,365.0818876770458,340.9172154929145,563.7210223932215,1825.4094383852291,17
0.18,10,9,6005059,global_min_cost,2037,10,10,5,5,50.0,314.78326503018724,190.41877975980006,573.5172179957185,1573.916325150936,17
0.18,12,9,6005059,greedy,2037,10,10,5,5,50.0,271.48236224125674,340.9172154929145,396.6046464898159,1357.4118112062836,17
0.18,12,9,6005059,global_min_cost,2037,10,10,5,5,50.0,252.50420867049945,190.41877975980006,386.6800489166551,1262.5210433524971,17
0.18,14,9,6005059,greedy,2037,10,10,6,4,60.0,251.25987617875438,245.53233067957854,391.95494673638893,1507.5592570725262,15
0.18,14,9,6005059,global_min_cost,2037,10,10,6,4,60.0,235.44474820312328,187.79359204475554,379.5491997699379,1412.6684892187398,15
0.18,16,9,6005059,greedy,2037,10,10,6,4,60.0,213.02562329008236,170.28311281302132,378.0603304982192,1278.1537397404943,15
0.18,16,9,6005059,global_min_cost,2037,10,10,6,4,60.0,213.02562329008236,170.28311281302132,378.0603304982192,1278.1537397404943,15
0.18,20,9,6005059,greedy,2037,10,10,6,4,60.0,163.31076055939673,153.15138597991486,246.04746913926874,979.8645633563805,15
0.18,20,9,6005059,global_min_cost,2037,10,10,6,4,60.0,163.31076055939673,153.15138597991486,246.04746913926874,979.8645633563804,15
0.18,24,9,6005059,greedy,2037,10,10,6,4,60.0,145.5100915039897,137.4081441421387,214.9796475815814,873.0605490239384,15
0.18,24,9,6005059,global_min_cost,2037,10,10,6,4,60.0,145.5100915039897,137.4081441421387,214.9796475815814,873.0605490239384,15
0.18,32,9,6005059,greedy,2037,10,10,6,4,60.0,128.20120236435017,137.4081441421387,163.05298016266272,769.207214186101,15
0.18,32,9,6005059,global_min_cost,2037,10,10,6,4,60.0,128.20120236435017,137.4081441421387,163.05298016266272,769.207214186101,15
0.18,8,10,6005060,greedy,2077,10,10,2,8,20.0,765.2892125837052,765.2892125837052,843.3508815386289,1530.5784251674104,22
0.18,8,10,6005060,global_min_cost,2077,10,10,2,8,20.0,264.02361645314465,264.02361645314465,380.72565357184965,528.0472329062893,24
0.18,10,10,6005060,greedy,2077,10,10,4,6,40.0,663.4584278693012,649.0497096223796,857.946318646174,2653.8337114772044,17
0.18,10,10,6005060,global_min_cost,2077,10,10,4,6,40.0,249.57667389898828,200.66479982802622,391.90480768543637,998.306695595953,18
0.18,12,10,6005060,greedy,2077,10,10,4,6,40.0,663.4584278693012,649.0497096223796,857.946318646174,2653.8337114772044,17
0.18,12,10,6005060,global_min_cost,2077,10,10,4,6,40.0,249.57667389898828,200.66479982802622,391.90480768543637,998.306695595953,18
0.18,14,10,6005060,greedy,2077,10,10,5,5,50.0,537.7536031719153,630.3872928547086,717.3861224598443,2688.7680158595763,14
0.18,14,10,6005060,global_min_cost,2077,10,10,5,5,50.0,238.59529727189894,177.42215692887456,401.8267258502206,1192.9764863594946,16
0.18,16,10,6005060,greedy,2077,10,10,6,4,60.0,442.6664465106984,457.30681808943234,649.0497096223796,2655.99867906419,12
0.18,16,10,6005060,global_min_cost,2077,10,10,6,4,60.0,232.9045532949298,190.93649516947931,372.17351199638017,1397.4273197695786,14
0.18,20,10,6005060,greedy,2077,10,10,6,4,60.0,442.6664465106984,457.30681808943234,649.0497096223796,2655.99867906419,12
0.18,20,10,6005060,global_min_cost,2077,10,10,6,4,60.0,232.9045532949298,190.93649516947931,372.17351199638017,1397.4273197695786,14
0.18,24,10,6005060,greedy,2077,10,10,7,3,70.0,336.76204837727835,223.90744272717785,646.5367672939996,2357.3343386409483,8
0.18,24,10,6005060,global_min_cost,2077,10,10,7,3,70.0,226.38814106546775,187.28966768869543,342.5202981425398,1584.7169874582742,10
0.18,32,10,6005060,greedy,2077,10,10,10,0,100.0,242.33860023387848,178.76486839427292,399.92897522872846,2423.386002338785,0
0.18,32,10,6005060,global_min_cost,2077,10,10,10,0,100.0,232.46218156498364,178.76486839427292,340.9137240908507,2324.621815649836,0
0.18,8,11,6005061,greedy,1963,10,10,8,2,80.0,1449.2297000159451,1332.9840545180953,2593.4216971534524,11593.837600127561,3
0.18,8,11,6005061,global_min_cost,1963,10,10,8,2,80.0,1319.3796224756147,1106.8142729656838,2501.5784535976204,10555.036979804918,3
0.18,10,11,6005061,greedy,1963,10,10,8,2,80.0,950.9119366366185,573.4442038921168,2390.56607372826,7607.295493092948,3
0.18,10,11,6005061,global_min_cost,1963,10,10,8,2,80.0,885.4806587647477,571.8351746811211,1781.0538183809379,7083.845270117981,3
0.18,12,11,6005061,greedy,1963,10,10,8,2,80.0,432.9254360406247,417.3459820511328,699.4778611636268,3463.4034883249974,3
0.18,12,11,6005061,global_min_cost,1963,10,10,8,2,80.0,416.10159988785375,398.98014933862567,699.4778611636268,3328.81279910283,3
0.18,14,11,6005061,greedy,1963,10,10,8,2,80.0,415.88902072876,387.315311437895,699.4778611636268,3327.1121658300794,3
0.18,14,11,6005061,global_min_cost,1963,10,10,8,2,80.0,398.07401564006324,361.62680536340065,699.4778611636268,3184.592125120506,3
0.18,16,11,6005061,greedy,1963,10,10,8,2,80.0,415.88902072876,387.315311437895,699.4778611636268,3327.1121658300794,3
0.18,16,11,6005061,global_min_cost,1963,10,10,8,2,80.0,398.07401564006324,361.62680536340065,699.4778611636268,3184.592125120506,3
0.18,20,11,6005061,greedy,1963,10,10,8,2,80.0,368.78007657597556,288.4039035031889,657.2089196831341,2950.2406126078045,3
0.18,20,11,6005061,global_min_cost,1963,10,10,8,2,80.0,357.8085157471503,298.02613398989206,657.2089196831341,2862.4681259772024,3
0.18,24,11,6005061,greedy,1963,10,10,8,2,80.0,282.23228721133773,196.66119489179374,657.2089196831341,2257.858297690702,3
0.18,24,11,6005061,global_min_cost,1963,10,10,8,2,80.0,282.23228721133773,196.66119489179374,657.2089196831341,2257.8582976907014,3
0.18,32,11,6005061,greedy,1963,10,10,8,2,80.0,267.17096663463735,151.9266742000298,657.2089196831341,2137.367733077099,3
0.18,32,11,6005061,global_min_cost,1963,10,10,8,2,80.0,256.8257736659475,149.1947232447514,657.2089196831341,2054.60618932758,3
0.18,8,12,6005062,greedy,2040,10,10,6,4,60.0,997.5721355806565,1038.8241687759141,1424.386936213396,5985.43281348394,10
0.18,8,12,6005062,global_min_cost,2040,10,10,6,4,60.0,907.62363669028,962.0833384064531,1407.8839836565003,5445.74182014168,10
0.18,10,12,6005062,greedy,2040,10,10,6,4,60.0,834.6467987303238,800.4704503856967,1249.6816781534446,5007.880792381942,10
0.18,10,12,6005062,global_min_cost,2040,10,10,6,4,60.0,834.6467987303237,903.5845310586246,1247.4522771244597,5007.880792381942,10
0.18,12,12,6005062,greedy,2040,10,10,6,4,60.0,834.6467987303238,800.4704503856967,1249.6816781534446,5007.880792381942,10
0.18,12,12,6005062,global_min_cost,2040,10,10,6,4,60.0,834.6467987303237,903.5845310586246,1247.4522771244597,5007.880792381942,10
0.18,14,12,6005062,greedy,2040,10,10,6,4,60.0,759.568424247905,724.7534162848668,1175.0322144251136,4557.410545487431,10
0.18,14,12,6005062,global_min_cost,2040,10,10,6,4,60.0,703.6869838417687,575.8888836854375,1182.2684798319817,4222.121903050612,10
0.18,16,12,6005062,greedy,2040,10,10,6,4,60.0,673.0917516729304,493.56885361477566,1172.8028133961288,4038.550510037582,10
0.18,16,12,6005062,global_min_cost,2040,10,10,6,4,60.0,617.2103112667941,487.39938602926804,1011.3279597632272,3703.261867600764,10
0.18,20,12,6005062,greedy,2040,10,10,6,4,60.0,540.6372055137474,399.2871699406644,922.8384621070579,3243.823233082485,10
0.18,20,12,6005062,global_min_cost,2040,10,10,6,4,60.0,531.2620995163761,405.456637526172,922.8384621070579,3187.572597098256,10
0.18,24,12,6005062,greedy,2040,10,10,6,4,60.0,523.3166188055216,352.9035880078868,922.8384621070579,3139.8997128331293,10
0.18,24,12,6005062,global_min_cost,2040,10,10,6,4,60.0,523.3166188055216,352.9035880078868,922.8384621070579,3139.8997128331293,10
0.18,32,12,6005062,greedy,2040,10,10,6,4,60.0,352.2023467738202,320.7884143235493,449.3058503478192,2113.214080642921,10
0.18,32,12,6005062,global_min_cost,2040,10,10,6,4,60.0,352.2023467738202,320.7884143235493,449.3058503478192,2113.214080642921,10
0.18,8,13,6005063,greedy,2117,10,10,4,6,40.0,984.588523665169,1129.060145663184,1192.2664158513744,3938.3540946606754,20
0.18,8,13,6005063,global_min_cost,2117,10,10,4,6,40.0,521.4579672176206,369.51046332524066,886.4779201282539,2085.831868870483,16
0.18,10,13,6005063,greedy,2117,10,10,6,4,60.0,932.1069548527022,906.1693763576675,1541.9581847371892,5592.641729116212,14
0.18,10,13,6005063,global_min_cost,2117,10,10,6,4,60.0,587.9888157877002,369.51046332524066,1152.463473075243,3527.932894726201,8
0.18,12,13,6005063,greedy,2117,10,10,8,2,80.0,996.7607049793334,854.1855692806455,1836.8095645748017,7974.085639834666,8
0.18,12,13,6005063,global_min_cost,2117,10,10,8,2,80.0,614.8107455895719,449.4204576925081,1121.5935190194814,4918.485964716575,6
0.18,14,13,6005063,greedy,2117,10,10,9,1,90.0,1037.4443573819888,862.4159911555649,1818.009472992132,9336.999216437898,3
0.18,14,13,6005063,global_min_cost,2117,10,10,9,1,90.0,752.9338526119415,563.4138668824694,1292.5927431729936,6776.404673507472,5
0.18,16,13,6005063,greedy,2117,10,10,10,0,100.0,808.7841817970653,518.9223953661754,1674.1058935968606,8087.841817970651,0
0.18,16,13,6005063,global_min_cost,2117,10,10,10,0,100.0,803.4019653833319,631.234815933725,1583.7904571598324,8034.019653833319,0
0.18,20,13,6005063,greedy,2117,10,10,10,0,100.0,593.8056039241967,390.86891145996344,1294.0774875842549,5938.056039241966,0
0.18,20,13,6005063,global_min_cost,2117,10,10,10,0,100.0,574.1875220255051,504.6667810631784,1086.2446805124378,5741.875220255052,0
0.18,24,13,6005063,greedy,2117,10,10,10,0,100.0,407.4287284006045,265.37689842889984,826.3489801771373,4074.2872840060454,0
0.18,24,13,6005063,global_min_cost,2117,10,10,10,0,100.0,378.08560364345254,286.9957264887936,541.6490126580621,3780.8560364345253,0
0.18,32,13,6005063,greedy,2117,10,10,10,0,100.0,294.48142942379656,227.91225131286365,487.6728223319294,2944.8142942379664,0
0.18,32,13,6005063,global_min_cost,2117,10,10,10,0,100.0,269.576867874022,206.55507382750054,487.6728223319294,2695.7686787402204,0
0.18,8,14,6005064,greedy,2050,10,10,6,4,60.0,575.8433661799093,615.2002447080774,879.0937112000339,3455.060197079455,14
0.18,8,14,6005064,global_min_cost,2050,10,10,7,3,70.0,570.6973600036239,546.4691805624566,972.5006959668631,3994.8815200253675,11
0.18,10,14,6005064,greedy,2050,10,10,6,4,60.0,531.5549596006194,615.2002447080774,879.0937112000339,3189.3297576037166,14
0.18,10,14,6005064,global_min_cost,2050,10,10,7,3,70.0,532.735868649947,546.4691805624566,972.5006959668631,3729.151080549629,11
0.18,12,14,6005064,greedy,2050,10,10,6,4,60.0,531.5549596006194,615.2002447080774,879.0937112000339,3189.3297576037166,14
0.18,12,14,6005064,global_min_cost,2050,10,10,7,3,70.0,532.735868649947,546.4691805624566,972.5006959668631,3729.151080549629,11
0.18,14,14,6005064,greedy,2050,10,10,6,4,60.0,497.2016380579365,615.2002447080774,776.0337465719851,2983.209828347619,14
0.18,14,14,6005064,global_min_cost,2050,10,10,7,3,70.0,503.29016447050446,546.4691805624566,864.450958017619,3523.0311512935314,11
0.18,16,14,6005064,greedy,2050,10,10,6,4,60.0,489.52046337184515,592.1567206498034,776.0337465719851,2937.1227802310714,14
0.18,16,14,6005064,global_min_cost,2050,10,10,7,3,70.0,492.0555807505617,546.4691805624566,832.9941236017793,3444.389065253932,11
0.18,20,14,6005064,greedy,2050,10,10,8,2,80.0,282.7679166832841,240.80254491194708,567.8668817369721,2262.143333466273,10
0.18,20,14,6005064,global_min_cost,2050,10,10,8,2,80.0,282.7679166832841,240.80254491194708,567.8668817369721,2262.143333466273,10
0.18,24,14,6005064,greedy,2050,10,10,8,2,80.0,282.7679166832841,240.80254491194708,567.8668817369721,2262.143333466273,10
0.18,24,14,6005064,global_min_cost,2050,10,10,8,2,80.0,282.7679166832841,240.80254491194708,567.8668817369721,2262.143333466273,10
0.18,32,14,6005064,greedy,2050,10,10,8,2,80.0,252.70001253073485,240.80254491194708,461.4437162963072,2021.6001002458786,10
0.18,32,14,6005064,global_min_cost,2050,10,10,8,2,80.0,252.70001253073485,240.80254491194708,461.4437162963072,2021.6001002458788,10
0.18,8,15,6005065,greedy,2080,10,10,4,6,40.0,672.6305292357279,584.4087065823473,1152.6340458073855,2690.5221169429115,21
0.18,8,15,6005065,global_min_cost,2080,10,10,4,6,40.0,568.2226777494869,621.4223094531753,808.4730176267517,2272.890710997948,18
0.18,10,15,6005065,greedy,2080,10,10,5,5,50.0,616.4142509482349,748.0087182360912,889.864592137623,3082.071254741175,16
0.18,10,15,6005065,global_min_cost,2080,10,10,5,5,50.0,616.4142509482349,646.1356139486367,932.4956869289473,3082.0712547411745,16
0.18,12,15,6005065,greedy,2080,10,10,6,4,60.0,618.4560120524326,688.3367679047562,880.6182082470488,3710.7360723145957,13
0.18,12,15,6005065,global_min_cost,2080,10,10,6,4,60.0,618.4560120524326,637.4002157610289,931.554760390776,3710.7360723145957,13
0.18,14,15,6005065,greedy,2080,10,10,6,4,60.0,612.558717518818,688.3367679047562,880.6182082470488,3675.3523051129077,13
0.18,14,15,6005065,global_min_cost,2080,10,10,6,4,60.0,612.558717518818,637.4002157610289,931.554760390776,3675.3523051129073,13
0.18,16,15,6005065,greedy,2080,10,10,6,4,60.0,612.558717518818,688.3367679047562,880.6182082470488,3675.3523051129077,13
0.18,16,15,6005065,global_min_cost,2080,10,10,6,4,60.0,612.558717518818,637.4002157610289,931.554760390776,3675.3523051129073,13
0.18,20,15,6005065,greedy,2080,10,10,6,4,60.0,612.558717518818,688.3367679047562,880.6182082470488,3675.3523051129077,13
0.18,20,15,6005065,global_min_cost,2080,10,10,6,4,60.0,612.558717518818,688.3367679047562,880.6182082470488,3675.3523051129073,13
0.18,24,15,6005065,greedy,2080,10,10,6,4,60.0,514.6768145658995,423.1345256890561,880.6182082470488,3088.060887395397,13
0.18,24,15,6005065,global_min_cost,2080,10,10,6,4,60.0,485.92406467402304,407.65277571280217,791.1975035151344,2915.5443880441385,13
0.18,32,15,6005065,greedy,2080,10,10,6,4,60.0,283.91710855584483,252.86075399430257,397.8535141022859,1703.502651335069,13
0.18,32,15,6005065,global_min_cost,2080,10,10,6,4,60.0,283.8630637331579,296.59151617884703,397.8535141022859,1703.1783823989474,13
0.18,8,16,6005066,greedy,2151,10,10,5,5,50.0,1375.7538079697163,881.7483574980715,2773.4822250681786,6878.769039848581,17
0.18,8,16,6005066,global_min_cost,2151,10,10,5,5,50.0,1132.1585638054125,347.02617252219824,2716.4375600768903,5660.792819027064,13
0.18,10,16,6005066,greedy,2151,10,10,7,3,70.0,1043.9577131138524,638.7965924929506,2114.6528176237716,7307.703991796967,11
0.18,10,16,6005066,global_min_cost,2151,10,10,7,3,70.0,929.3531582323687,347.02617252219824,2134.550478998915,6505.472107626581,11
0.18,12,16,6005066,greedy,2151,10,10,7,3,70.0,457.2748616960072,366.01001396884635,667.5746841295598,3200.9240318720504,11
0.18,12,16,6005066,global_min_cost,2151,10,10,7,3,70.0,349.93396269486556,348.52207873374414,438.98373717911164,2449.537738864059,11
0.18,14,16,6005066,greedy,2151,10,10,8,2,80.0,436.320382347199,401.23667862554544,548.2824256790216,3490.563058777592,6
0.18,14,16,6005066,global_min_cost,2151,10,10,8,2,80.0,346.7618140081779,340.52607585936494,442.7024685660586,2774.0945120654233,6
0.18,16,16,6005066,greedy,2151,10,10,9,1,90.0,347.46096561022335,348.52207873374414,459.2022548790304,3127.1486904920102,4
0.18,16,16,6005066,global_min_cost,2151,10,10,9,1,90.0,347.46096561022335,348.52207873374414,446.16448811482564,3127.1486904920093,4
0.18,20,16,6005066,greedy,2151,10,10,9,1,90.0,295.44952030190467,347.02617252219824,384.62031847101076,2659.045682717141,4
0.18,20,16,6005066,global_min_cost,2151,10,10,9,1,90.0,290.271345814297,347.02617252219824,394.3986435441643,2612.442112328673,4
0.18,24,16,6005066,greedy,2151,10,10,9,1,90.0,284.295636280335,334.02597919653164,382.2848084874597,2558.6607265230145,4
0.18,24,16,6005066,global_min_cost,2151,10,10,9,1,90.0,279.1174617927273,334.02597919653164,392.06313356061327,2512.057156134546,4
0.18,32,16,6005066,greedy,2151,10,10,9,1,90.0,214.88433815207972,136.0103373803467,382.2848084874597,1933.9590433687174,4
0.18,32,16,6005066,global_min_cost,2151,10,10,9,1,90.0,214.88433815207972,136.0103373803467,392.06313356061327,1933.9590433687179,4
0.18,8,17,6005067,greedy,2094,10,10,7,3,70.0,448.8779257242244,413.92713085431893,652.2119362886585,3142.145480069571,8
0.18,8,17,6005067,global_min_cost,2094,10,10,7,3,70.0,394.2009881943862,413.92713085431893,633.0792877988591,2759.406917360703,6
0.18,10,17,6005067,greedy,2094,10,10,8,2,80.0,438.0055600030699,388.9682341581717,639.8510362092869,3504.0444800245596,4
0.18,10,17,6005067,global_min_cost,2094,10,10,8,2,80.0,403.41534912089685,388.9176915825567,636.9861580753555,3227.322792967175,3
0.18,12,17,6005067,greedy,2094,10,10,8,2,80.0,413.6172068994806,362.9541687085066,607.9022289655886,3308.937655195845,4
0.18,12,17,6005067,global_min_cost,2094,10,10,8,2,80.0,335.78400570165365,333.2029260632376,509.0686692765535,2686.2720456132292,3
0.18,14,17,6005067,greedy,2094,10,10,8,2,80.0,376.069697704403,343.60766506312706,551.9868592812261,3008.557581635224,4
0.18,14,17,6005067,global_min_cost,2094,10,10,8,2,80.0,301.4075632683365,315.84133179679276,452.59060326625826,2411.260506146692,3
0.18,16,17,6005067,greedy,2094,10,10,8,2,80.0,312.4502556487878,304.6535949109365,543.0333513386835,2499.6020451903023,4
0.18,16,17,6005067,global_min_cost,2094,10,10,8,2,80.0,264.6099104695823,289.70542672235786,356.2925400786447,2116.8792837566584,3
0.18,20,17,6005067,greedy,2094,10,10,9,1,90.0,236.91786304665052,216.3400937173371,386.5476853343573,2132.260767419855,2
0.18,20,17,6005067,global_min_cost,2094,10,10,9,1,90.0,235.87844032646117,170.6159200679868,386.5476853343573,2122.9059629381504,2
0.18,24,17,6005067,greedy,2094,10,10,9,1,90.0,207.94585633175197,159.78398149260215,386.5476853343573,1871.5127069857676,2
0.18,24,17,6005067,global_min_cost,2094,10,10,9,1,90.0,202.1796101990851,157.16270580372532,386.5476853343573,1819.6164917917658,2
0.18,32,17,6005067,greedy,2094,10,10,9,1,90.0,195.80390732899605,159.78398149260215,321.16717592134006,1762.2351659609644,2
0.18,32,17,6005067,global_min_cost,2094,10,10,9,1,90.0,190.03766119632917,157.16270580372532,321.16717592134006,1710.3389507669624,2
0.18,8,18,6005068,greedy,2119,10,10,7,3,70.0,1524.0362606225306,926.1907633543829,3360.690567523655,10668.253824357715,10
0.18,8,18,6005068,global_min_cost,2119,10,10,7,3,70.0,1288.1639702826208,330.03728670164264,2862.5711835815096,9017.147791978345,10
0.18,10,18,6005068,greedy,2119,10,10,8,2,80.0,1420.6316504530735,768.4166900341577,3194.80498647774,11365.053203624586,8
0.18,10,18,6005068,global_min_cost,2119,10,10,8,2,80.0,1172.209303218499,962.0814209287869,2331.177816375034,9377.674425747991,8
0.18,12,18,6005068,greedy,2119,10,10,8,2,80.0,890.7834948029326,666.7213794301151,1670.8901906226374,7126.267958423461,8
0.18,12,18,6005068,global_min_cost,2119,10,10,8,2,80.0,750.7097436057846,777.350411556156,1359.5282381650468,6005.677948846276,8
0.18,14,18,6005068,greedy,2119,10,10,8,2,80.0,591.3756307150528,419.0905461069399,1137.0719624569629,4731.005045720422,8
0.18,14,18,6005068,global_min_cost,2119,10,10,8,2,80.0,561.3530109956647,519.0763925416983,957.0723366174223,4490.8240879653185,8
0.18,16,18,6005068,greedy,2119,10,10,8,2,80.0,577.3576565497216,418.10143720697795,1096.811837499815,4618.861252397773,8
0.18,16,18,6005068,global_min_cost,2119,10,10,8,2,80.0,463.7338210900166,355.05179375913065,884.9502041550304,3709.8705687201327,8
0.18,20,18,6005068,greedy,2119,10,10,8,2,80.0,359.310542792505,250.01983341434854,749.8611686587537,2874.48434234004,8
0.18,20,18,6005068,global_min_cost,2119,10,10,8,2,80.0,359.310542792505,250.01983341434854,749.8611686587537,2874.48434234004,8
0.18,24,18,6005068,greedy,2119,10,10,8,2,80.0,335.88393032051647,224.2661699990257,742.281874285154,2687.0714425641318,8
0.18,24,18,6005068,global_min_cost,2119,10,10,8,2,80.0,335.88393032051647,224.2661699990257,742.281874285154,2687.0714425641318,8
0.18,32,18,6005068,greedy,2119,10,10,8,2,80.0,274.3430064838693,224.2661699990257,428.4576884131595,2194.7440518709545,8
0.18,32,18,6005068,global_min_cost,2119,10,10,8,2,80.0,274.3430064838693,224.2661699990257,428.4576884131595,2194.7440518709545,8
0.18,8,19,6005069,greedy,2037,10,10,7,3,70.0,1283.2763697487746,546.0131301383557,2786.7795373571953,8982.934588241422,10
0.18,8,19,6005069,global_min_cost,2037,10,10,7,3,70.0,925.9326344560909,337.1472698221443,2372.815052736491,6481.528441192636,5
0.18,10,19,6005069,greedy,2037,10,10,8,2,80.0,1156.109303262628,480.5354486240069,2507.728035859702,9248.874426101023,7
0.18,10,19,6005069,global_min_cost,2037,10,10,8,2,80.0,871.1033492850623,378.2787520201434,2180.6751453439197,6968.826794280498,3
0.18,12,19,6005069,greedy,2037,10,10,9,1,90.0,656.3514729057298,415.05776710965813,1575.3923606789563,5907.163256151567,2
0.18,12,19,6005069,global_min_cost,2037,10,10,9,1,90.0,636.1350074488146,468.483100666074,1168.4730508292378,5725.215067039331,2
0.18,14,19,6005069,greedy,2037,10,10,9,1,90.0,599.4398240129923,415.05776710965813,1545.2832596384067,5394.95841611693,2
0.18,14,19,6005069,global_min_cost,2037,10,10,9,1,90.0,588.3038623497968,468.483100666074,1070.0537107781895,5294.73476114817,2
0.18,16,19,6005069,greedy,2037,10,10,9,1,90.0,542.3253723076149,305.41502489521633,1545.2832596384067,4880.928350768534,2
0.18,16,19,6005069,global_min_cost,2037,10,10,9,1,90.0,535.7266232458644,419.4102342181424,1070.0537107781895,4821.539609212779,2
0.18,20,19,6005069,greedy,2037,10,10,9,1,90.0,373.936229553332,259.740588742717,635.0451468704989,3365.426065979988,2
0.18,20,19,6005069,global_min_cost,2037,10,10,9,1,90.0,365.2283149274238,329.83594656350334,627.3459355160459,3287.0548343468135,2
0.18,24,19,6005069,greedy,2037,10,10,9,1,90.0,286.1187320653911,220.54749730093022,472.27015283419576,2575.0685885885196,2
0.18,24,19,6005069,global_min_cost,2037,10,10,9,1,90.0,281.6213152676913,220.54749730093022,460.2532472630768,2534.5918374092207,2
0.18,32,19,6005069,greedy,2037,10,10,9,1,90.0,117.44895787237543,113.32755788484664,196.14430237418316,1057.040620851379,2
0.18,32,19,6005069,global_min_cost,2037,10,10,9,1,90.0,117.44895787237543,113.32755788484664,196.14430237418316,1057.040620851379,2
0.18,8,20,6005070,greedy,2052,10,10,6,4,60.0,1175.0150440006698,1088.0475956566506,2061.8481065479023,7050.0902640040185,15
0.18,8,20,6005070,global_min_cost,2052,10,10,6,4,60.0,1140.5601280527922,1041.054758471439,2061.848106547902,6843.360768316752,17
0.18,10,20,6005070,greedy,2052,10,10,8,2,80.0,1356.397379659177,1164.9804210040206,2666.4262138425815,10851.179037273414,9
0.18,10,20,6005070,global_min_cost,2052,10,10,8,2,80.0,1247.2832565774488,1166.1206323944061,2205.8081641537883,9978.26605261959,9
0.18,12,20,6005070,greedy,2052,10,10,8,2,80.0,923.2330710328021,489.2466123976578,2284.246252654843,7385.864568262417,9
0.18,12,20,6005070,global_min_cost,2052,10,10,8,2,80.0,811.8736969339435,584.6589239446407,1717.8788888445563,6494.989575471548,9
0.18,14,20,6005070,greedy,2052,10,10,8,2,80.0,923.2330710328021,489.2466123976578,2284.246252654843,7385.864568262417,9
0.18,14,20,6005070,global_min_cost,2052,10,10,8,2,80.0,811.8736969339435,584.6589239446407,1655.4204594543519,6494.989575471548,9
0.18,16,20,6005070,greedy,2052,10,10,8,2,80.0,633.4471233746108,437.763787667936,1130.8711758419495,5067.576986996886,9
0.18,16,20,6005070,global_min_cost,2052,10,10,8,2,80.0,516.3517854442998,338.4153859130051,970.3315351134333,4130.814283554399,9
0.18,20,20,6005070,greedy,2052,10,10,8,2,80.0,300.565597731858,263.05165698040764,414.4579245995513,2404.524781854864,9
0.18,20,20,6005070,global_min_cost,2052,10,10,8,2,80.0,299.97602306962943,273.8450643307454,411.660363336876,2399.8081845570355,9
0.18,24,20,6005070,greedy,2052,10,10,8,2,80.0,275.21127065310054,249.91785011248697,414.4579245995513,2201.6901652248043,9
0.18,24,20,6005070,global_min_cost,2052,10,10,8,2,80.0,271.40393653929584,264.0626701819681,396.0708389325864,2171.2314923143667,9
0.18,32,20,6005070,greedy,2052,10,10,8,2,80.0,227.14989250824112,206.58453271255968,353.95057854079107,1817.199140065929,9
0.18,32,20,6005070,global_min_cost,2052,10,10,8,2,80.0,227.14989250824112,206.58453271255968,353.95057854079107,1817.199140065929,9
0.18,8,21,6005071,greedy,1995,10,10,6,4,60.0,1241.9474576068721,570.7657685410584,2826.037665244048,7451.684745641232,11
0.18,8,21,6005071,global_min_cost,1995,10,10,6,4,60.0,928.8363331301645,352.9928641537228,2247.1106240315785,5573.017998780987,13
0.18,10,21,6005071,greedy,1995,10,10,7,3,70.0,937.75552493164,371.66847424256196,2048.9248884559433,6564.28867452148,9
0.18,10,21,6005071,global_min_cost,1995,10,10,7,3,70.0,809.4962948951627,334.3172540648836,2029.7100334948118,5666.474064266139,11
0.18,12,21,6005071,greedy,1995,10,10,8,2,80.0,1135.642655075511,552.8926369063742,2607.299198753836,9085.141240604087,7
0.18,12,21,6005071,global_min_cost,1995,10,10,8,2,80.0,807.1749423263004,352.9928641537228,1812.3094429580433,6457.399538610403,7
0.18,14,21,6005071,greedy,1995,10,10,9,1,90.0,966.0599743656184,345.13195173813665,2693.9509307203953,8694.539769290564,2
0.18,14,21,6005071,global_min_cost,1995,10,10,9,1,90.0,755.544622873961,334.3172540648836,1594.9088524212766,6799.901605865649,2
0.18,16,21,6005071,greedy,1995,10,10,9,1,90.0,810.9928069043439,345.13195173813665,1584.4626899100506,7298.935262139094,2
0.18,16,21,6005071,global_min_cost,1995,10,10,9,1,90.0,493.678480332403,334.3172540648836,1013.8761693426636,4443.106322991627,2
0.18,20,21,6005071,greedy,1995,10,10,9,1,90.0,514.6353450432822,345.13195173813665,1011.264628714857,4631.718105389539,2
0.18,20,21,6005071,global_min_cost,1995,10,10,9,1,90.0,493.678480332403,334.3172540648836,1013.8761693426636,4443.106322991627,2
0.18,24,21,6005071,greedy,1995,10,10,9,1,90.0,460.5015156422198,345.13195173813665,989.1500051195444,4144.513640779978,2
0.18,24,21,6005071,global_min_cost,1995,10,10,9,1,90.0,460.0587030687061,334.3172540648836,989.1500051195444,4140.5283276183545,2
0.18,32,21,6005071,greedy,1995,10,10,9,1,90.0,369.53617334974706,334.3172540648836,551.8570296594896,3325.8255601477235,2
0.18,32,21,6005071,global_min_cost,1995,10,10,9,1,90.0,369.09336077623334,323.76062400613625,750.0094881325788,3321.8402469861,2
0.18,8,22,6005072,greedy,2071,10,10,8,2,80.0,1086.0475316179372,872.2244853837091,2017.7896254590723,8688.380252943498,4
0.18,8,22,6005072,global_min_cost,2071,10,10,8,2,80.0,1071.8428987034204,811.1741735258772,2106.985989225159,8574.743189627363,4
0.18,10,22,6005072,greedy,2071,10,10,8,2,80.0,688.0726087446736,656.2139977851695,977.8206366502777,5504.580869957389,4
0.18,10,22,6005072,global_min_cost,2071,10,10,9,1,90.0,780.7270885853599,610.9031782289711,1348.1643216103175,7026.543797268238,1
0.18,12,22,6005072,greedy,2071,10,10,8,2,80.0,549.872837310162,584.9955629156691,709.2728427579378,4398.982698481296,4
0.18,12,22,6005072,global_min_cost,2071,10,10,9,1,90.0,586.3810619792969,600.3374722990908,1139.4597486477853,5277.429557813673,1
0.18,14,22,6005072,greedy,2071,10,10,9,1,90.0,425.09516810444285,446.5005167743925,656.0408120627475,3825.856512939986,1
0.18,14,22,6005072,global_min_cost,2071,10,10,9,1,90.0,425.09516810444285,375.27405274216403,674.8700464469293,3825.856512939986,1
0.18,16,22,6005072,greedy,2071,10,10,9,1,90.0,415.46692617644294,446.5005167743925,650.4499217037966,3739.2023355879865,1
0.18,16,22,6005072,global_min_cost,2071,10,10,9,1,90.0,415.46692617644294,372.87880575318326,674.8700464469293,3739.202335587987,1
0.18,20,22,6005072,greedy,2071,10,10,9,1,90.0,402.6197206012225,405.0470577187964,650.4499217037966,3623.5774854110027,1
0.18,20,22,6005072,global_min_cost,2071,10,10,9,1,90.0,366.70694430482746,367.3746260032648,677.3052462957564,3300.362498743447,1
0.18,24,22,6005072,greedy,2071,10,10,9,1,90.0,320.3664340788965,337.6016210266324,509.89980320564314,2883.2979067100687,1
0.18,24,22,6005072,global_min_cost,2071,10,10,9,1,90.0,291.3562400325841,257.23611705235896,456.19629931328336,2622.206160293257,1
0.18,32,22,6005072,greedy,2071,10,10,9,1,90.0,261.9841282228057,337.6016210266324,413.33774952991564,2357.8571540052512,1
0.18,32,22,6005072,global_min_cost,2071,10,10,9,1,90.0,241.71773842003506,185.83147205639995,413.33774952991564,2175.4596457803154,1
0.18,8,23,6005073,greedy,2116,10,10,6,4,60.0,435.3939272351033,442.4183048630367,616.0230226944273,2612.36356341062,11
0.18,8,23,6005073,global_min_cost,2116,10,10,7,3,70.0,737.238210856221,382.1201354884288,1491.7651474932845,5160.667475993547,10
0.18,10,23,6005073,greedy,2116,10,10,7,3,70.0,424.90596222290435,494.39174031332266,596.9603294297015,2974.3417355603306,10
0.18,10,23,6005073,global_min_cost,2116,10,10,7,3,70.0,404.4732507263557,443.89823473069646,582.1016027488862,2831.3127550844897,10
0.18,12,23,6005073,greedy,2116,10,10,7,3,70.0,424.90596222290435,494.39174031332266,596.9603294297015,2974.3417355603306,10
0.18,12,23,6005073,global_min_cost,2116,10,10,7,3,70.0,404.4732507263557,443.89823473069646,582.1016027488862,2831.3127550844897,10
0.18,14,23,6005073,greedy,2116,10,10,7,3,70.0,424.90596222290435,494.39174031332266,596.9603294297015,2974.3417355603306,10
0.18,14,23,6005073,global_min_cost,2116,10,10,7,3,70.0,404.4732507263557,443.89823473069646,582.1016027488862,2831.3127550844897,10
0.18,16,23,6005073,greedy,2116,10,10,7,3,70.0,370.03967688814,342.8301294530972,581.1696397952163,2590.2777382169797,10
0.18,16,23,6005073,global_min_cost,2116,10,10,7,3,70.0,357.29813649969446,342.8301294530972,552.494884140275,2501.0869554978613,10
0.18,20,23,6005073,greedy,2116,10,10,7,3,70.0,359.26970389445034,315.0550584569236,581.1696397952163,2514.887927261153,10
0.18,20,23,6005073,global_min_cost,2116,10,10,7,3,70.0,346.52816350600483,315.0550584569236,552.494884140275,2425.697144542034,10
0.18,24,23,6005073,greedy,2116,10,10,7,3,70.0,358.3138509225609,308.36408765369737,581.1696397952163,2508.1969564579267,10
0.18,24,23,6005073,global_min_cost,2116,10,10,7,3,70.0,323.70093967761,277.83122395234994,552.494884140275,2265.90657774327,10
0.18,32,23,6005073,greedy,2116,10,10,7,3,70.0,305.176045635602,222.32956868966474,530.7140570782419,2136.2323194492146,10
0.18,32,23,6005073,global_min_cost,2116,10,10,7,3,70.0,286.6851690475495,242.41705270690966,529.3403336309456,2006.7961833328463,10
0.18,8,24,6005074,greedy,2123,10,10,7,3,70.0,501.7266416888505,462.4148373371772,781.4103391003937,3512.0864918219536,12
0.18,8,24,6005074,global_min_cost,2123,10,10,7,3,70.0,473.2295004327381,328.3546588606659,869.8363565022136,3312.6065030291666,12
0.18,10,24,6005074,greedy,2123,10,10,7,3,70.0,445.30620239808854,340.21639956159515,781.4103391003937,3117.14341678662,12
0.18,10,24,6005074,global_min_cost,2123,10,10,7,3,70.0,416.80906114197614,301.2100005628169,827.7786439100839,2917.6634279938326,12
0.18,12,24,6005074,greedy,2123,10,10,7,3,70.0,445.30620239808854,340.21639956159515,781.4103391003937,3117.14341678662,12
0.18,12,24,6005074,global_min_cost,2123,10,10,7,3,70.0,416.80906114197614,280.16047021550474,869.8363565022136,2917.6634279938326,12
0.18,14,24,6005074,greedy,2123,10,10,7,3,70.0,323.0028162053023,280.16047021550474,511.98436275893016,2261.0197134371165,12
0.18,14,24,6005074,global_min_cost,2123,10,10,7,3,70.0,323.0028162053023,280.16047021550474,511.98436275893016,2261.0197134371165,12
0.18,16,24,6005074,greedy,2123,10,10,7,3,70.0,323.0028162053023,280.16047021550474,511.98436275893016,2261.0197134371165,12
0.18,16,24,6005074,global_min_cost,2123,10,10,7,3,70.0,323.0028162053023,280.16047021550474,511.98436275893016,2261.0197134371165,12
0.18,20,24,6005074,greedy,2123,10,10,7,3,70.0,248.1508175309301,263.4649278857206,317.3331269793721,1737.055722716511,12
0.18,20,24,6005074,global_min_cost,2123,10,10,7,3,70.0,248.1508175309301,263.4649278857206,317.3331269793721,1737.0557227165104,12
0.18,24,24,6005074,greedy,2123,10,10,8,2,80.0,222.140621067544,213.83516656024506,315.4962049991564,1777.1249685403518,8
0.18,24,24,6005074,global_min_cost,2123,10,10,8,2,80.0,222.140621067544,213.83516656024506,315.4962049991564,1777.124968540352,8
0.18,32,24,6005074,greedy,2123,10,10,8,2,80.0,222.140621067544,213.83516656024506,315.4962049991564,1777.1249685403518,8
0.18,32,24,6005074,global_min_cost,2123,10,10,8,2,80.0,222.140621067544,213.83516656024506,315.4962049991564,1777.124968540352,8
0.18,8,25,6005075,greedy,2075,10,10,5,5,50.0,228.9333859551843,246.55120395577396,443.5555552384486,1144.6669297759215,11
0.18,8,25,6005075,global_min_cost,2075,10,10,5,5,50.0,209.4884068142516,246.55120395577396,385.2206178156505,1047.442034071258,11
0.18,10,25,6005075,greedy,2075,10,10,6,4,60.0,298.76210051098803,277.60474037877833,590.6963737431163,1792.5726030659282,7
0.18,10,25,6005075,global_min_cost,2075,10,10,6,4,60.0,298.76210051098803,277.60474037877833,590.6963737431163,1792.572603065928,7
0.18,12,25,6005075,greedy,2075,10,10,7,3,70.0,359.46339398044444,308.65827680178273,678.2118658928772,2516.243757863111,4
0.18,12,25,6005075,global_min_cost,2075,10,10,7,3,70.0,281.0092843031353,246.55120395577396,579.2545138337382,1967.064990121947,5
0.18,14,25,6005075,greedy,2075,10,10,7,3,70.0,359.46339398044444,308.65827680178273,678.2118658928772,2516.243757863111,4
0.18,14,25,6005075,global_min_cost,2075,10,10,7,3,70.0,281.0092843031353,246.55120395577396,579.2545138337382,1967.064990121947,5
0.18,16,25,6005075,greedy,2075,10,10,7,3,70.0,359.46339398044444,308.65827680178273,678.2118658928772,2516.243757863111,4
0.18,16,25,6005075,global_min_cost,2075,10,10,7,3,70.0,281.0092843031353,246.55120395577396,559.8095346928056,1967.0649901219472,5
0.18,20,25,6005075,greedy,2075,10,10,9,1,90.0,307.4325560355563,356.42734593526006,556.370794014982,2766.893004320006,2
0.18,20,25,6005075,global_min_cost,2075,10,10,9,1,90.0,257.17681813609687,174.492387056019,556.370794014982,2314.5913632248717,1
0.18,24,25,6005075,greedy,2075,10,10,10,0,100.0,276.9757239692264,246.72873552664092,544.928934105604,2769.757239692264,0
0.18,24,25,6005075,global_min_cost,2075,10,10,10,0,100.0,276.9757239692264,246.72873552664092,467.149017541873,2769.757239692264,0
0.18,32,25,6005075,greedy,2075,10,10,10,0,100.0,276.9757239692264,246.72873552664092,544.928934105604,2769.757239692264,0
0.18,32,25,6005075,global_min_cost,2075,10,10,10,0,100.0,276.9757239692264,246.72873552664092,544.928934105604,2769.757239692264,0
0.18,8,26,6005076,greedy,1997,10,10,7,3,70.0,491.875384120348,581.211291450342,718.723113426666,3443.1276888424354,10
0.18,8,26,6005076,global_min_cost,1997,10,10,7,3,70.0,392.6712668929143,477.24743654538054,601.4012962768785,2748.6988682503998,12
0.18,10,26,6005076,greedy,1997,10,10,9,1,90.0,559.0052981489277,581.211291450342,976.9914241440548,5031.04768334035,5
0.18,10,26,6005076,global_min_cost,1997,10,10,9,1,90.0,448.87103142129916,477.24743654538054,784.0947381266793,4039.8392827916923,5
0.18,12,26,6005076,greedy,1997,10,10,9,1,90.0,339.4099917786986,304.48454730728486,583.691270313831,3054.6899260082873,5
0.18,12,26,6005076,global_min_cost,1997,10,10,9,1,90.0,324.1844453026197,257.7244467207352,588.6675367872023,2917.660007723577,5
0.18,14,26,6005076,greedy,1997,10,10,9,1,90.0,279.2170281608791,213.78576385897884,498.04020752637285,2512.953253447912,5
0.18,14,26,6005076,global_min_cost,1997,10,10,9,1,90.0,279.2170281608791,213.78576385897884,498.04020752637285,2512.9532534479126,5
0.18,16,26,6005076,greedy,1997,10,10,9,1,90.0,279.2170281608791,213.78576385897884,498.04020752637285,2512.953253447912,5
0.18,16,26,6005076,global_min_cost,1997,10,10,9,1,90.0,279.2170281608791,213.78576385897884,498.04020752637285,2512.9532534479126,5
0.18,20,26,6005076,greedy,1997,10,10,9,1,90.0,279.2170281608791,213.78576385897884,498.04020752637285,2512.953253447912,5
0.18,20,26,6005076,global_min_cost,1997,10,10,9,1,90.0,279.2170281608791,213.78576385897884,498.04020752637285,2512.9532534479126,5
0.18,24,26,6005076,greedy,1997,10,10,9,1,90.0,231.18859101264246,199.52151813952005,359.8298961358963,2080.697319113782,5
0.18,24,26,6005076,global_min_cost,1997,10,10,9,1,90.0,231.18859101264246,199.52151813952005,359.8298961358963,2080.697319113782,5
0.18,32,26,6005076,greedy,1997,10,10,9,1,90.0,196.6911496943494,190.67526692554884,293.9290228541304,1770.2203472491447,5
0.18,32,26,6005076,global_min_cost,1997,10,10,9,1,90.0,196.49656232194187,187.91332319814504,293.9290228541304,1768.4690608974765,5
0.18,8,27,6005077,greedy,2039,10,10,5,5,50.0,423.63305721327146,360.83850500970243,661.2185578763882,2118.1652860663576,12
0.18,8,27,6005077,global_min_cost,2039,10,10,6,4,60.0,237.8575749710353,177.59968066536385,431.7744274974352,1427.145449826212,13
0.18,10,27,6005077,greedy,2039,10,10,6,4,60.0,453.07813159732495,351.26575673846617,781.9215339909408,2718.4687895839497,8
0.18,10,27,6005077,global_min_cost,2039,10,10,7,3,70.0,289.6355647634006,216.8327401959721,552.3019748655297,2027.4489533438043,9
0.18,12,27,6005077,greedy,2039,10,10,8,2,80.0,517.7570573755213,397.99891673088615,924.8780251800679,4142.05645900417,3
0.18,12,27,6005077,global_min_cost,2039,10,10,9,1,90.0,348.2491741181651,253.94392558225405,728.9202529038224,3134.242567063486,2
0.18,14,27,6005077,greedy,2039,10,10,8,2,80.0,517.7570573755213,397.99891673088615,924.8780251800679,4142.05645900417,3
0.18,14,27,6005077,global_min_cost,2039,10,10,9,1,90.0,348.2491741181651,253.94392558225405,728.9202529038224,3134.242567063486,2
0.18,16,27,6005077,greedy,2039,10,10,8,2,80.0,507.8464421509146,397.99891673088615,901.092548641012,4062.771537207317,3
0.18,16,27,6005077,global_min_cost,2039,10,10,9,1,90.0,329.92466840057676,360.83850500970243,486.9467547644626,2969.3220156051907,2
0.18,20,27,6005077,greedy,2039,10,10,8,2,80.0,300.1907976783782,262.6726053411302,480.5295256694338,2401.5263814270256,3
0.18,20,27,6005077,global_min_cost,2039,10,10,9,1,90.0,262.87862877714343,216.8327401959721,468.1881634651744,2365.907658994291,2
0.18,24,27,6005077,greedy,2039,10,10,9,1,90.0,276.88410950001827,216.8327401959721,463.41895740541116,2491.9569855001646,2
0.18,24,27,6005077,global_min_cost,2039,10,10,9,1,90.0,257.4036766734859,204.66935664933646,468.1881634651744,2316.633090061373,2
0.18,32,27,6005077,greedy,2039,10,10,9,1,90.0,182.45934593590167,138.3666211347556,271.50017939099905,1642.134113423115,2
0.18,32,27,6005077,global_min_cost,2039,10,10,9,1,90.0,182.45934593590167,134.34422761817424,272.30465809431536,1642.1341134231147,2
0.18,8,28,6005078,greedy,2036,10,10,7,3,70.0,566.5322609553856,541.4410755666421,1032.1126042682893,3965.7258266876997,9
0.18,8,28,6005078,global_min_cost,2036,10,10,7,3,70.0,394.95086326016644,368.8842217450013,735.6842763770935,2764.656042821165,9
0.18,10,28,6005078,greedy,2036,10,10,9,1,90.0,531.4846670842207,493.6425961179564,1010.6111282403849,4783.362003757987,3
0.18,10,28,6005078,global_min_cost,2036,10,10,9,1,90.0,505.61553858848725,487.10645752797404,973.8302770955871,4550.539847296385,3
0.18,12,28,6005078,greedy,2036,10,10,9,1,90.0,445.99411507561115,365.80756367063935,846.7274901818105,4013.9470356805004,3
0.18,12,28,6005078,global_min_cost,2036,10,10,9,1,90.0,402.5056985148978,468.0368572564385,642.817486131242,3622.5512866340805,3
0.18,14,28,6005078,greedy,2036,10,10,9,1,90.0,383.6140563830764,365.80756367063935,730.1947654339892,3452.5265074476874,3
0.18,14,28,6005078,global_min_cost,2036,10,10,9,1,90.0,345.7163852234194,468.0368572564385,564.5473112186964,3111.4474670107747,3
0.18,16,28,6005078,greedy,2036,10,10,9,1,90.0,383.6140563830764,365.80756367063935,730.1947654339892,3452.5265074476874,3
0.18,16,28,6005078,global_min_cost,2036,10,10,9,1,90.0,345.7163852234194,468.0368572564385,564.5473112186964,3111.4474670107747,3
0.18,20,28,6005078,greedy,2036,10,10,9,1,90.0,345.1284636662468,308.3143637953534,643.8484863911054,3106.1561729962204,3
0.18,20,28,6005078,global_min_cost,2036,10,10,9,1,90.0,303.6540103944763,308.3143637953534,511.58285636990576,2732.8860935502867,3
0.18,24,28,6005078,greedy,2036,10,10,9,1,90.0,344.31887110972536,308.3143637953534,642.3912197893669,3098.8698399875284,3
0.18,24,28,6005078,global_min_cost,2036,10,10,9,1,90.0,293.9409322617478,308.3143637953534,518.2032178109138,2645.4683903557298,3
0.18,32,28,6005078,greedy,2036,10,10,9,1,90.0,341.1577482931241,279.8642584459416,642.3912197893669,3070.419734638117,3
0.18,32,28,6005078,global_min_cost,2036,10,10,9,1,90.0,290.45235418714174,279.8642584459416,515.84553995328,2614.0711876842756,3
0.18,8,29,6005079,greedy,2077,10,10,6,4,60.0,2285.9166405502233,2540.774890680325,3016.166221514072,13715.499843301339,14
0.18,8,29,6005079,global_min_cost,2077,10,10,6,4,60.0,1222.6098686670994,1168.212880555566,2332.7063917038504,7335.659212002596,14
0.18,10,29,6005079,greedy,2077,10,10,8,2,80.0,1618.7729401978181,1668.0974165386529,2600.008947698086,12950.183521582545,8
0.18,10,29,6005079,global_min_cost,2077,10,10,8,2,80.0,1220.583673337507,1214.5050873487296,2256.579347567054,9764.669386700056,7
0.18,12,29,6005079,greedy,2077,10,10,9,1,90.0,1363.4481535700488,982.6810504766745,2601.814306457551,12271.03338213044,3
0.18,12,29,6005079,global_min_cost,2077,10,10,9,1,90.0,1136.189919754823,377.0057155901158,2582.203195560696,10225.709277793409,3
0.18,14,29,6005079,greedy,2077,10,10,9,1,90.0,1086.688500044996,665.9256996861112,2432.5878324452924,9780.196500404963,3
0.18,14,29,6005079,global_min_cost,2077,10,10,9,1,90.0,886.1260611894957,303.2288068429217,2150.157029102482,7975.134550705459,3
0.18,16,29,6005079,greedy,2077,10,10,9,1,90.0,815.1104824505147,495.7975625091247,2060.63058315182,7335.9943420546315,3
0.18,16,29,6005079,global_min_cost,2077,10,10,9,1,90.0,656.7488163396165,320.2001751848292,1728.8953536517683,5910.7393470565485,3
0.18,20,29,6005079,greedy,2077,10,10,9,1,90.0,249.89883112461743,188.2642222216508,467.61311992489635,2249.0894801215572,3
0.18,20,29,6005079,global_min_cost,2077,10,10,9,1,90.0,244.63840207355014,188.2642222216508,467.61311992489635,2201.7456186619515,3
0.18,24,29,6005079,greedy,2077,10,10,9,1,90.0,228.14863545082258,188.2642222216508,449.4960451660215,2053.3377190574033,3
0.18,24,29,6005079,global_min_cost,2077,10,10,9,1,90.0,228.14863545082258,188.2642222216508,449.4960451660215,2053.3377190574033,3
0.18,32,29,6005079,greedy,2077,10,10,9,1,90.0,180.52150266420412,188.2642222216508,278.6740977563217,1624.693523977837,3
0.18,32,29,6005079,global_min_cost,2077,10,10,9,1,90.0,180.52150266420412,188.2642222216508,278.6740977563217,1624.693523977837,3
0.18,8,30,6005080,greedy,2048,10,10,4,6,40.0,1193.3464530283163,1261.6065003120334,2173.0831941352767,4773.385812113265,19
0.18,8,30,6005080,global_min_cost,2048,10,10,4,6,40.0,849.3020222105245,791.2747260381872,1586.0242072645367,3397.2080888420983,22
0.18,10,30,6005080,greedy,2048,10,10,5,5,50.0,1114.0561579574426,800.0185985177282,2274.2927186753845,5570.280789787213,14
0.18,10,30,6005080,global_min_cost,2048,10,10,5,5,50.0,802.3136848400828,614.3603353583159,1518.9861607580924,4011.568424200414,18
0.18,12,30,6005080,greedy,2048,10,10,6,4,60.0,1123.0089547079258,983.895768489035,2193.100323360132,6738.053728247554,13
0.18,12,30,6005080,global_min_cost,2048,10,10,6,4,60.0,1110.2742968129542,1036.959115961936,1972.9234618068408,6661.645780877724,13
0.18,14,30,6005080,greedy,2048,10,10,8,2,80.0,972.0103622542622,792.9237756166114,2331.229857081387,7776.082898034098,6
0.18,14,30,6005080,global_min_cost,2048,10,10,8,2,80.0,916.7913996492085,796.4577517928371,2046.0200497519008,7334.331197193668,6
0.18,16,30,6005080,greedy,2048,10,10,8,2,80.0,972.0103622542622,792.9237756166114,2331.229857081387,7776.082898034098,6
0.18,16,30,6005080,global_min_cost,2048,10,10,8,2,80.0,916.7913996492084,796.4577517928371,2030.7155327296266,7334.331197193668,6
0.18,20,30,6005080,greedy,2048,10,10,9,1,90.0,960.4646629549952,681.2437069959522,2704.112656789142,8644.181966594957,1
0.18,20,30,6005080,global_min_cost,2048,10,10,9,1,90.0,911.3811406393922,905.0842587716264,1949.5231374143743,8202.43026575453,1
0.18,24,30,6005080,greedy,2048,10,10,9,1,90.0,479.2670038757676,577.3751451475515,843.9873794604605,4313.403034881909,1
0.18,24,30,6005080,global_min_cost,2048,10,10,9,1,90.0,438.7929765754205,411.20219963417793,807.0679337669587,3949.1367891787845,1
0.18,32,30,6005080,greedy,2048,10,10,9,1,90.0,417.82075265012685,522.2240398648161,799.5324168428244,3760.386773851142,1
0.18,32,30,6005080,global_min_cost,2048,10,10,9,1,90.0,377.3467253497797,411.20219963417793,759.35826315787,3396.120528148018,1
0.18,8,31,6005081,greedy,2031,10,10,7,3,70.0,1749.1649146218813,997.538195175487,3674.600975833542,12244.154402353168,9
0.18,8,31,6005081,global_min_cost,2031,10,10,7,3,70.0,1663.9178985745039,914.0927462700944,3620.3499873310648,11647.425290021527,9
0.18,10,31,6005081,greedy,2031,10,10,7,3,70.0,1232.9683109910604,997.538195175487,2229.2504856672426,8630.778176937423,9
0.18,10,31,6005081,global_min_cost,2031,10,10,7,3,70.0,1182.4690985352738,914.0927462700944,2383.8784173987497,8277.283689746917,9
0.18,12,31,6005081,greedy,2031,10,10,7,3,70.0,883.4014240395321,991.9555698304523,1406.5822687638668,6183.809968276725,9
0.18,12,31,6005081,global_min_cost,2031,10,10,7,3,70.0,833.898875565651,886.9533934901862,1198.80014095716,5837.292128959558,9
0.18,14,31,6005081,greedy,2031,10,10,7,3,70.0,766.4965708707383,886.9533934901862,1214.2212742154854,5365.475996095169,9
0.18,14,31,6005081,global_min_cost,2031,10,10,7,3,70.0,758.7289340886334,787.5768825429877,1057.4554050228533,5311.102538620434,9
0.18,16,31,6005081,greedy,2031,10,10,7,3,70.0,623.0644271400653,629.2401739376746,976.556665478844,4361.450989980457,9
0.18,16,31,6005081,global_min_cost,2031,10,10,7,3,70.0,623.0644271400654,564.6074774768086,1027.1630109696869,4361.450989980457,9
0.18,20,31,6005081,greedy,2031,10,10,7,3,70.0,550.9381247566811,619.1699422189042,857.5737211315588,3856.566873296768,9
0.18,20,31,6005081,global_min_cost,2031,10,10,7,3,70.0,550.9381247566812,619.1699422189042,815.5728505954523,3856.566873296768,9
0.18,24,31,6005081,greedy,2031,10,10,7,3,70.0,447.60320881417505,317.4309054210986,815.5728505954523,3133.2224616992253,9
0.18,24,31,6005081,global_min_cost,2031,10,10,7,3,70.0,446.0979734574891,492.6540784917974,686.7696305045009,3122.685814202424,9
0.18,32,31,6005081,greedy,2031,10,10,7,3,70.0,444.07451597760775,317.4309054210986,800.7523406818697,3108.521611843254,9
0.18,32,31,6005081,global_min_cost,2031,10,10,7,3,70.0,442.5692806209218,492.6540784917974,676.8892905621124,3097.9849643464527,9
0.18,8,32,6005082,greedy,2022,10,10,8,2,80.0,709.5100147368017,351.9991423069549,1771.030871681621,5676.080117894415,4
0.18,8,32,6005082,global_min_cost,2022,10,10,8,2,80.0,483.51453337049884,319.90325675530363,1232.563010671294,3868.1162669639907,3
0.18,10,32,6005082,greedy,2022,10,10,9,1,90.0,566.6422300139382,412.9757076061352,1307.8263619609902,5099.780070125444,2
0.18,10,32,6005082,global_min_cost,2022,10,10,9,1,90.0,443.1015541110691,291.0225770077747,1140.6955552239485,3987.913986999622,2
0.18,12,32,6005082,greedy,2022,10,10,9,1,90.0,370.8222557593895,325.91043317299204,666.384429040059,3337.4003018345056,2
0.18,12,32,6005082,global_min_cost,2022,10,10,9,1,90.0,311.64432315484004,350.4392263711923,413.16576421175597,2804.7989083935604,2
0.18,14,32,6005082,greedy,2022,10,10,9,1,90.0,306.63745359419545,291.0225770077747,507.1252645811438,2759.737082347759,2
0.18,14,32,6005082,global_min_cost,2022,10,10,9,1,90.0,257.85277707294847,241.55226059829292,421.01183099085154,2320.6749936565366,2
0.18,16,32,6005082,greedy,2022,10,10,9,1,90.0,273.53567198491726,291.0225770077747,425.0630932698956,2461.8210478642554,2
0.18,16,32,6005082,global_min_cost,2022,10,10,9,1,90.0,221.84107330210685,186.57077029408882,413.16576421175597,1996.5696597189617,2
0.18,20,32,6005082,greedy,2022,10,10,9,1,90.0,273.53567198491726,291.0225770077747,425.0630932698956,2461.8210478642554,2
0.18,20,32,6005082,global_min_cost,2022,10,10,9,1,90.0,221.84107330210685,186.57077029408882,413.16576421175597,1996.5696597189617,2
0.18,24,32,6005082,greedy,2022,10,10,9,1,90.0,273.53567198491726,291.0225770077747,425.0630932698956,2461.8210478642554,2
0.18,24,32,6005082,global_min_cost,2022,10,10,9,1,90.0,221.84107330210685,186.57077029408882,413.16576421175597,1996.5696597189617,2
0.18,32,32,6005082,greedy,2022,10,10,9,1,90.0,212.4581391717962,188.5893574071152,357.20274878223506,1912.1232525461658,2
0.18,32,32,6005082,global_min_cost,2022,10,10,9,1,90.0,195.90284378942007,130.91252994204913,409.90931889583186,1763.1255941047807,2
0.18,8,33,6005083,greedy,2071,10,10,6,4,60.0,751.2196858205724,613.5086824429976,1266.14487690827,4507.318114923434,15
0.18,8,33,6005083,global_min_cost,2071,10,10,6,4,60.0,503.8358569760347,460.1550814733709,738.2749445587076,3023.015141856208,15
0.18,10,33,6005083,greedy,2071,10,10,6,4,60.0,751.2196858205724,613.5086824429976,1266.14487690827,4507.318114923434,15
0.18,10,33,6005083,global_min_cost,2071,10,10,6,4,60.0,503.8358569760347,460.1550814733709,738.2749445587076,3023.015141856208,15
0.18,12,33,6005083,greedy,2071,10,10,6,4,60.0,513.7039608312181,460.1550814733709,706.9513029098333,3082.223764987308,15
0.18,12,33,6005083,global_min_cost,2071,10,10,6,4,60.0,416.5833826302623,408.855046044795,495.8517549069353,2499.5002957815736,15
0.18,14,33,6005083,greedy,2071,10,10,6,4,60.0,356.08438086520385,356.6089898381321,450.9539232567274,2136.506285191223,15
0.18,14,33,6005083,global_min_cost,2071,10,10,6,4,60.0,334.0586896336776,362.20194457370326,450.9539232567274,2004.3521378020655,15
0.18,16,33,6005083,greedy,2071,10,10,6,4,60.0,356.08438086520385,356.6089898381321,450.9539232567274,2136.506285191223,15
0.18,16,33,6005083,global_min_cost,2071,10,10,6,4,60.0,334.0586896336776,362.20194457370326,450.9539232567274,2004.3521378020655,15
0.18,20,33,6005083,greedy,2071,10,10,8,2,80.0,390.689440274444,356.6089898381321,518.1277557253495,3125.515522195552,9
0.18,20,33,6005083,global_min_cost,2071,10,10,8,2,80.0,323.6254311067434,345.0433469390565,516.6539453020715,2589.0034488539472,6
0.18,24,33,6005083,greedy,2071,10,10,9,1,90.0,350.2542711682763,351.56530804701544,496.0889217251918,3152.288440514487,5
0.18,24,33,6005083,global_min_cost,2071,10,10,9,1,90.0,335.5704770139255,361.6526716292488,496.0889217251918,3020.1342931253294,5
0.18,32,33,6005083,greedy,2071,10,10,9,1,90.0,321.88819240783914,318.2847805728638,490.6869934465248,2896.9937316705523,5
0.18,32,33,6005083,global_min_cost,2071,10,10,9,1,90.0,307.44234458184064,318.2847805728638,490.6869934465248,2766.9811012365662,5
0.18,8,34,6005084,greedy,2066,10,10,6,4,60.0,841.0256224087818,309.626592502966,2085.1011585351043,5046.1537344526905,15
0.18,8,34,6005084,global_min_cost,2066,10,10,6,4,60.0,841.0256224087818,309.626592502966,2085.1011585351043,5046.153734452691,15
0.18,10,34,6005084,greedy,2066,10,10,6,4,60.0,746.0025368887292,309.626592502966,1800.0319019749468,4476.0152213323745,15
0.18,10,34,6005084,global_min_cost,2066,10,10,6,4,60.0,746.0025368887292,361.1032912844615,1748.5552031934512,4476.0152213323745,15
0.18,12,34,6005084,greedy,2066,10,10,6,4,60.0,588.128842425778,309.626592502966,1326.4108185860932,3528.773054554668,15
0.18,12,34,6005084,global_min_cost,2066,10,10,6,4,60.0,586.2342192259238,341.43433398618413,1186.887109122189,3517.4053153555424,15
0.18,14,34,6005084,greedy,2066,10,10,6,4,60.0,373.9593923745177,230.38121456939828,784.9329675639419,2243.756354247106,15
0.18,14,34,6005084,global_min_cost,2066,10,10,6,4,60.0,373.9593923745176,230.38121456939828,784.9329675639418,2243.756354247106,15
0.18,16,34,6005084,greedy,2066,10,10,6,4,60.0,372.5481840561426,226.147589614273,784.9329675639419,2235.2891043368554,15
0.18,16,34,6005084,global_min_cost,2066,10,10,6,4,60.0,372.54818405614253,226.147589614273,784.9329675639418,2235.2891043368554,15
0.18,20,34,6005084,greedy,2066,10,10,7,3,70.0,351.6457529098007,242.01227773937964,719.009004212064,2461.520270368605,12
0.18,20,34,6005084,global_min_cost,2066,10,10,7,3,70.0,348.42094590385364,219.43862869775023,717.6195935927635,2438.9466213269757,11
0.18,24,34,6005084,greedy,2066,10,10,7,3,70.0,351.6457529098007,242.01227773937964,719.009004212064,2461.520270368605,12
0.18,24,34,6005084,global_min_cost,2066,10,10,7,3,70.0,348.42094590385364,219.43862869775023,717.6195935927635,2438.9466213269757,11
0.18,32,34,6005084,greedy,2066,10,10,8,2,80.0,255.3928423357296,190.8689680954662,520.9453006972581,2043.1427386858365,8
0.18,32,34,6005084,global_min_cost,2066,10,10,8,2,80.0,255.3928423357296,190.8689680954662,520.9453006972581,2043.1427386858365,8
0.18,8,35,6005085,greedy,2037,10,10,4,6,40.0,294.9570927254767,302.3433704226196,419.775193068942,1179.8283709019067,11
0.18,8,35,6005085,global_min_cost,2037,10,10,5,5,50.0,339.09445844826826,209.16428153465338,723.418705251692,1695.4722922413412,8
0.18,10,35,6005085,greedy,2037,10,10,5,5,50.0,371.3046250454638,360.1308210024287,584.1516793199407,1856.523125227319,9
0.18,10,35,6005085,global_min_cost,2037,10,10,6,4,60.0,318.0874880611739,211.1084588301777,643.6082410168783,1908.5249283670432,7
0.18,12,35,6005085,greedy,2037,10,10,6,4,60.0,215.0524916373126,211.1084588301777,293.85242089807053,1290.3149498238756,8
0.18,12,35,6005085,global_min_cost,2037,10,10,6,4,60.0,169.40883221642366,179.8764543285492,228.80427798425626,1016.4529932985421,7
0.18,14,35,6005085,greedy,2037,10,10,7,3,70.0,231.94825148760017,209.16428153465338,361.8484209811435,1623.637760413201,5
0.18,14,35,6005085,global_min_cost,2037,10,10,7,3,70.0,195.25615408576869,164.66674067737938,309.4995295998367,1366.7930786003808,6
0.18,16,35,6005085,greedy,2037,10,10,8,2,80.0,295.2999304878231,226.86010068873193,494.55687371281897,2362.3994439025846,4
0.18,16,35,6005085,global_min_cost,2037,10,10,8,2,80.0,228.82103005652863,186.91551110601637,423.97300952031765,1830.568240452229,4
0.18,20,35,6005085,greedy,2037,10,10,9,1,90.0,277.06137562303104,227.14191413240363,418.6736868080983,2493.5523806072792,2
0.18,20,35,6005085,global_min_cost,2037,10,10,9,1,90.0,224.5221014377379,207.94247523193047,379.82156815328386,2020.6989129396406,2
0.18,24,35,6005085,greedy,2037,10,10,9,1,90.0,268.5848259049353,209.16428153465338,405.49825898261827,2417.263433144418,2
0.18,24,35,6005085,global_min_cost,2037,10,10,9,1,90.0,204.0424314158693,164.66674067737938,379.82156815328386,1836.3818827428236,2
0.18,32,35,6005085,greedy,2037,10,10,9,1,90.0,234.67787960749646,209.16428153465338,361.50891597784516,2112.1009164674683,2
0.18,32,35,6005085,global_min_cost,2037,10,10,9,1,90.0,170.13548511843044,164.66674067737938,251.15869565854155,1531.2193660658738,2
0.18,8,36,6005086,greedy,2002,10,10,6,4,60.0,615.1523484744434,430.4076939652908,1262.2577726544068,3690.9140908466607,9
0.18,8,36,6005086,global_min_cost,2002,10,10,6,4,60.0,473.03877222849707,217.2954292821313,1132.5706329329819,2838.2326333709825,11
0.18,10,36,6005086,greedy,2002,10,10,6,4,60.0,615.1523484744434,430.4076939652908,1262.2577726544068,3690.9140908466607,9
0.18,10,36,6005086,global_min_cost,2002,10,10,6,4,60.0,473.03877222849707,217.2954292821313,1132.5706329329819,2838.2326333709825,11
0.18,12,36,6005086,greedy,2002,10,10,8,2,80.0,637.3504355438068,430.4076939652908,1257.5615559116707,5098.803484350455,6
0.18,12,36,6005086,global_min_cost,2002,10,10,8,2,80.0,508.0253133513251,287.50307749768035,1162.482550343435,4064.202506810601,6
0.18,14,36,6005086,greedy,2002,10,10,8,2,80.0,637.3504355438068,430.4076939652908,1257.5615559116707,5098.803484350455,6
0.18,14,36,6005086,global_min_cost,2002,10,10,8,2,80.0,508.0253133513251,287.50307749768035,1162.482550343435,4064.202506810601,6
0.18,16,36,6005086,greedy,2002,10,10,8,2,80.0,411.62313169641135,217.2954292821313,884.5947441087217,3292.9850535712912,6
0.18,16,36,6005086,global_min_cost,2002,10,10,8,2,80.0,411.62313169641135,217.2954292821313,884.5947441087217,3292.985053571291,6
0.18,20,36,6005086,greedy,2002,10,10,8,2,80.0,342.66095883799767,156.52365875980342,706.8079474324545,2741.2876707039813,6
0.18,20,36,6005086,global_min_cost,2002,10,10,8,2,80.0,341.78098287101653,147.94173463098264,747.2025740604766,2734.247862968133,6
0.18,24,36,6005086,greedy,2002,10,10,8,2,80.0,252.08118459141244,156.52365875980342,489.4164892406501,2016.6494767312995,6
0.18,24,36,6005086,global_min_cost,2002,10,10,8,2,80.0,239.59346434897367,147.94173463098264,464.8077479261094,1916.7477147917896,6
0.18,32,36,6005086,greedy,2002,10,10,8,2,80.0,199.58958572863463,92.34906677264769,431.52040836690367,1596.7166858290768,6
0.18,32,36,6005086,global_min_cost,2002,10,10,8,2,80.0,193.10536553628214,78.70536830468377,431.52040836690367,1544.8429242902569,6
0.18,8,37,6005087,greedy,2020,10,10,5,5,50.0,551.892885949376,112.78812927094732,1272.5183504276695,2759.4644297468803,12
0.18,8,37,6005087,global_min_cost,2020,10,10,5,5,50.0,385.1006015175557,112.78812927094732,934.995356005998,1925.5030075877785,15
0.18,10,37,6005087,greedy,2020,10,10,6,4,60.0,957.3222358654351,673.4615503669074,2141.2881275916343,5743.9334151926105,11
0.18,10,37,6005087,global_min_cost,2020,10,10,6,4,60.0,325.22063062247076,88.66907297928181,849.1404095206516,1951.3237837348247,14
0.18,12,37,6005087,greedy,2020,10,10,7,3,70.0,432.5161973728497,112.78812927094732,1146.5791793597439,3027.613381609948,10
0.18,12,37,6005087,global_min_cost,2020,10,10,7,3,70.0,303.9360465989138,112.78812927094732,771.1623141513675,2127.552326192397,9
0.18,14,37,6005087,greedy,2020,10,10,8,2,80.0,313.3323588918276,103.244210858968,706.66889905118,2506.6588711346203,6
0.18,14,37,6005087,global_min_cost,2020,10,10,8,2,80.0,281.18457762626423,103.244210858968,691.8053555982237,2249.4766210101143,6
0.18,16,37,6005087,greedy,2020,10,10,8,2,80.0,161.08303580344736,103.244210858968,381.82295939618785,1288.6642864275789,6
0.18,16,37,6005087,global_min_cost,2020,10,10,8,2,80.0,161.08303580344736,103.244210858968,381.82295939618785,1288.6642864275789,6
0.18,20,37,6005087,greedy,2020,10,10,8,2,80.0,161.08303580344736,103.244210858968,381.82295939618785,1288.6642864275789,6
0.18,20,37,6005087,global_min_cost,2020,10,10,8,2,80.0,161.08303580344736,103.244210858968,381.82295939618785,1288.6642864275789,6
0.18,24,37,6005087,greedy,2020,10,10,8,2,80.0,158.46447662012113,103.244210858968,367.15902796956107,1267.7158129609693,6
0.18,24,37,6005087,global_min_cost,2020,10,10,8,2,80.0,156.64179722309134,118.87627343863402,304.39576083330775,1253.1343777847308,6
0.18,32,37,6005087,greedy,2020,10,10,8,2,80.0,158.46447662012113,103.244210858968,367.15902796956107,1267.7158129609693,6
0.18,32,37,6005087,global_min_cost,2020,10,10,8,2,80.0,156.64179722309134,118.87627343863402,304.39576083330775,1253.1343777847308,6
0.18,8,38,6005088,greedy,2014,10,10,5,5,50.0,2511.9512715321184,1937.822209232768,5151.8317253905425,12559.75635766059,20
0.18,8,38,6005088,global_min_cost,2014,10,10,5,5,50.0,2026.4364654815433,850.4565653043871,4615.748370860745,10132.182327407716,20
0.18,10,38,6005088,greedy,2014,10,10,5,5,50.0,1333.8506116877081,263.59693729333844,3442.7373710150086,6669.253058438541,20
0.18,10,38,6005088,global_min_cost,2014,10,10,5,5,50.0,1333.8506116877084,263.59693729333844,3396.4971313609785,6669.253058438541,20
0.18,12,38,6005088,greedy,2014,10,10,5,5,50.0,1249.1218813144317,263.59693729333844,3188.551179895179,6245.609406572158,20
0.18,12,38,6005088,global_min_cost,2014,10,10,5,5,50.0,1249.1218813144317,263.59693729333844,3142.3109402411487,6245.609406572158,20
0.18,14,38,6005088,greedy,2014,10,10,5,5,50.0,1241.6421471303804,263.59693729333844,3166.111977343025,6208.210735651902,20
0.18,14,38,6005088,global_min_cost,2014,10,10,5,5,50.0,1241.6421471303804,263.59693729333844,3119.871737688995,6208.210735651902,20
0.18,16,38,6005088,greedy,2014,10,10,5,5,50.0,959.9107336603602,261.30968076754283,2322.2900908484417,4799.553668301801,20
0.18,16,38,6005088,global_min_cost,2014,10,10,5,5,50.0,959.9107336603604,261.30968076754283,2276.0498511944124,4799.553668301802,20
0.18,20,38,6005088,greedy,2014,10,10,5,5,50.0,421.7378825369857,261.30968076754283,801.5734530743714,2108.6894126849284,20
0.18,20,38,6005088,global_min_cost,2014,10,10,5,5,50.0,421.7378825369857,261.30968076754283,801.5734530743714,2108.689412684929,20
0.18,24,38,6005088,greedy,2014,10,10,5,5,50.0,282.3070415998428,261.30968076754283,383.28093026294266,1411.5352079992142,20
0.18,24,38,6005088,global_min_cost,2014,10,10,5,5,50.0,282.3070415998428,261.30968076754283,383.28093026294266,1411.535207999214,20
0.18,32,38,6005088,greedy,2014,10,10,5,5,50.0,263.27682607502027,258.89843771912496,383.28093026294266,1316.3841303751014,20
0.18,32,38,6005088,global_min_cost,2014,10,10,5,5,50.0,263.27682607502027,258.89843771912496,383.28093026294266,1316.3841303751012,20
0.18,8,39,6005089,greedy,2046,10,10,6,4,60.0,3112.976584826251,3006.1529704202376,5454.444874635199,18677.859508957506,14
0.18,8,39,6005089,global_min_cost,2046,10,10,6,4,60.0,2729.5227001310936,2814.2982983339616,5069.509739872119,16377.136200786565,13
0.18,10,39,6005089,greedy,2046,10,10,7,3,70.0,2798.3193770644198,1957.7585696646597,5281.1854641879545,19588.235639450937,9
0.18,10,39,6005089,global_min_cost,2046,10,10,7,3,70.0,2512.1804380381377,2373.0242910763695,5046.681829371959,17585.263066266965,11
0.18,12,39,6005089,greedy,2046,10,10,8,2,80.0,2490.378529093356,2144.9688148884898,4653.122610307791,19923.028232746845,6
0.18,12,39,6005089,global_min_cost,2046,10,10,8,2,80.0,2485.524837053038,2200.718058996187,5098.04289427665,19884.1986964243,6
0.18,14,39,6005089,greedy,2046,10,10,8,2,80.0,1891.2138538948248,2104.7246530173015,3659.9286257438634,15129.710831158598,6
0.18,14,39,6005089,global_min_cost,2046,10,10,8,2,80.0,1813.3321546683878,1382.2095789286068,4025.4507335347334,14506.657237347103,6
0.18,16,39,6005089,greedy,2046,10,10,8,2,80.0,1009.5520222581584,683.9593251545984,2128.9167617261855,8076.4161780652685,6
0.18,16,39,6005089,global_min_cost,2046,10,10,8,2,80.0,819.3201369613491,497.5450131318722,1929.7030734048678,6554.561095690793,6
0.18,20,39,6005089,greedy,2046,10,10,9,1,90.0,749.7385475986717,386.06030005582784,1577.4501025686268,6747.646928388045,2
0.18,20,39,6005089,global_min_cost,2046,10,10,9,1,90.0,604.2210548824586,418.6478158155116,1103.754953579199,5437.989493942127,2
0.18,24,39,6005089,greedy,2046,10,10,9,1,90.0,357.7196111296672,254.06391711245072,711.5680903869903,3219.476500167005,2
0.18,24,39,6005089,global_min_cost,2046,10,10,9,1,90.0,330.40769798079583,254.06391711245072,516.9934787510949,2973.6692818271626,2
0.18,32,39,6005089,greedy,2046,10,10,9,1,90.0,293.02496888204854,254.06391711245072,479.0818195246699,2637.224719938437,2
0.18,32,39,6005089,global_min_cost,2046,10,10,9,1,90.0,293.02496888204854,254.06391711245072,529.8426812365922,2637.2247199384365,2
0.18,8,40,6005090,greedy,2009,10,10,7,3,70.0,969.545452399695,390.31067561503966,2239.733645402551,6786.818166797866,11
0.18,8,40,6005090,global_min_cost,2009,10,10,7,3,70.0,340.9293805950009,283.453737504423,713.2561921080071,2386.5056641650067,11
0.18,10,40,6005090,greedy,2009,10,10,9,1,90.0,512.9371014260927,390.31067561503966,955.9459747509882,4616.433912834835,4
0.18,10,40,6005090,global_min_cost,2009,10,10,9,1,90.0,394.6182485267486,283.453737504423,797.5554107791532,3551.564236740737,5
0.18,12,40,6005090,greedy,2009,10,10,10,0,100.0,528.5812384786857,484.71307311285955,909.1585850594495,5285.8123847868565,0
0.18,12,40,6005090,global_min_cost,2009,10,10,10,0,100.0,468.4391079866266,432.92326879423234,802.4138457042352,4684.3910798662655,0
0.18,14,40,6005090,greedy,2009,10,10,10,0,100.0,528.5812384786857,484.71307311285955,909.1585850594495,5285.8123847868565,0
0.18,14,40,6005090,global_min_cost,2009,10,10,10,0,100.0,468.4391079866266,432.92326879423234,802.4138457042352,4684.3910798662655,0
0.18,16,40,6005090,greedy,2009,10,10,10,0,100.0,457.92059558015376,371.30721335976375,867.753439428192,4579.205955801538,0
0.18,16,40,6005090,global_min_cost,2009,10,10,10,0,100.0,386.89297217892823,333.58042272409494,761.0087000729778,3868.9297217892827,0
0.18,20,40,6005090,greedy,2009,10,10,10,0,100.0,381.468919448295,264.50122693227274,708.7585353970048,3814.68919448295,0
0.18,20,40,6005090,global_min_cost,2009,10,10,10,0,100.0,301.2102077746505,228.29253194424882,699.0301973297943,3012.102077746505,0
0.18,24,40,6005090,greedy,2009,10,10,10,0,100.0,369.0294609119145,230.57661602304375,708.7585353970048,3690.2946091191448,0
0.18,24,40,6005090,global_min_cost,2009,10,10,10,0,100.0,295.3856390788822,199.1696884654075,699.0301973297943,2953.8563907888224,0
0.18,32,40,6005090,greedy,2009,10,10,10,0,100.0,344.4568256031953,230.57661602304375,697.677446374258,3444.568256031953,0
0.18,32,40,6005090,global_min_cost,2009,10,10,10,0,100.0,270.813003770163,199.1696884654075,508.7796584556031,2708.1300377016305,0
0.18,8,41,6005091,greedy,2086,10,10,6,4,60.0,1079.8996572622991,730.2665221647358,2140.2925840310218,6479.397943573795,12
0.18,8,41,6005091,global_min_cost,2086,10,10,6,4,60.0,870.7092684815341,817.4118930471125,1402.7830313455383,5224.255610889204,11
0.18,10,41,6005091,greedy,2086,10,10,7,3,70.0,951.3093624586653,830.0898735781536,1674.33277457125,6659.165537210657,9
0.18,10,41,6005091,global_min_cost,2086,10,10,7,3,70.0,900.5943771877177,847.9910876074691,1345.0740188237078,6304.160640314024,9
0.18,12,41,6005091,greedy,2086,10,10,8,2,80.0,885.9097202765379,730.2665221647358,1658.4416830054558,7087.277762212302,8
0.18,12,41,6005091,global_min_cost,2086,10,10,8,2,80.0,841.5341081644588,818.3437885950095,1335.4863901819913,6732.272865315669,8
0.18,14,41,6005091,greedy,2086,10,10,8,2,80.0,791.2150865313224,629.325587054308,1281.9998930073687,6329.720692250578,8
0.18,14,41,6005091,global_min_cost,2086,10,10,8,2,80.0,787.5337989544543,629.325587054308,1286.8373177871774,6300.270391635635,8
0.18,16,41,6005091,greedy,2086,10,10,9,1,90.0,768.710206619127,630.4431707513178,1181.6340631082448,6918.391859572143,5
0.18,16,41,6005091,global_min_cost,2086,10,10,9,1,90.0,765.4379509952443,630.4431707513178,1183.4042995661152,6888.941558957197,5
0.18,20,41,6005091,greedy,2086,10,10,9,1,90.0,761.4044277295633,628.2080033572981,1177.8758141034768,6852.63984956607,5
0.18,20,41,6005091,global_min_cost,2086,10,10,9,1,90.0,733.3433463070554,630.4431707513178,1169.0833283426628,6600.090116763498,5
0.18,24,41,6005091,greedy,2086,10,10,9,1,90.0,643.7653518050093,628.2080033572981,1163.2368183250799,5793.888166245084,5
0.18,24,41,6005091,global_min_cost,2086,10,10,9,1,90.0,629.7076553832845,628.2080033572981,1163.2368183250799,5667.36889844956,5
0.18,32,41,6005091,greedy,2086,10,10,9,1,90.0,510.7543194727213,419.08254701354275,1123.9075062555019,4596.788875254491,5
0.18,32,41,6005091,global_min_cost,2086,10,10,9,1,90.0,510.7543194727213,419.08254701354275,1123.9075062555019,4596.788875254491,5
0.18,8,42,6005092,greedy,2018,10,10,6,4,60.0,365.7589982932152,306.578633744233,750.7817995203898,2194.553989759291,14
0.18,8,42,6005092,global_min_cost,2018,10,10,6,4,60.0,342.0871301885534,235.56302943024758,750.7817995203898,2052.5227811313202,12
0.18,10,42,6005092,greedy,2018,10,10,7,3,70.0,445.0032696228672,427.89070456393983,842.2450040480968,3115.022887360071,10
0.18,10,42,6005092,global_min_cost,2018,10,10,7,3,70.0,372.46484989190697,285.85949593596894,742.9190110885394,2607.253949243349,11
0.18,12,42,6005092,greedy,2018,10,10,8,2,80.0,464.87301978994674,569.6792809625388,796.2508833944134,3718.984158319574,9
0.18,12,42,6005092,global_min_cost,2018,10,10,8,2,80.0,412.7738135281383,432.05322655492535,735.056222656689,3302.1905082251064,9
0.18,14,42,6005092,greedy,2018,10,10,8,2,80.0,381.3600610626287,375.16524053256103,735.056222656689,3050.880488501029,9
0.18,14,42,6005092,global_min_cost,2018,10,10,9,1,90.0,370.5008763276099,285.85949593596894,727.1934342248386,3334.5078869484887,4
0.18,16,42,6005092,greedy,2018,10,10,8,2,80.0,381.3600610626287,375.16524053256103,735.056222656689,3050.880488501029,9
0.18,16,42,6005092,global_min_cost,2018,10,10,9,1,90.0,370.5008763276099,285.85949593596894,727.1934342248386,3334.5078869484887,4
0.18,20,42,6005092,greedy,2018,10,10,9,1,90.0,286.66460203474605,234.6634116411442,727.1934342248386,2579.9814183127146,4
0.18,20,42,6005092,global_min_cost,2018,10,10,9,1,90.0,286.66460203474605,234.6634116411442,727.1934342248386,2579.981418312715,4
0.18,24,42,6005092,greedy,2018,10,10,9,1,90.0,283.4453860502462,234.6634116411442,727.1934342248386,2551.008474452216,4
0.18,24,42,6005092,global_min_cost,2018,10,10,9,1,90.0,283.4453860502462,234.6634116411442,727.1934342248386,2551.008474452216,4
0.18,32,42,6005092,greedy,2018,10,10,9,1,90.0,283.4453860502462,234.6634116411442,727.1934342248386,2551.008474452216,4
0.18,32,42,6005092,global_min_cost,2018,10,10,9,1,90.0,283.4453860502462,234.6634116411442,727.1934342248386,2551.008474452216,4
0.18,8,43,6005093,greedy,1989,10,10,6,4,60.0,1541.96063774935,1569.5635708580837,2050.7518134203406,9251.7638264961,15
0.18,8,43,6005093,global_min_cost,1989,10,10,6,4,60.0,1129.8498058484395,1195.7119465356375,1716.775037286194,6779.098835090637,12
0.18,10,43,6005093,greedy,1989,10,10,7,3,70.0,1055.455537799331,1045.5180877276957,1508.7170351048733,7388.188764595316,11
0.18,10,43,6005093,global_min_cost,1989,10,10,7,3,70.0,1055.455537799331,1045.5180877276957,1521.5326864560157,7388.188764595316,11
0.18,12,43,6005093,greedy,1989,10,10,7,3,70.0,870.2862595834692,757.1767568484205,1508.7170351048733,6092.003817084284,11
0.18,12,43,6005093,global_min_cost,1989,10,10,7,3,70.0,870.2862595834692,757.1767568484205,1460.1863651795297,6092.0038170842845,11
0.18,14,43,6005093,greedy,1989,10,10,8,2,80.0,758.8374243356413,725.056488189002,1451.65721008274,6070.699394685131,7
0.18,14,43,6005093,global_min_cost,1989,10,10,8,2,80.0,758.8374243356413,725.056488189002,1381.6445694697636,6070.699394685132,7
0.18,16,43,6005093,greedy,1989,10,10,8,2,80.0,731.3638260515212,615.1620950525215,1451.65721008274,5850.91060841217,7
0.18,16,43,6005093,global_min_cost,1989,10,10,8,2,80.0,731.3638260515212,615.1620950525215,1453.215277625664,5850.9106084121695,7
0.18,20,43,6005093,greedy,1989,10,10,8,2,80.0,615.4739412126158,281.0803616621528,1314.451716152917,4923.791529700927,7
0.18,20,43,6005093,global_min_cost,1989,10,10,8,2,80.0,611.8428963096587,523.4950835548783,1142.2330656107952,4894.74317047727,7
0.18,24,43,6005093,greedy,1989,10,10,8,2,80.0,615.4739412126158,281.0803616621528,1314.451716152917,4923.791529700927,7
0.18,24,43,6005093,global_min_cost,1989,10,10,8,2,80.0,611.8428963096587,523.4950835548783,1142.2330656107952,4894.74317047727,7
0.18,32,43,6005093,greedy,1989,10,10,8,2,80.0,487.10943744452425,279.1777259683125,997.0884041512325,3896.875499556194,7
0.18,32,43,6005093,global_min_cost,1989,10,10,8,2,80.0,487.10943744452425,279.1777259683125,997.0884041512325,3896.875499556194,7
0.18,8,44,6005094,greedy,2002,10,10,7,3,70.0,820.2244204481933,573.7670791345835,1632.825116634292,5741.570943137353,10
0.18,8,44,6005094,global_min_cost,2002,10,10,7,3,70.0,477.8455300337234,390.0531912782158,914.5873799870947,3344.918710236064,8
0.18,10,44,6005094,greedy,2002,10,10,9,1,90.0,629.2363550009092,485.8301493027899,1340.486490886399,5663.127195008182,5
0.18,10,44,6005094,global_min_cost,2002,10,10,9,1,90.0,576.4037684631966,326.6172711732881,1233.7569570961812,5187.633916168769,5
0.18,12,44,6005094,greedy,2002,10,10,9,1,90.0,537.1544118774813,435.89510491675844,1072.0135009793507,4834.389706897331,5
0.18,12,44,6005094,global_min_cost,2002,10,10,9,1,90.0,446.6646278237138,287.11127948180524,1057.3741317476704,4019.981650413424,5
0.18,14,44,6005094,greedy,2002,10,10,9,1,90.0,369.6788672089327,197.59584817359138,707.3626202162491,3327.109804880394,5
0.18,14,44,6005094,global_min_cost,2002,10,10,9,1,90.0,335.0526614228452,145.76813172163264,890.0284098934153,3015.4739528056066,5
0.18,16,44,6005094,greedy,2002,10,10,9,1,90.0,356.9644156900235,197.59584817359138,707.3626202162491,3212.6797412102114,5
0.18,16,44,6005094,global_min_cost,2002,10,10,9,1,90.0,333.0063489834967,175.87391218988716,890.0284098934153,2997.05714085147,5
0.18,20,44,6005094,greedy,2002,10,10,9,1,90.0,356.9644156900235,197.59584817359138,707.3626202162491,3212.6797412102114,5
0.18,20,44,6005094,global_min_cost,2002,10,10,9,1,90.0,333.0063489834967,175.87391218988716,890.0284098934153,2997.05714085147,5
0.18,24,44,6005094,greedy,2002,10,10,9,1,90.0,236.34778027624375,145.76813172163264,583.9071737557701,2127.130022486194,5
0.18,24,44,6005094,global_min_cost,2002,10,10,9,1,90.0,212.389713569717,129.812241679385,331.0561077778349,1911.5074221274529,5
0.18,32,44,6005094,greedy,2002,10,10,9,1,90.0,147.67722625570738,129.812241679385,214.5736306126174,1329.0950363013665,5
0.18,32,44,6005094,global_min_cost,2002,10,10,9,1,90.0,147.67722625570738,129.812241679385,214.5736306126174,1329.0950363013665,5
0.18,8,45,6005095,greedy,2052,10,10,7,3,70.0,1086.2487487704163,843.0580181425311,2035.7389768993544,7603.741241392916,7
0.18,8,45,6005095,global_min_cost,2052,10,10,7,3,70.0,944.5485967612308,696.5771795959556,1719.4704546099058,6611.840177328615,7
0.18,10,45,6005095,greedy,2052,10,10,8,2,80.0,908.9254305011315,803.1677144644586,1503.2830993551859,7271.403444009052,6
0.18,10,45,6005095,global_min_cost,2052,10,10,8,2,80.0,701.7481502279919,655.6746309538935,1025.1966171155877,5613.985201823934,6
0.18,12,45,6005095,greedy,2052,10,10,8,2,80.0,900.207563135449,768.2962450017287,1503.2830993551859,7201.660505083592,6
0.18,12,45,6005095,global_min_cost,2052,10,10,8,2,80.0,693.0302828623094,597.0492316487424,1077.9208550799985,5544.242262898475,6
0.18,14,45,6005095,greedy,2052,10,10,8,2,80.0,592.278027446115,597.0492316487424,958.0606872460528,4738.22421956892,6
0.18,14,45,6005095,global_min_cost,2052,10,10,8,2,80.0,569.3965343460596,506.11780585569954,1055.998600490337,4555.172274768476,6
0.18,16,45,6005095,greedy,2052,10,10,8,2,80.0,592.278027446115,597.0492316487424,958.0606872460528,4738.22421956892,6
0.18,16,45,6005095,global_min_cost,2052,10,10,8,2,80.0,569.3965343460596,506.11780585569954,1025.1966171155877,4555.172274768476,6
0.18,20,45,6005095,greedy,2052,10,10,8,2,80.0,463.2754715734874,499.11805105055606,663.2992168173132,3706.2037725878986,6
0.18,20,45,6005095,global_min_cost,2052,10,10,8,2,80.0,449.3128603618703,449.6154447145643,660.845698412673,3594.5028828949626,6
0.18,24,45,6005095,greedy,2052,10,10,8,2,80.0,410.8281698147775,434.3375576710512,581.8782643683538,3286.6253585182194,6
0.18,24,45,6005095,global_min_cost,2052,10,10,8,2,80.0,374.3266405472414,274.90661268154645,660.845698412673,2994.6131243779314,6
0.18,32,45,6005095,greedy,2052,10,10,8,2,80.0,297.06791063928944,219.21696786009576,479.6279594666867,2376.5432851143155,6
0.18,32,45,6005095,global_min_cost,2052,10,10,8,2,80.0,297.06791063928944,219.21696786009576,479.6279594666867,2376.5432851143155,6
0.18,8,46,6005096,greedy,2035,10,10,4,6,40.0,822.3647632182408,612.6144776455722,1293.2779325638298,3289.459052872963,19
0.18,8,46,6005096,global_min_cost,2035,10,10,4,6,40.0,229.42831626776578,175.52906630740642,388.84913347748704,917.7132650710631,17
0.18,10,46,6005096,greedy,2035,10,10,6,4,60.0,796.0360992813343,661.4955977516252,1202.315488290998,4776.216595688004,10
0.18,10,46,6005096,global_min_cost,2035,10,10,6,4,60.0,372.5788528464625,351.4479746846575,639.4560795304898,2235.473117078775,13
0.18,12,46,6005096,greedy,2035,10,10,8,2,80.0,523.5975043341057,494.29011567105607,939.8310680264058,4188.780034672845,5
0.18,12,46,6005096,global_min_cost,2035,10,10,8,2,80.0,367.9723674526384,353.4872039950687,620.2175274713751,2943.7789396211074,5
0.18,14,46,6005096,greedy,2035,10,10,9,1,90.0,518.6450856763383,498.6373446568149,890.2907236890036,4667.805771087045,2
0.18,14,46,6005096,global_min_cost,2035,10,10,9,1,90.0,408.5508068977166,512.9343343235129,647.5836089874527,3676.957262079449,2
0.18,16,46,6005096,greedy,2035,10,10,10,0,100.0,455.5932816092907,314.8730230503261,694.9410313844794,4555.932816092907,0
0.18,16,46,6005096,global_min_cost,2035,10,10,10,0,100.0,351.42659282249826,365.1928080624057,591.3922630876513,3514.265928224983,0
0.18,20,46,6005096,greedy,2035,10,10,10,0,100.0,293.5309822423434,190.94644567326105,611.9807191847407,2935.3098224234336,0
0.18,20,46,6005096,global_min_cost,2035,10,10,10,0,100.0,258.97937773413815,190.94644567326105,484.75358327090987,2589.793777341381,0
0.18,24,46,6005096,greedy,2035,10,10,10,0,100.0,250.9345534697326,190.94644567326105,490.22631227669206,2509.3455346973265,0
0.18,24,46,6005096,global_min_cost,2035,10,10,10,0,100.0,244.23046733190318,190.94644567326105,484.75358327090987,2442.3046733190313,0
0.18,32,46,6005096,greedy,2035,10,10,10,0,100.0,244.73770408800016,178.08078477757113,490.22631227669206,2447.377040880002,0
0.18,32,46,6005096,global_min_cost,2035,10,10,10,0,100.0,238.03361795017074,175.52906630740642,484.75358327090987,2380.3361795017067,0
0.18,8,47,6005097,greedy,2037,10,10,6,4,60.0,730.0596220563917,718.6751046148481,1312.878603380298,4380.357732338351,10
0.18,8,47,6005097,global_min_cost,2037,10,10,6,4,60.0,716.0118305804604,530.6920225352992,1458.718311032053,4296.070983482762,10
0.18,10,47,6005097,greedy,2037,10,10,6,4,60.0,505.01310614833983,478.30283752455824,915.2730395075387,3030.078636890039,10
0.18,10,47,6005097,global_min_cost,2037,10,10,6,4,60.0,493.2578091059029,298.97360561036896,1059.336380294417,2959.546854635417,10
0.18,12,47,6005097,greedy,2037,10,10,6,4,60.0,505.01310614833983,478.30283752455824,915.2730395075387,3030.078636890039,10
0.18,12,47,6005097,global_min_cost,2037,10,10,6,4,60.0,493.2578091059029,298.97360561036896,1059.336380294417,2959.546854635417,10
0.18,14,47,6005097,greedy,2037,10,10,6,4,60.0,372.94716958174814,298.97360561036896,698.4044617219529,2237.683017490489,10
0.18,14,47,6005097,global_min_cost,2037,10,10,6,4,60.0,372.94716958174814,298.97360561036896,698.4044617219529,2237.683017490489,10
0.18,16,47,6005097,greedy,2037,10,10,6,4,60.0,307.72037700267936,270.67270721093314,531.0249823841823,1846.3222620160761,10
0.18,16,47,6005097,global_min_cost,2037,10,10,6,4,60.0,307.72037700267936,270.67270721093314,531.0249823841823,1846.322262016076,10
0.18,20,47,6005097,greedy,2037,10,10,6,4,60.0,307.72037700267936,270.67270721093314,531.0249823841823,1846.3222620160761,10
0.18,20,47,6005097,global_min_cost,2037,10,10,6,4,60.0,307.72037700267936,270.67270721093314,531.0249823841823,1846.322262016076,10
0.18,24,47,6005097,greedy,2037,10,10,6,4,60.0,275.07913691020934,233.24444326060782,470.52952605709754,1650.474821461256,10
0.18,24,47,6005097,global_min_cost,2037,10,10,6,4,60.0,275.07913691020934,233.24444326060782,470.52952605709754,1650.4748214612557,10
0.18,32,47,6005097,greedy,2037,10,10,6,4,60.0,275.07913691020934,233.24444326060782,470.52952605709754,1650.474821461256,10
0.18,32,47,6005097,global_min_cost,2037,10,10,6,4,60.0,275.07913691020934,233.24444326060782,470.52952605709754,1650.4748214612557,10
0.18,8,48,6005098,greedy,2022,10,10,3,7,30.0,966.1760417280946,519.0780995825719,1927.3586396290773,2898.5281251842835,21
0.18,8,48,6005098,global_min_cost,2022,10,10,3,7,30.0,328.0316325486739,397.50776905157124,468.7542559170679,984.0948976460215,20
0.18,10,48,6005098,greedy,2022,10,10,3,7,30.0,966.1760417280946,519.0780995825719,1927.3586396290773,2898.5281251842835,21
0.18,10,48,6005098,global_min_cost,2022,10,10,3,7,30.0,328.0316325486739,397.50776905157124,468.7542559170679,984.0948976460215,20
0.18,12,48,6005098,greedy,2022,10,10,5,5,50.0,546.7050037457617,486.5658776334421,970.6718783174542,2733.5250187288084,14
0.18,12,48,6005098,global_min_cost,2022,10,10,5,5,50.0,340.85077503526475,356.1253930777437,506.07321080291996,1704.2538751763238,13
0.18,14,48,6005098,greedy,2022,10,10,6,4,60.0,375.88841389829355,299.2943234996508,673.3124219661014,2255.3304833897614,11
0.18,14,48,6005098,global_min_cost,2022,10,10,6,4,60.0,326.2078424338833,299.2943234996508,524.2707075728706,1957.2470546032996,10
0.18,16,48,6005098,greedy,2022,10,10,8,2,80.0,505.3431427405862,299.2943234996508,1119.7953268724884,4042.74514192469,5
0.18,16,48,6005098,global_min_cost,2022,10,10,8,2,80.0,354.0511276514976,299.2943234996508,637.4611191440912,2832.409021211981,3
0.18,20,48,6005098,greedy,2022,10,10,10,0,100.0,346.13010185601775,181.48720869585767,664.747365229914,3461.301018560177,0
0.18,20,48,6005098,global_min_cost,2022,10,10,10,0,100.0,294.0010197012931,227.24763407886638,577.6521197875774,2940.0101970129303,0
0.18,24,48,6005098,greedy,2022,10,10,10,0,100.0,322.17644486875326,181.48720869585767,640.7937082426495,3221.7644486875324,0
0.18,24,48,6005098,global_min_cost,2022,10,10,10,0,100.0,270.0473627140286,227.24763407886638,577.6521197875774,2700.4736271402853,0
0.18,32,48,6005098,greedy,2022,10,10,10,0,100.0,197.20023605963473,133.40097411991002,363.3225952807666,1972.0023605963472,0
0.18,32,48,6005098,global_min_cost,2022,10,10,10,0,100.0,197.20023605963473,133.40097411991002,363.3225952807666,1972.002360596347,0
0.18,8,49,6005099,greedy,2001,10,10,7,3,70.0,1495.2630592553814,1338.3716602417069,2524.0762950829185,10466.841414787672,7
0.18,8,49,6005099,global_min_cost,2001,10,10,7,3,70.0,513.1918935143073,461.7900713799475,691.102539744449,3592.34325460015,8
0.18,10,49,6005099,greedy,2001,10,10,8,2,80.0,1228.3438653453056,980.0055093147553,2182.9240960138936,9826.750922762445,6
0.18,10,49,6005099,global_min_cost,2001,10,10,8,2,80.0,651.7266337664385,453.9906687530599,1136.6685055126557,5213.813070131507,7
0.18,12,49,6005099,greedy,2001,10,10,9,1,90.0,825.3349264130762,552.8622847695016,1848.3010068057943,7428.0143377176855,5
0.18,12,49,6005099,global_min_cost,2001,10,10,9,1,90.0,779.4023420521734,461.7900713799475,2066.2937589556573,7014.621078469561,5
0.18,14,49,6005099,greedy,2001,10,10,9,1,90.0,780.1000793355175,459.88302001347586,1848.3010068057943,7020.900714019658,5
0.18,14,49,6005099,global_min_cost,2001,10,10,9,1,90.0,770.0514557241248,436.90700433802783,2186.700531096572,6930.4631015171235,5
0.18,16,49,6005099,greedy,2001,10,10,9,1,90.0,715.6291719414065,459.88302001347586,1787.7599202315268,6440.662547472659,5
0.18,16,49,6005099,global_min_cost,2001,10,10,9,1,90.0,708.3254416204989,436.90700433802783,1773.1775244788591,6374.92897458449,5
0.18,20,49,6005099,greedy,2001,10,10,9,1,90.0,693.1910223882155,429.35679445269164,1787.7599202315268,6238.719201493939,5
0.18,20,49,6005099,global_min_cost,2001,10,10,9,1,90.0,689.2790949073949,436.90700433802783,1833.3515311972646,6203.511854166554,5
0.18,24,49,6005099,greedy,2001,10,10,9,1,90.0,681.6891594915547,395.15527578549614,1787.7599202315268,6135.202435423993,5
0.18,24,49,6005099,global_min_cost,2001,10,10,9,1,90.0,681.6891594915547,395.15527578549614,1773.1775244788591,6135.202435423993,5
0.18,32,49,6005099,greedy,2001,10,10,9,1,90.0,410.7391713032897,238.65701231024605,776.7642539626275,3696.6525417296075,5
0.18,32,49,6005099,global_min_cost,2001,10,10,9,1,90.0,410.7391713032897,238.65701231024605,776.7642539626275,3696.6525417296075,5
0.2,8,0,7005050,greedy,2260,10,10,5,5,50.0,777.6264072174233,715.1126922852934,1283.6205045928114,3888.132036087117,14
0.2,8,0,7005050,global_min_cost,2260,10,10,5,5,50.0,614.3023107536919,377.64170238076514,1045.823747992589,3071.51155376846,11
0.2,10,0,7005050,greedy,2260,10,10,6,4,60.0,621.2616614822222,585.2772774062313,927.995077745854,3727.5699688933328,11
0.2,10,0,7005050,global_min_cost,2260,10,10,6,4,60.0,471.3774139643063,393.89278411631375,834.3891899853271,2828.2644837858375,10
0.2,12,0,7005050,greedy,2260,10,10,7,3,70.0,1027.4943274440834,715.1126922852934,2030.0052613480816,7192.4602921085825,7
0.2,12,0,7005050,global_min_cost,2260,10,10,7,3,70.0,442.17843230916,369.33699344991874,790.9347380739425,3095.2490261641196,9
0.2,14,0,7005050,greedy,2260,10,10,7,3,70.0,938.2289332711425,455.4418625271692,2030.0052613480816,6567.602532897998,7
0.2,14,0,7005050,global_min_cost,2260,10,10,7,3,70.0,422.002645899034,335.9527785678327,703.8461550793071,2954.0185212932383,9
0.2,16,0,7005050,greedy,2260,10,10,7,3,70.0,938.2289332711425,455.4418625271692,2030.0052613480816,6567.602532897998,7
0.2,16,0,7005050,global_min_cost,2260,10,10,7,3,70.0,422.00264589903406,335.9527785678327,729.4177433841166,2954.0185212932383,9
0.2,20,0,7005050,greedy,2260,10,10,9,1,90.0,897.3863032099022,455.4418625271692,2284.48063467178,8076.476728889119,1
0.2,20,0,7005050,global_min_cost,2260,10,10,9,1,90.0,570.5796163703343,494.6963132225722,1002.0558843053274,5135.216547333009,3
0.2,24,0,7005050,greedy,2260,10,10,9,1,90.0,875.6558949086668,418.44857478270876,2284.48063467178,7880.903054178001,1
0.2,24,0,7005050,global_min_cost,2260,10,10,9,1,90.0,536.974120350028,418.44857478270876,988.4140948376771,4832.767083150251,3
0.2,32,0,7005050,greedy,2260,10,10,9,1,90.0,802.4909472492335,324.0372115104593,2284.48063467178,7222.418525243101,1
0.2,32,0,7005050,global_min_cost,2260,10,10,9,1,90.0,479.7418511930357,324.0372115104593,988.4140948376771,4317.676660737321,3
0.2,8,1,7005051,greedy,2249,10,10,6,4,60.0,267.84897091485954,225.12882949203356,408.6472118589985,1607.093825489157,7
0.2,8,1,7005051,global_min_cost,2249,10,10,6,4,60.0,267.84897091485954,225.12882949203356,408.6472118589985,1607.0938254891573,7
0.2,10,1,7005051,greedy,2249,10,10,6,4,60.0,267.84897091485954,225.12882949203356,408.6472118589985,1607.093825489157,7
0.2,10,1,7005051,global_min_cost,2249,10,10,6,4,60.0,267.84897091485954,225.12882949203356,408.6472118589985,1607.0938254891573,7
0.2,12,1,7005051,greedy,2249,10,10,7,3,70.0,258.735856010482,189.06340289574385,390.1187155832688,1811.150992073374,5
0.2,12,1,7005051,global_min_cost,2249,10,10,7,3,70.0,258.735856010482,189.06340289574385,390.1187155832688,1811.1509920733738,5
0.2,14,1,7005051,greedy,2249,10,10,8,2,80.0,296.7950997712877,233.23969726208753,546.8778442917744,2374.3607981703017,3
0.2,14,1,7005051,global_min_cost,2249,10,10,8,2,80.0,279.37503215770585,233.23969726208753,458.6580152586608,2235.0002572616468,3
0.2,16,1,7005051,greedy,2249,10,10,8,2,80.0,263.70730017315094,232.1197191001079,372.1581750344277,2109.6584013852075,3
0.2,16,1,7005051,global_min_cost,2249,10,10,8,2,80.0,246.2872325595691,232.1197191001079,330.3500127618313,1970.297860476553,3
0.2,20,1,7005051,greedy,2249,10,10,9,1,90.0,253.9557061842608,189.06340289574385,342.009350448036,2285.601355658347,2
0.2,20,1,7005051,global_min_cost,2249,10,10,9,1,90.0,234.34087056890726,189.06340289574385,306.70264634039955,2109.0678351201655,1
0.2,24,1,7005051,greedy,2249,10,10,9,1,90.0,246.75314539956054,189.06340289574385,342.009350448036,2220.7783085960446,2
0.2,24,1,7005051,global_min_cost,2249,10,10,9,1,90.0,227.138309784207,189.06340289574385,306.70264634039955,2044.2447880578632,1
0.2,32,1,7005051,greedy,2249,10,10,10,0,100.0,282.9901124134194,213.78732574220152,604.400391049041,2829.9011241341937,0
0.2,32,1,7005051,global_min_cost,2249,10,10,10,0,100.0,249.3216431085986,225.01624727676193,424.26314143917386,2493.2164310859866,0
0.2,8,2,7005052,greedy,2310,10,10,6,4,60.0,1126.8781684674334,369.661836219327,2747.670962545224,6761.2690108046,13
0.2,8,2,7005052,global_min_cost,2310,10,10,6,4,60.0,1050.1211659215712,430.5211821016805,2555.114781659595,6300.726995529427,13
0.2,10,2,7005052,greedy,2310,10,10,6,4,60.0,515.961579586804,361.04419074489806,923.5388413777648,3095.769477520824,13
0.2,10,2,7005052,global_min_cost,2310,10,10,6,4,60.0,294.34914690735,290.1188204504692,412.1558329716418,1766.0948814441,13
0.2,12,2,7005052,greedy,2310,10,10,6,4,60.0,515.961579586804,361.04419074489806,923.5388413777648,3095.769477520824,13
0.2,12,2,7005052,global_min_cost,2310,10,10,6,4,60.0,294.34914690735,290.1188204504692,412.1558329716418,1766.0948814441,13
0.2,14,2,7005052,greedy,2310,10,10,6,4,60.0,262.3047525523033,266.8159070796902,339.32556327728065,1573.82851531382,13
0.2,14,2,7005052,global_min_cost,2310,10,10,6,4,60.0,262.3047525523033,266.8159070796902,339.32556327728065,1573.8285153138197,13
0.2,16,2,7005052,greedy,2310,10,10,6,4,60.0,262.3047525523033,266.8159070796902,339.32556327728065,1573.82851531382,13
0.2,16,2,7005052,global_min_cost,2310,10,10,6,4,60.0,262.3047525523033,266.8159070796902,339.32556327728065,1573.8285153138197,13
0.2,20,2,7005052,greedy,2310,10,10,6,4,60.0,262.3047525523033,266.8159070796902,339.32556327728065,1573.82851531382,13
0.2,20,2,7005052,global_min_cost,2310,10,10,6,4,60.0,262.3047525523033,266.8159070796902,339.32556327728065,1573.8285153138197,13
0.2,24,2,7005052,greedy,2310,10,10,6,4,60.0,262.0230113931668,266.8159070796902,338.48033979987116,1572.138068359001,13
0.2,24,2,7005052,global_min_cost,2310,10,10,6,4,60.0,262.0230113931668,266.8159070796902,338.48033979987116,1572.138068359001,13
0.2,32,2,7005052,greedy,2310,10,10,6,4,60.0,262.0230113931668,266.8159070796902,338.48033979987116,1572.138068359001,13
0.2,32,2,7005052,global_min_cost,2310,10,10,6,4,60.0,262.0230113931668,266.8159070796902,338.48033979987116,1572.138068359001,13
0.2,8,3,7005053,greedy,2227,10,10,3,7,30.0,562.4512610083113,648.2280588439723,888.37980462117,1687.353783024934,19
0.2,8,3,7005053,global_min_cost,2227,10,10,3,7,30.0,457.04921482056517,632.2116025022308,645.0247675756241,1371.1476444616956,18
0.2,10,3,7005053,greedy,2227,10,10,5,5,50.0,674.5845684663323,648.2280588439723,1053.0892540026487,3372.9228423316617,13
0.2,10,3,7005053,global_min_cost,2227,10,10,5,5,50.0,502.20686404589935,601.5330273599529,707.4264630635871,2511.0343202294966,15
0.2,12,3,7005053,greedy,2227,10,10,6,4,60.0,677.4567091506117,694.0536912203135,995.0767279162667,4064.7402549036697,11
0.2,12,3,7005053,global_min_cost,2227,10,10,6,4,60.0,469.17589519698396,535.950621938694,803.5771327050095,2815.055371181904,14
0.2,14,3,7005053,greedy,2227,10,10,6,4,60.0,585.788494049688,667.8253785558359,995.0767279162667,3514.7309642981277,11
0.2,14,3,7005053,global_min_cost,2227,10,10,6,4,60.0,377.5076800960603,260.945976635923,803.5771327050095,2265.0460805763623,14
0.2,16,3,7005053,greedy,2227,10,10,6,4,60.0,585.788494049688,667.8253785558359,995.0767279162667,3514.7309642981277,11
0.2,16,3,7005053,global_min_cost,2227,10,10,6,4,60.0,377.5076800960603,260.945976635923,803.5771327050095,2265.0460805763623,14
0.2,20,3,7005053,greedy,2227,10,10,7,3,70.0,633.4768745091892,595.7714335150173,1228.4214650494537,4434.338121564325,9
0.2,20,3,7005053,global_min_cost,2227,10,10,7,3,70.0,462.33837291249426,447.9710413643505,931.3388668693967,3236.36861038746,12
0.2,24,3,7005053,greedy,2227,10,10,8,2,80.0,508.3991202701865,470.2917313597646,1042.9066506942168,4067.192962161492,8
0.2,24,3,7005053,global_min_cost,2227,10,10,8,2,80.0,473.51483031473225,482.4406595252321,991.2771761497363,3788.118642517858,8
0.2,32,3,7005053,greedy,2227,10,10,9,1,90.0,415.5296509470994,400.85717229140585,987.9542073458286,3739.7668585238944,3
0.2,32,3,7005053,global_min_cost,2227,10,10,9,1,90.0,391.79209074531843,420.42447541384746,806.4297477367264,3526.1288167078656,3
0.2,8,4,7005054,greedy,2276,10,10,6,4,60.0,443.3286458220546,286.8799629026953,928.0260930079287,2659.9718749323274,8
0.2,8,4,7005054,global_min_cost,2276,10,10,6,4,60.0,312.62734222499796,200.2479833491522,656.7330720454046,1875.7640533499875,10
0.2,10,4,7005054,greedy,2276,10,10,6,4,60.0,443.3286458220546,286.8799629026953,928.0260930079287,2659.9718749323274,8
0.2,10,4,7005054,global_min_cost,2276,10,10,7,3,70.0,452.80641250064093,282.5717992922071,1130.9191442083752,3169.644887504486,6
0.2,12,4,7005054,greedy,2276,10,10,7,3,70.0,305.6250153956913,193.90850568703772,620.2758158460633,2139.3751077698394,6
0.2,12,4,7005054,global_min_cost,2276,10,10,7,3,70.0,305.6250153956913,193.90850568703772,620.2758158460633,2139.3751077698394,6
0.2,14,4,7005054,greedy,2276,10,10,7,3,70.0,305.6250153956913,193.90850568703772,620.2758158460633,2139.3751077698394,6
0.2,14,4,7005054,global_min_cost,2276,10,10,7,3,70.0,305.6250153956913,193.90850568703772,620.2758158460633,2139.3751077698394,6
0.2,16,4,7005054,greedy,2276,10,10,7,3,70.0,305.6250153956913,193.90850568703772,620.2758158460633,2139.3751077698394,6
0.2,16,4,7005054,global_min_cost,2276,10,10,7,3,70.0,305.6250153956913,193.90850568703772,620.2758158460633,2139.3751077698394,6
0.2,20,4,7005054,greedy,2276,10,10,7,3,70.0,305.6250153956913,193.90850568703772,620.2758158460633,2139.3751077698394,6
0.2,20,4,7005054,global_min_cost,2276,10,10,7,3,70.0,305.6250153956913,193.90850568703772,620.2758158460633,2139.3751077698394,6
0.2,24,4,7005054,greedy,2276,10,10,7,3,70.0,274.3346984423233,145.22326734289402,583.6240829389607,1920.3428890962632,6
0.2,24,4,7005054,global_min_cost,2276,10,10,7,3,70.0,274.3346984423233,145.22326734289402,583.6240829389607,1920.342889096263,6
0.2,32,4,7005054,greedy,2276,10,10,7,3,70.0,256.1030806421191,117.92416740609731,583.6240829389607,1792.7215644948337,6
0.2,32,4,7005054,global_min_cost,2276,10,10,7,3,70.0,256.1030806421191,117.92416740609731,583.6240829389607,1792.7215644948337,6
0.2,8,5,7005055,greedy,2232,10,10,6,4,60.0,1236.4376615480853,1496.689797540691,1995.6713269615793,7418.625969288512,5
0.2,8,5,7005055,global_min_cost,2232,10,10,6,4,60.0,859.3290759226398,776.3382107031674,1655.5447017624865,5155.974455535839,5
0.2,10,5,7005055,greedy,2232,10,10,8,2,80.0,990.0315246869549,981.4448240705099,1954.1725411672126,7920.252197495639,3
0.2,10,5,7005055,global_min_cost,2232,10,10,8,2,80.0,965.1273036861472,744.0774217404124,1999.3376457150696,7721.018429489179,3
0.2,12,5,7005055,greedy,2232,10,10,8,2,80.0,990.0315246869549,981.4448240705099,1954.1725411672126,7920.252197495639,3
0.2,12,5,7005055,global_min_cost,2232,10,10,8,2,80.0,965.1273036861473,776.3382107031674,2042.5279974997457,7721.01842948918,3
0.2,14,5,7005055,greedy,2232,10,10,8,2,80.0,957.8470815706017,970.4457625005614,1954.1725411672126,7662.776652564815,3
0.2,14,5,7005055,global_min_cost,2232,10,10,8,2,80.0,932.9428605697942,990.5827055677163,1830.1883302668043,7463.542884558354,3
0.2,16,5,7005055,greedy,2232,10,10,8,2,80.0,726.1837079086936,573.6404151288223,1406.0275749131304,5809.469663269548,3
0.2,16,5,7005055,global_min_cost,2232,10,10,8,2,80.0,701.2794869078859,291.1797073958431,1801.6040391352471,5610.2358952630875,3
0.2,20,5,7005055,greedy,2232,10,10,8,2,80.0,575.9235356663205,538.1290412417773,1142.6245093257696,4607.388285330564,3
0.2,20,5,7005055,global_min_cost,2232,10,10,8,2,80.0,551.019314665513,291.1797073958431,1302.2233027371021,4408.154517324104,3
0.2,24,5,7005055,greedy,2232,10,10,8,2,80.0,575.9235356663205,538.1290412417773,1142.6245093257696,4607.388285330564,3
0.2,24,5,7005055,global_min_cost,2232,10,10,8,2,80.0,551.019314665513,291.1797073958431,1290.8054599552152,4408.154517324103,3
0.2,32,5,7005055,greedy,2232,10,10,8,2,80.0,153.829813503946,92.28459976107841,340.29958515189486,1230.6385080315679,3
0.2,32,5,7005055,global_min_cost,2232,10,10,8,2,80.0,148.17695768002082,80.19523059342646,340.29958515189486,1185.4156614401666,3
0.2,8,6,7005056,greedy,2260,10,10,2,8,20.0,810.9869347791237,810.9869347791237,1210.448704472698,1621.9738695582473,24
0.2,8,6,7005056,global_min_cost,2260,10,10,2,8,20.0,328.20394145653165,328.20394145653165,341.4393164920323,656.4078829130633,25
0.2,10,6,7005056,greedy,2260,10,10,4,6,40.0,442.0128645326424,448.18036902780597,557.5054715303727,1768.0514581305697,18
0.2,10,6,7005056,global_min_cost,2260,10,10,4,6,40.0,306.5963708067207,328.20394145653165,479.5931624136162,1226.385483226883,18
0.2,12,6,7005056,greedy,2260,10,10,6,4,60.0,427.4576081073692,410.36625714681077,781.6890295300194,2564.745648644215,13
0.2,12,6,7005056,global_min_cost,2260,10,10,6,4,60.0,286.57419026608926,290.248275531727,441.0660189385565,1719.445141596536,13
0.2,14,6,7005056,greedy,2260,10,10,8,2,80.0,441.61516035983993,529.1132495657025,662.5345865322375,3532.9212828787195,6
0.2,14,6,7005056,global_min_cost,2260,10,10,8,2,80.0,430.7746895398036,328.20394145653165,710.4872746014556,3446.197516318429,6
0.2,16,6,7005056,greedy,2260,10,10,8,2,80.0,441.61516035983993,529.1132495657025,662.5345865322375,3532.9212828787195,6
0.2,16,6,7005056,global_min_cost,2260,10,10,8,2,80.0,430.77468953980355,328.20394145653165,710.4872746014556,3446.1975163184284,6
0.2,20,6,7005056,greedy,2260,10,10,8,2,80.0,334.8299886537921,349.76055763874007,521.0970663920078,2678.6399092303373,6
0.2,20,6,7005056,global_min_cost,2260,10,10,8,2,80.0,323.98951783375577,304.0005375374504,463.46294447214615,2591.916142670046,6
0.2,24,6,7005056,greedy,2260,10,10,9,1,90.0,349.7543697932444,387.86139261532423,538.145743925503,3147.7893281392,3
0.2,24,6,7005056,global_min_cost,2260,10,10,9,1,90.0,340.11839573098985,296.34135241274487,514.3369839115513,3061.065561578909,3
0.2,32,6,7005056,greedy,2260,10,10,9,1,90.0,309.557199694921,296.34135241274487,517.0889748051604,2786.014797254289,3
0.2,32,6,7005056,global_min_cost,2260,10,10,9,1,90.0,299.92122563266645,275.18103574969064,456.9472520208148,2699.291030693998,3
0.2,8,7,7005057,greedy,2257,10,10,7,3,70.0,922.0735512789926,515.5782231337332,1904.4002908111488,6454.514858952949,8
0.2,8,7,7005057,global_min_cost,2257,10,10,7,3,70.0,878.1360322434358,506.18050246105,1914.9775954102047,6146.952225704051,8
0.2,10,7,7005057,greedy,2257,10,10,7,3,70.0,479.82740558297013,426.7992556177022,873.2077548421764,3358.7918390807913,8
0.2,10,7,7005057,global_min_cost,2257,10,10,7,3,70.0,440.7647865252089,426.7992556177022,738.0045674904453,3085.353505676462,8
0.2,12,7,7005057,greedy,2257,10,10,8,2,80.0,358.48012413698126,359.0312951893196,572.0263234225778,2867.8409930958505,3
0.2,12,7,7005057,global_min_cost,2257,10,10,8,2,80.0,356.9729419248325,378.20125559193747,584.0199944137952,2855.78353539866,3
0.2,14,7,7005057,greedy,2257,10,10,8,2,80.0,358.48012413698126,359.0312951893196,572.0263234225778,2867.8409930958505,3
0.2,14,7,7005057,global_min_cost,2257,10,10,8,2,80.0,356.9729419248325,378.20125559193747,584.0199944137952,2855.78353539866,3
0.2,16,7,7005057,greedy,2257,10,10,8,2,80.0,295.0137403780457,288.8023128646919,465.1411270977923,2360.109923024366,3
0.2,16,7,7005057,global_min_cost,2257,10,10,8,2,80.0,295.0137403780457,264.09792965343877,522.9492202746455,2360.109923024366,3
0.2,20,7,7005057,greedy,2257,10,10,8,2,80.0,257.48129119821186,251.17363530460472,399.9613110540372,2059.850329585695,3
0.2,20,7,7005057,global_min_cost,2257,10,10,8,2,80.0,257.48129119821186,226.4692520933516,451.57415269349644,2059.850329585695,3
0.2,24,7,7005057,greedy,2257,10,10,8,2,80.0,253.80356941831502,251.17363530460472,399.9613110540372,2030.4285553465202,3
0.2,24,7,7005057,global_min_cost,2257,10,10,8,2,80.0,253.80356941831502,251.17363530460472,399.9613110540372,2030.4285553465202,3
0.2,32,7,7005057,greedy,2257,10,10,8,2,80.0,225.45870666815364,223.29698695195793,362.8387141921759,1803.669653345229,3
0.2,32,7,7005057,global_min_cost,2257,10,10,8,2,80.0,225.45870666815364,223.29698695195793,362.8387141921759,1803.669653345229,3
0.2,8,8,7005058,greedy,2272,10,10,5,5,50.0,978.7470636273,710.4765911716614,1861.7033892716345,4893.735318136501,11
0.2,8,8,7005058,global_min_cost,2272,10,10,5,5,50.0,940.1489081626402,846.5264280895193,1780.0734871209195,4700.744540813201,11
0.2,10,8,7005058,greedy,2272,10,10,5,5,50.0,918.6364043014491,670.5576108899245,1757.4496627326275,4593.182021507246,11
0.2,10,8,7005058,global_min_cost,2272,10,10,5,5,50.0,880.0382488367893,670.5576108899245,1730.2396953490556,4400.191244183947,11
0.2,12,8,7005058,greedy,2272,10,10,5,5,50.0,918.6364043014491,670.5576108899245,1757.4496627326275,4593.182021507246,11
0.2,12,8,7005058,global_min_cost,2272,10,10,5,5,50.0,880.0382488367893,670.5576108899245,1730.2396953490556,4400.191244183947,11
0.2,14,8,7005058,greedy,2272,10,10,6,4,60.0,786.711250272897,552.5666983137927,1582.9541508057996,4720.267501637382,8
0.2,14,8,7005058,global_min_cost,2272,10,10,6,4,60.0,754.5461207190139,496.3489670789929,1582.9541508057996,4527.276724314083,8
0.2,16,8,7005058,greedy,2272,10,10,7,3,70.0,759.5444170069871,596.5434174115275,1408.4586388789726,5316.810919048909,7
0.2,16,8,7005058,global_min_cost,2272,10,10,7,3,70.0,731.2158700555973,591.234366075098,1435.668606262544,5118.511090389182,5
0.2,20,8,7005058,greedy,2272,10,10,8,2,80.0,507.7430064868962,501.48948397791185,806.1954331452978,4061.9440518951697,4
0.2,20,8,7005058,global_min_cost,2272,10,10,8,2,80.0,499.57403484023183,521.4477553658363,806.1954331452978,3996.592278721855,4
0.2,24,8,7005058,greedy,2272,10,10,9,1,90.0,459.23814323142966,340.58145333321056,774.2891524874191,4133.143289082867,1
0.2,24,8,7005058,global_min_cost,2272,10,10,9,1,90.0,446.5477745959771,340.58145333321056,774.2891524874191,4018.9299713637934,1
0.2,32,8,7005058,greedy,2272,10,10,9,1,90.0,400.6991657199234,340.58145333321056,774.2891524874191,3606.292491479311,1
0.2,32,8,7005058,global_min_cost,2272,10,10,9,1,90.0,397.27278870172427,272.99060538382645,774.2891524874191,3575.4550983155186,1
0.2,8,9,7005059,greedy,2206,10,10,6,4,60.0,673.0217672533311,403.2832044744391,1454.319939915727,4038.1306035199864,12
0.2,8,9,7005059,global_min_cost,2206,10,10,6,4,60.0,606.6299322505313,403.1324539977036,1255.2951853840632,3639.7795935031872,7
0.2,10,9,7005059,greedy,2206,10,10,8,2,80.0,926.1365163128119,403.2832044744391,2132.3147604171145,7409.092130502495,5
0.2,10,9,7005059,global_min_cost,2206,10,10,8,2,80.0,775.9438526418515,747.9754253117608,1458.358976261046,6207.5508211348115,5
0.2,12,9,7005059,greedy,2206,10,10,10,0,100.0,1070.0574787332084,713.8909997708776,2059.811634874593,10700.574787332083,0
0.2,12,9,7005059,global_min_cost,2206,10,10,10,0,100.0,942.7974306352398,758.6293618003467,2152.732931447068,9427.9743063524,0
0.2,14,9,7005059,greedy,2206,10,10,10,0,100.0,1070.0574787332084,713.8909997708776,2059.811634874593,10700.574787332083,0
0.2,14,9,7005059,global_min_cost,2206,10,10,10,0,100.0,942.7974306352398,758.6293618003467,2152.732931447068,9427.9743063524,0
0.2,16,9,7005059,greedy,2206,10,10,10,0,100.0,840.0740179944886,366.98975366194713,1771.263523654936,8400.740179944885,0
0.2,16,9,7005059,global_min_cost,2206,10,10,10,0,100.0,750.9197052694684,502.6957396812152,1649.7795397576865,7509.197052694683,0
0.2,20,9,7005059,greedy,2206,10,10,10,0,100.0,840.0740179944886,366.98975366194713,1771.263523654936,8400.740179944885,0
0.2,20,9,7005059,global_min_cost,2206,10,10,10,0,100.0,750.9197052694684,502.6957396812152,1649.7795397576865,7509.197052694683,0
0.2,24,9,7005059,greedy,2206,10,10,10,0,100.0,497.05927872131304,352.8672810190252,1255.528703294518,4970.592787213131,0
0.2,24,9,7005059,global_min_cost,2206,10,10,10,0,100.0,456.5086904226401,250.2202300670844,1146.1615907818802,4565.0869042264,0
0.2,32,9,7005059,greedy,2206,10,10,10,0,100.0,390.7177015457047,179.96962066067988,1150.4577392894391,3907.1770154570468,0
0.2,32,9,7005059,global_min_cost,2206,10,10,10,0,100.0,390.7177015457047,179.96962066067988,1150.4577392894391,3907.1770154570468,0
0.2,8,10,7005060,greedy,2272,10,10,4,6,40.0,480.74049623616907,396.85578515218685,833.8489146590917,1922.9619849446763,20
0.2,8,10,7005060,global_min_cost,2272,10,10,4,6,40.0,480.74049623616907,396.85578515218685,833.8489146590917,1922.9619849446763,20
0.2,10,10,7005060,greedy,2272,10,10,6,4,60.0,560.3472638367548,502.419444473758,940.7963337679929,3362.0835830205283,12
0.2,10,10,7005060,global_min_cost,2272,10,10,6,4,60.0,513.2125077095825,396.85578515218685,940.7963337679929,3079.2750462574945,10
0.2,12,10,7005060,greedy,2272,10,10,6,4,60.0,517.5798911749966,451.10508906028724,920.8880565569511,3105.4793470499803,12
0.2,12,10,7005060,global_min_cost,2272,10,10,6,4,60.0,434.9571049516561,379.23093144257587,723.6549792038247,2609.7426297099364,10
0.2,14,10,7005060,greedy,2272,10,10,6,4,60.0,423.67460131042213,379.23093144257587,777.9042831119252,2542.047607862533,12
0.2,14,10,7005060,global_min_cost,2272,10,10,6,4,60.0,376.53984518324984,309.70082067877036,706.0301254942138,2259.239071099499,10
0.2,16,10,7005060,greedy,2272,10,10,7,3,70.0,376.80888426780626,345.5414297387161,647.4081870246584,2637.662189874644,7
0.2,16,10,7005060,global_min_cost,2272,10,10,7,3,70.0,376.80888426780626,345.5414297387161,647.4081870246584,2637.662189874644,7
0.2,20,10,7005060,greedy,2272,10,10,7,3,70.0,300.58870608370705,345.5414297387161,433.9916881091805,2104.1209425859493,7
0.2,20,10,7005060,global_min_cost,2272,10,10,7,3,70.0,300.58870608370705,345.5414297387161,433.9916881091805,2104.1209425859493,7
0.2,24,10,7005060,greedy,2272,10,10,7,3,70.0,300.58870608370705,345.5414297387161,433.9916881091805,2104.1209425859493,7
0.2,24,10,7005060,global_min_cost,2272,10,10,7,3,70.0,300.58870608370705,345.5414297387161,433.9916881091805,2104.1209425859493,7
0.2,32,10,7005060,greedy,2272,10,10,8,2,80.0,297.4591567317633,310.54687050343654,428.72387436849425,2379.673253854106,6
0.2,32,10,7005060,global_min_cost,2272,10,10,8,2,80.0,297.4591567317633,310.54687050343654,428.72387436849425,2379.6732538541064,6
0.2,8,11,7005061,greedy,2221,10,10,7,3,70.0,1010.8857598354175,759.2069218865539,2071.837331133741,7076.200318847921,8
0.2,8,11,7005061,global_min_cost,2221,10,10,7,3,70.0,911.1965604196357,634.2373856477799,1997.2341097240223,6378.375922937449,9
0.2,10,11,7005061,greedy,2221,10,10,8,2,80.0,941.1048436319132,573.3572303194276,2145.224630324001,7528.838749055305,7
0.2,10,11,7005061,global_min_cost,2221,10,10,8,2,80.0,877.1903008336411,510.87246220004056,2070.621408914282,7017.522406669128,7
0.2,12,11,7005061,greedy,2221,10,10,8,2,80.0,864.3690963480506,554.9699697372588,1951.7604944302236,6914.9527707844045,7
0.2,12,11,7005061,global_min_cost,2221,10,10,8,2,80.0,787.6413746656501,510.87246220004056,1745.153051314659,6301.130997325201,7
0.2,14,11,7005061,greedy,2221,10,10,8,2,80.0,706.5478838143453,368.8760758396315,1819.756272724378,5652.383070514761,7
0.2,14,11,7005061,global_min_cost,2221,10,10,8,2,80.0,706.5478838143453,368.8760758396315,1745.153051314659,5652.383070514761,7
0.2,16,11,7005061,greedy,2221,10,10,8,2,80.0,706.2579005380919,368.8760758396315,1819.756272724378,5650.063204304735,7
0.2,16,11,7005061,global_min_cost,2221,10,10,8,2,80.0,706.2579005380919,368.8760758396315,1819.756272724378,5650.063204304735,7
0.2,20,11,7005061,greedy,2221,10,10,8,2,80.0,706.2579005380919,368.8760758396315,1819.756272724378,5650.063204304735,7
0.2,20,11,7005061,global_min_cost,2221,10,10,8,2,80.0,706.2579005380919,368.8760758396315,1819.756272724378,5650.063204304735,7
0.2,24,11,7005061,greedy,2221,10,10,8,2,80.0,547.6904978408711,368.8760758396315,1142.5117603675014,4381.523982726969,7
0.2,24,11,7005061,global_min_cost,2221,10,10,8,2,80.0,547.6904978408712,368.8760758396315,1067.908538957783,4381.523982726971,7
0.2,32,11,7005061,greedy,2221,10,10,8,2,80.0,298.74209440250024,233.43782942899713,546.7643339016944,2389.936755220002,7
0.2,32,11,7005061,global_min_cost,2221,10,10,8,2,80.0,298.74209440250024,233.43782942899713,546.7643339016944,2389.936755220002,7
0.2,8,12,7005062,greedy,2220,10,10,5,5,50.0,419.5030631254175,315.3766888351977,798.9323031923785,2097.515315627087,14
0.2,8,12,7005062,global_min_cost,2220,10,10,5,5,50.0,177.49927030995758,100.0937409482015,386.3735336019828,887.4963515497878,15
0.2,10,12,7005062,greedy,2220,10,10,5,5,50.0,255.09563304318542,100.0937409482015,579.7098526167407,1275.478165215927,14
0.2,10,12,7005062,global_min_cost,2220,10,10,5,5,50.0,125.76009225906171,100.0937409482015,231.1559994492951,628.8004612953087,15
0.2,12,12,7005062,greedy,2220,10,10,5,5,50.0,255.09563304318542,100.0937409482015,579.7098526167407,1275.478165215927,14
0.2,12,12,7005062,global_min_cost,2220,10,10,5,5,50.0,125.76009225906171,100.0937409482015,231.1559994492951,628.8004612953087,15
0.2,14,12,7005062,greedy,2220,10,10,5,5,50.0,255.09563304318542,100.0937409482015,579.7098526167407,1275.478165215927,14
0.2,14,12,7005062,global_min_cost,2220,10,10,5,5,50.0,125.76009225906171,100.0937409482015,231.1559994492951,628.8004612953087,15
0.2,16,12,7005062,greedy,2220,10,10,6,4,60.0,200.94339377715374,106.44571642136,452.08010182557166,1205.6603626629224,13
0.2,16,12,7005062,global_min_cost,2220,10,10,6,4,60.0,200.94339377715374,106.44571642136,452.08010182557166,1205.6603626629224,13
0.2,20,12,7005062,greedy,2220,10,10,6,4,60.0,174.1184455494568,90.09377920091488,395.20149028566755,1044.7106732967407,13
0.2,20,12,7005062,global_min_cost,2220,10,10,6,4,60.0,174.1184455494568,90.09377920091488,395.20149028566755,1044.7106732967407,13
0.2,24,12,7005062,greedy,2220,10,10,7,3,70.0,151.79732711750566,80.09381745362826,355.4220551764017,1062.5812898225395,10
0.2,24,12,7005062,global_min_cost,2220,10,10,7,3,70.0,151.79732711750566,80.09381745362826,355.4220551764017,1062.5812898225395,10
0.2,32,12,7005062,greedy,2220,10,10,7,3,70.0,82.33806498575697,75.30275394696284,146.12666254558826,576.3664549002988,10
0.2,32,12,7005062,global_min_cost,2220,10,10,7,3,70.0,82.33806498575697,75.30275394696284,146.12666254558826,576.3664549002988,10
0.2,8,13,7005063,greedy,2236,10,10,7,3,70.0,714.383861829449,674.9599966281371,1186.196927914847,5000.687032806143,11
0.2,8,13,7005063,global_min_cost,2236,10,10,7,3,70.0,714.383861829449,674.9599966281371,1186.196927914847,5000.687032806143,11
0.2,10,13,7005063,greedy,2236,10,10,8,2,80.0,756.8845884232923,539.1137644501919,1501.328356377651,6055.076707386338,6
0.2,10,13,7005063,global_min_cost,2236,10,10,8,2,80.0,755.3224663034669,529.6167661419029,1501.328356377651,6042.579730427734,6
0.2,12,13,7005063,greedy,2236,10,10,8,2,80.0,591.5572267192736,525.0559032956787,1066.849167779228,4732.4578137541885,6
0.2,12,13,7005063,global_min_cost,2236,10,10,8,2,80.0,589.9951045994482,525.0559032956787,1071.3970815398104,4719.960836795585,6
0.2,14,13,7005063,greedy,2236,10,10,8,2,80.0,591.5572267192736,525.0559032956787,1066.849167779228,4732.4578137541885,6
0.2,14,13,7005063,global_min_cost,2236,10,10,8,2,80.0,589.9951045994482,525.0559032956787,1071.3970815398104,4719.960836795585,6
0.2,16,13,7005063,greedy,2236,10,10,8,2,80.0,554.7881846065785,525.0559032956787,994.5788856790759,4438.305476852628,6
0.2,16,13,7005063,global_min_cost,2236,10,10,8,2,80.0,553.226062486753,525.0559032956787,999.1267994396582,4425.808499894025,6
0.2,20,13,7005063,greedy,2236,10,10,8,2,80.0,552.6415257200316,516.4692677494912,994.5788856790759,4421.132205760253,6
0.2,20,13,7005063,global_min_cost,2236,10,10,8,2,80.0,551.0794036002062,516.4692677494912,999.1267994396582,4408.635228801651,6
0.2,24,13,7005063,greedy,2236,10,10,8,2,80.0,537.0867150614515,516.4692677494912,994.5788856790759,4296.693720491612,6
0.2,24,13,7005063,global_min_cost,2236,10,10,8,2,80.0,535.524592941626,516.4692677494912,999.1267994396582,4284.196743533009,6
0.2,32,13,7005063,greedy,2236,10,10,8,2,80.0,533.0542768523326,516.4692677494912,994.5788856790759,4264.434214818661,6
0.2,32,13,7005063,global_min_cost,2236,10,10,8,2,80.0,531.4921547325071,516.4692677494912,999.1267994396582,4251.937237860057,6
0.2,8,14,7005064,greedy,2252,10,10,4,6,40.0,621.4149370750927,714.5760486317141,847.142830857192,2485.65974830037,21
0.2,8,14,7005064,global_min_cost,2252,10,10,4,6,40.0,541.2602049224278,593.0957247652573,752.1120423204823,2165.040819689711,22
0.2,10,14,7005064,greedy,2252,10,10,5,5,50.0,606.0395202235252,643.1031757973019,795.6352945806068,3030.1976011176257,18
0.2,10,14,7005064,global_min_cost,2252,10,10,5,5,50.0,560.77349757855,600.626961020427,758.8755742201989,2803.8674878927495,20
0.2,12,14,7005064,greedy,2252,10,10,5,5,50.0,606.0395202235252,643.1031757973019,795.6352945806068,3030.1976011176257,18
0.2,12,14,7005064,global_min_cost,2252,10,10,5,5,50.0,560.77349757855,600.626961020427,800.3869684485101,2803.8674878927495,20
0.2,14,14,7005064,greedy,2252,10,10,6,4,60.0,609.374437429532,674.9380322487164,752.2776620703012,3656.246624577192,13
0.2,14,14,7005064,global_min_cost,2252,10,10,6,4,60.0,585.1067294321467,649.4636129449987,793.0083344040049,3510.640376592881,16
0.2,16,14,7005064,greedy,2252,10,10,6,4,60.0,609.374437429532,674.9380322487164,752.2776620703012,3656.246624577192,13
0.2,16,14,7005064,global_min_cost,2252,10,10,6,4,60.0,585.1067294321467,649.4636129449987,793.0083344040049,3510.640376592881,16
0.2,20,14,7005064,greedy,2252,10,10,6,4,60.0,595.2617394044703,674.9380322487164,752.2776620703012,3571.570436426822,13
0.2,20,14,7005064,global_min_cost,2252,10,10,6,4,60.0,570.9940314070851,649.4636129449987,793.0083344040049,3425.964188442511,16
0.2,24,14,7005064,greedy,2252,10,10,8,2,80.0,499.3727576970684,674.9380322487164,788.9198079112299,3994.9820615765475,7
0.2,24,14,7005064,global_min_cost,2252,10,10,8,2,80.0,464.1034305537534,531.6674375895913,836.2407705091651,3712.8274444300273,7
0.2,32,14,7005064,greedy,2252,10,10,9,1,90.0,405.0088473712213,502.34572428526997,670.5965872899093,3645.0796263409916,4
0.2,32,14,7005064,global_min_cost,2252,10,10,9,1,90.0,404.98893221217895,424.50820697614364,724.9535636875827,3644.9003899096097,4
0.2,8,15,7005065,greedy,2270,10,10,6,4,60.0,1680.2466139017945,1314.5136788284535,3607.5149404434565,10081.479683410766,11
0.2,8,15,7005065,global_min_cost,2270,10,10,6,4,60.0,1577.5268055511472,941.2909734177954,3485.3604904643526,9465.160833306883,13
0.2,10,15,7005065,greedy,2270,10,10,7,3,70.0,1946.6982783363508,1707.37737750671,3894.1120943762076,13626.887948354455,7
0.2,10,15,7005065,global_min_cost,2270,10,10,7,3,70.0,1893.5539997441115,1006.0541697196264,4011.865131770498,13254.877998208782,9
0.2,12,15,7005065,greedy,2270,10,10,7,3,70.0,1946.6982783363508,1707.37737750671,3894.1120943762076,13626.887948354455,7
0.2,12,15,7005065,global_min_cost,2270,10,10,7,3,70.0,1893.5539997441115,1006.0541697196264,4011.865131770498,13254.877998208782,9
0.2,14,15,7005065,greedy,2270,10,10,7,3,70.0,1323.823414832307,921.6499801501972,2920.250975303199,9266.763903826148,7
0.2,14,15,7005065,global_min_cost,2270,10,10,7,3,70.0,1270.6791362400675,921.6499801501972,2920.250975303199,8894.753953680472,9
0.2,16,15,7005065,greedy,2270,10,10,8,2,80.0,1350.8137486870019,1230.6980329100315,2816.0580936964498,10806.509989496013,6
0.2,16,15,7005065,global_min_cost,2270,10,10,8,2,80.0,1328.2913288828945,1037.2062692742038,2816.0580936964498,10626.330631063156,6
0.2,20,15,7005065,greedy,2270,10,10,8,2,80.0,701.6758635031515,572.2398360314271,1464.6811821064123,5613.406908025212,6
0.2,20,15,7005065,global_min_cost,2270,10,10,8,2,80.0,679.1534436990441,572.2398360314271,1136.7028328772478,5433.227549592353,6
0.2,24,15,7005065,greedy,2270,10,10,8,2,80.0,403.4269917098718,320.49037274581576,793.7976445888005,3227.4159336789744,6
0.2,24,15,7005065,global_min_cost,2270,10,10,8,2,80.0,373.314046375599,253.98582181164392,748.6509500276366,2986.512371004792,6
0.2,32,15,7005065,greedy,2270,10,10,8,2,80.0,222.99563142793792,150.8212946167824,415.95185577555463,1783.9650514235032,6
0.2,32,15,7005065,global_min_cost,2270,10,10,8,2,80.0,213.86044365902487,127.85179613900807,473.5010332893997,1710.883549272199,6
0.2,8,16,7005066,greedy,2348,10,10,6,4,60.0,1032.2767020669585,994.8396147600272,1295.2422308209632,6193.66021240175,14
0.2,8,16,7005066,global_min_cost,2348,10,10,6,4,60.0,999.457612263162,937.540126001609,1290.851099039252,5996.745673578971,15
0.2,10,16,7005066,greedy,2348,10,10,6,4,60.0,1032.2767020669585,994.8396147600272,1295.2422308209632,6193.66021240175,14
0.2,10,16,7005066,global_min_cost,2348,10,10,6,4,60.0,999.457612263162,937.540126001609,1290.851099039252,5996.745673578971,15
0.2,12,16,7005066,greedy,2348,10,10,7,3,70.0,1065.3879760052089,1030.1448829394676,1403.2730204225363,7457.715832036462,13
0.2,12,16,7005066,global_min_cost,2348,10,10,7,3,70.0,1065.3879760052089,1046.3684687896496,1545.1564243001533,7457.715832036462,13
0.2,14,16,7005066,greedy,2348,10,10,7,3,70.0,818.2872344483368,790.7451219556319,1289.480593723294,5728.010641138357,13
0.2,14,16,7005066,global_min_cost,2348,10,10,7,3,70.0,791.4111951255715,790.7451219556319,1289.480593723294,5539.878365879,13
0.2,16,16,7005066,greedy,2348,10,10,7,3,70.0,740.7078989768855,757.8892583170523,1289.480593723294,5184.955292838199,13
0.2,16,16,7005066,global_min_cost,2348,10,10,7,3,70.0,645.7401602484462,650.1480892202219,1178.8218911616436,4520.181121739122,13
0.2,20,16,7005066,greedy,2348,10,10,8,2,80.0,555.9412927582589,496.0568290408581,944.1717352844232,4447.530342066071,8
0.2,20,16,7005066,global_min_cost,2348,10,10,8,2,80.0,516.0045826173525,301.9670422684374,1173.2221387291097,4128.036660938819,8
0.2,24,16,7005066,greedy,2348,10,10,8,2,80.0,465.2558776957969,289.7021572543356,928.5501286889364,3722.0470215663754,8
0.2,24,16,7005066,global_min_cost,2348,10,10,8,2,80.0,465.25587769579687,267.6082232395018,1157.600532133623,3722.0470215663754,8
0.2,32,16,7005066,greedy,2348,10,10,9,1,90.0,406.81226320015395,279.8731082536036,806.8467885776623,3661.3103688013857,5
0.2,32,16,7005066,global_min_cost,2348,10,10,9,1,90.0,314.51974196666015,255.34333822539995,681.5987633775356,2830.6776776999413,5
0.2,8,17,7005067,greedy,2354,10,10,5,5,50.0,354.5082469068862,429.0172390732206,657.6570598264274,1772.5412345344312,11
0.2,8,17,7005067,global_min_cost,2354,10,10,5,5,50.0,354.5082469068862,429.0172390732206,657.6570598264274,1772.5412345344314,11
0.2,10,17,7005067,greedy,2354,10,10,5,5,50.0,354.5082469068862,429.0172390732206,657.6570598264274,1772.5412345344312,11
0.2,10,17,7005067,global_min_cost,2354,10,10,5,5,50.0,354.5082469068862,429.0172390732206,657.6570598264274,1772.5412345344314,11
0.2,12,17,7005067,greedy,2354,10,10,5,5,50.0,354.5082469068862,429.0172390732206,657.6570598264274,1772.5412345344312,11
0.2,12,17,7005067,global_min_cost,2354,10,10,5,5,50.0,354.5082469068862,429.0172390732206,657.6570598264274,1772.5412345344314,11
0.2,14,17,7005067,greedy,2354,10,10,5,5,50.0,346.34139959001413,425.0414818326551,642.9136680889094,1731.7069979500707,11
0.2,14,17,7005067,global_min_cost,2354,10,10,5,5,50.0,309.79070997459365,429.0172390732206,523.5044490295496,1548.9535498729683,11
0.2,16,17,7005067,greedy,2354,10,10,5,5,50.0,346.34139959001413,425.0414818326551,642.9136680889094,1731.7069979500707,11
0.2,16,17,7005067,global_min_cost,2354,10,10,5,5,50.0,309.79070997459365,429.0172390732206,523.5044490295496,1548.9535498729683,11
0.2,20,17,7005067,greedy,2354,10,10,5,5,50.0,333.97635923825453,377.72779551208635,635.0019102740849,1669.8817961912725,11
0.2,20,17,7005067,global_min_cost,2354,10,10,5,5,50.0,299.5328212623668,377.72779551208635,523.5044490295496,1497.664106311834,11
0.2,24,17,7005067,greedy,2354,10,10,5,5,50.0,277.45396212648626,269.3872893885029,555.035429787755,1387.2698106324315,11
0.2,24,17,7005067,global_min_cost,2354,10,10,5,5,50.0,248.82233664865413,269.3872893885029,446.210105380713,1244.1116832432708,11
0.2,32,17,7005067,greedy,2354,10,10,5,5,50.0,277.45396212648626,269.3872893885029,555.035429787755,1387.2698106324315,11
0.2,32,17,7005067,global_min_cost,2354,10,10,5,5,50.0,248.82233664865413,269.3872893885029,446.210105380713,1244.1116832432708,11
0.2,8,18,7005068,greedy,2214,10,10,5,5,50.0,924.1184324068956,636.2675351347062,1661.5175411350162,4620.592162034478,13
0.2,8,18,7005068,global_min_cost,2214,10,10,5,5,50.0,700.7586617315087,394.4231906239049,1364.5953017672484,3503.7933086575435,12
0.2,10,18,7005068,greedy,2214,10,10,6,4,60.0,1404.424639862752,1007.4203343444162,2828.0514116654886,8426.547839176512,12
0.2,10,18,7005068,global_min_cost,2214,10,10,6,4,60.0,1212.1995349320698,764.7023803729146,2543.7974890227465,7273.197209592418,11
0.2,12,18,7005068,greedy,2214,10,10,7,3,70.0,703.2627770146986,636.2675351347062,1282.349767654762,4922.8394391028905,10
0.2,12,18,7005068,global_min_cost,2214,10,10,7,3,70.0,703.2627770146987,394.4231906239049,1471.5148229635572,4922.839439102891,10
0.2,14,18,7005068,greedy,2214,10,10,7,3,70.0,675.6753872038439,636.2675351347062,1282.349767654762,4729.727710426907,10
0.2,14,18,7005068,global_min_cost,2214,10,10,7,3,70.0,675.675387203844,394.4231906239049,1471.5148229635572,4729.727710426908,10
0.2,16,18,7005068,greedy,2214,10,10,7,3,70.0,675.6753872038439,636.2675351347062,1282.349767654762,4729.727710426907,10
0.2,16,18,7005068,global_min_cost,2214,10,10,7,3,70.0,675.675387203844,394.4231906239049,1471.5148229635572,4729.727710426908,10
0.2,20,18,7005068,greedy,2214,10,10,7,3,70.0,632.5540905912122,636.2675351347062,1282.349767654762,4427.878634138486,10
0.2,20,18,7005068,global_min_cost,2214,10,10,7,3,70.0,632.5540905912123,261.77428017719154,1471.5148229635572,4427.878634138487,10
0.2,24,18,7005068,greedy,2214,10,10,7,3,70.0,501.3580056862696,199.0604392072676,1125.7139136644655,3509.5060398038877,10
0.2,24,18,7005068,global_min_cost,2214,10,10,7,3,70.0,501.3580056862696,199.0604392072676,1125.7139136644655,3509.5060398038877,10
0.2,32,18,7005068,greedy,2214,10,10,7,3,70.0,466.14979261761954,199.0604392072676,1125.7139136644655,3263.0485483233365,10
0.2,32,18,7005068,global_min_cost,2214,10,10,7,3,70.0,466.14979261761954,199.0604392072676,1125.7139136644655,3263.0485483233365,10
0.2,8,19,7005069,greedy,2233,10,10,6,4,60.0,1115.1738573609964,528.0420888233473,2373.907956085837,6691.043144165979,18
0.2,8,19,7005069,global_min_cost,2233,10,10,6,4,60.0,1074.9758686342248,443.5715271738052,2495.7770916450245,6449.8552118053485,17
0.2,10,19,7005069,greedy,2233,10,10,6,4,60.0,1068.9236060024832,489.6490261594096,2358.990272148068,6413.541636014899,18
0.2,10,19,7005069,global_min_cost,2233,10,10,6,4,60.0,1029.3802621352393,443.5715271738052,2358.990272148068,6176.281572811435,17
0.2,12,19,7005069,greedy,2233,10,10,7,3,70.0,841.8292342167364,435.44417416987017,1982.737957113173,5892.804639517154,14
0.2,12,19,7005069,global_min_cost,2233,10,10,7,3,70.0,841.8292342167364,435.44417416987017,1982.737957113173,5892.804639517154,14
0.2,14,19,7005069,greedy,2233,10,10,7,3,70.0,748.0560444290746,435.44417416987017,1690.0160938716128,5236.392311003523,14
0.2,14,19,7005069,global_min_cost,2233,10,10,7,3,70.0,737.7140733979618,435.44417416987017,1777.1074092945928,5163.998513785733,14
0.2,16,19,7005069,greedy,2233,10,10,7,3,70.0,748.0560444290746,435.44417416987017,1690.0160938716128,5236.392311003523,14
0.2,16,19,7005069,global_min_cost,2233,10,10,7,3,70.0,737.7140733979618,435.44417416987017,1777.1074092945928,5163.998513785733,14
0.2,20,19,7005069,greedy,2233,10,10,7,3,70.0,703.0980256453888,280.8188652300741,1659.8852207982159,4921.686179517722,14
0.2,20,19,7005069,global_min_cost,2233,10,10,7,3,70.0,692.7560546142761,332.7118623855504,1731.9110996844975,4849.292382299932,14
0.2,24,19,7005069,greedy,2233,10,10,7,3,70.0,703.0980256453888,280.8188652300741,1659.8852207982159,4921.686179517722,14
0.2,24,19,7005069,global_min_cost,2233,10,10,7,3,70.0,692.7560546142761,332.7118623855504,1731.9110996844975,4849.292382299932,14
0.2,32,19,7005069,greedy,2233,10,10,7,3,70.0,415.59437860906365,239.16279875171037,818.7569666384129,2909.160650263445,14
0.2,32,19,7005069,global_min_cost,2233,10,10,7,3,70.0,364.84288859936396,328.3855640490917,637.9724553312016,2553.9002201955477,14
0.2,8,20,7005070,greedy,2242,10,10,6,4,60.0,1629.9074002694135,1002.8958504962695,3770.09681616201,9779.444401616482,9
0.2,8,20,7005070,global_min_cost,2242,10,10,6,4,60.0,1359.2930546481577,1329.4442606877587,2671.211118529658,8155.758327888947,9
0.2,10,20,7005070,greedy,2242,10,10,6,4,60.0,1629.9074002694135,1002.8958504962695,3770.09681616201,9779.444401616482,9
0.2,10,20,7005070,global_min_cost,2242,10,10,6,4,60.0,1359.2930546481577,1329.4442606877587,2671.211118529658,8155.758327888947,9
0.2,12,20,7005070,greedy,2242,10,10,7,3,70.0,1721.5032858972793,1394.68355318859,3505.4414718320477,12050.523001280955,7
0.2,12,20,7005070,global_min_cost,2242,10,10,7,3,70.0,1489.5481325076314,2028.3372163078502,2653.3836533493563,10426.83692755342,7
0.2,14,20,7005070,greedy,2242,10,10,7,3,70.0,1370.3463185475725,878.3745283562607,2728.7255731858,9592.424229833008,7
0.2,14,20,7005070,global_min_cost,2242,10,10,7,3,70.0,1144.9233649031128,1394.68355318859,2106.3877618756983,8014.463554321789,7
0.2,16,20,7005070,greedy,2242,10,10,7,3,70.0,1144.6983089785542,611.108147803949,2360.8406429469333,8012.88816284988,7
0.2,16,20,7005070,global_min_cost,2242,10,10,7,3,70.0,995.0467063564831,345.54694336218233,2248.6451883820155,6965.326944495381,7
0.2,20,20,7005070,greedy,2242,10,10,7,3,70.0,446.5074339612974,322.5227582388766,970.9336935335721,3125.5520377290823,7
0.2,20,20,7005070,global_min_cost,2242,10,10,7,3,70.0,440.51781146626104,335.78671289346926,848.1193556612927,3083.6246802638275,7
0.2,24,20,7005070,greedy,2242,10,10,7,3,70.0,440.11962290386646,322.5227582388766,953.0478225727654,3080.8373603270657,7
0.2,24,20,7005070,global_min_cost,2242,10,10,7,3,70.0,434.1300004088301,335.78671289346926,830.2334847004861,3038.9100028618104,7
0.2,32,20,7005070,greedy,2242,10,10,7,3,70.0,180.01458804174763,135.7882066404661,336.49524014866955,1260.1021162922332,7
0.2,32,20,7005070,global_min_cost,2242,10,10,7,3,70.0,165.76537637078292,135.7882066404661,332.07040880208774,1160.3576345954805,7
0.2,8,21,7005071,greedy,2329,10,10,3,7,30.0,889.6695019912581,1290.3472006990169,1348.2616843380517,2669.0085059737744,19
0.2,8,21,7005071,global_min_cost,2329,10,10,3,7,30.0,482.40740410362537,415.4456369913959,895.7735876323056,1447.222212310876,23
0.2,10,21,7005071,greedy,2329,10,10,3,7,30.0,889.6695019912581,1290.3472006990169,1348.2616843380517,2669.0085059737744,19
0.2,10,21,7005071,global_min_cost,2329,10,10,3,7,30.0,482.40740410362537,415.4456369913959,895.7735876323056,1447.222212310876,23
0.2,12,21,7005071,greedy,2329,10,10,3,7,30.0,889.6695019912581,1290.3472006990169,1348.2616843380517,2669.0085059737744,19
0.2,12,21,7005071,global_min_cost,2329,10,10,3,7,30.0,482.40740410362537,415.4456369913959,895.7735876323056,1447.222212310876,23
0.2,14,21,7005071,greedy,2329,10,10,4,6,40.0,565.6940315786994,614.9645135661893,956.1932864511253,2262.776126314798,16
0.2,14,21,7005071,global_min_cost,2329,10,10,4,6,40.0,497.07112522707854,477.7187008629475,873.8457988291804,1988.2845009083142,18
0.2,16,21,7005071,greedy,2329,10,10,5,5,50.0,759.8812750965783,814.4833901409828,1328.748589163045,3799.4063754828917,13
0.2,16,21,7005071,global_min_cost,2329,10,10,5,5,50.0,677.6376926190147,541.0622885974383,1222.1064702060357,3388.1884630950735,16
0.2,20,21,7005071,greedy,2329,10,10,6,4,60.0,701.1128180807481,611.4122235027598,1276.2429122303129,4206.676908484488,11
0.2,20,21,7005071,global_min_cost,2329,10,10,6,4,60.0,671.152631973988,649.8048897992596,1147.969687613533,4026.9157918439287,15
0.2,24,21,7005071,greedy,2329,10,10,7,3,70.0,687.0458121134254,591.9989394562965,1235.1732405080284,4809.320684793978,10
0.2,24,21,7005071,global_min_cost,2329,10,10,7,3,70.0,657.4342969986056,575.1242871463111,1121.760969921921,4602.04007899024,12
0.2,32,21,7005071,greedy,2329,10,10,8,2,80.0,559.7433278625892,537.8630889746867,936.4734201824258,4477.946622900714,8
0.2,32,21,7005071,global_min_cost,2329,10,10,8,2,80.0,543.1247580837315,414.4381644143001,963.2900595555968,4344.998064669852,8
0.2,8,22,7005072,greedy,2252,10,10,4,6,40.0,799.5803124460298,751.9965188992298,1162.3234814372527,3198.321249784119,18
0.2,8,22,7005072,global_min_cost,2252,10,10,4,6,40.0,613.9377713219103,583.4355417014192,773.1854999865283,2455.751085287641,18
0.2,10,22,7005072,greedy,2252,10,10,5,5,50.0,1423.7700707823217,853.9156056321694,2909.619438788669,7118.850353911608,14
0.2,10,22,7005072,global_min_cost,2252,10,10,5,5,50.0,1183.9032090571052,584.8152534800321,2424.1934108015957,5919.516045285525,17
0.2,12,22,7005072,greedy,2252,10,10,5,5,50.0,1252.2606754871736,584.8152534800321,2747.440154748326,6261.303377435867,14
0.2,12,22,7005072,global_min_cost,2252,10,10,5,5,50.0,1137.9114138452474,584.8152534800321,2332.2098203778805,5689.557069226236,17
0.2,14,22,7005072,greedy,2252,10,10,6,4,60.0,1153.667244573485,708.4449481811073,2342.5252929987323,6922.00346744091,13
0.2,14,22,7005072,global_min_cost,2252,10,10,6,4,60.0,1148.1669554126383,593.4654601514627,2342.5252929987323,6889.00173247583,13
0.2,16,22,7005072,greedy,2252,10,10,6,4,60.0,1044.937900910896,478.08739685711396,2342.5252929987323,6269.627405465376,13
0.2,16,22,7005072,global_min_cost,2252,10,10,6,4,60.0,1044.937900910896,478.08739685711396,2342.5252929987323,6269.627405465375,13
0.2,20,22,7005072,greedy,2252,10,10,7,3,70.0,924.6984320184794,434.96439625263326,2113.909167048905,6472.889024129356,12
0.2,20,22,7005072,global_min_cost,2252,10,10,7,3,70.0,924.6984320184794,434.96439625263326,2006.1602523999957,6472.889024129355,12
0.2,24,22,7005072,greedy,2252,10,10,7,3,70.0,808.6276921688335,434.96439625263326,1797.4313109380548,5660.393845181834,12
0.2,24,22,7005072,global_min_cost,2252,10,10,7,3,70.0,808.6276921688335,434.96439625263326,1797.4313109380548,5660.393845181834,12
0.2,32,22,7005072,greedy,2252,10,10,9,1,90.0,742.9948334537512,434.96439625263326,1498.4379870938242,6686.953501083761,5
0.2,32,22,7005072,global_min_cost,2252,10,10,9,1,90.0,709.6193573666433,412.7429191563942,1228.8013572494751,6386.574216299789,5
0.2,8,23,7005073,greedy,2290,10,10,5,5,50.0,1131.149698392482,868.9033274393477,2002.2370622932408,5655.748491962409,17
0.2,8,23,7005073,global_min_cost,2290,10,10,5,5,50.0,1035.7383354444958,868.9033274393477,1983.3088005302227,5178.691677222479,18
0.2,10,23,7005073,greedy,2290,10,10,6,4,60.0,1077.7271544188447,885.9507867591893,1902.4257037470775,6466.362926513068,14
0.2,10,23,7005073,global_min_cost,2290,10,10,6,4,60.0,1013.6149872169182,839.7588809950033,1948.6176095112633,6081.689923301509,14
0.2,12,23,7005073,greedy,2290,10,10,7,3,70.0,593.9317409780135,327.09744975569316,1371.074421220721,4157.522186846094,10
0.2,12,23,7005073,global_min_cost,2290,10,10,7,3,70.0,584.1365365772607,354.832793413943,1120.5460843961491,4088.955756040825,10
0.2,14,23,7005073,greedy,2290,10,10,7,3,70.0,294.1882500460103,172.20211034752936,560.4610070241051,2059.3177503220722,10
0.2,14,23,7005073,global_min_cost,2290,10,10,7,3,70.0,294.1882500460103,172.20211034752936,560.4610070241051,2059.3177503220722,10
0.2,16,23,7005073,greedy,2290,10,10,7,3,70.0,233.94077323841566,172.20211034752936,443.5722926690526,1637.5854126689096,10
0.2,16,23,7005073,global_min_cost,2290,10,10,7,3,70.0,233.94077323841566,172.20211034752936,443.5722926690526,1637.5854126689096,10
0.2,20,23,7005073,greedy,2290,10,10,7,3,70.0,233.94077323841566,172.20211034752936,443.5722926690526,1637.5854126689096,10
0.2,20,23,7005073,global_min_cost,2290,10,10,7,3,70.0,233.94077323841566,172.20211034752936,443.5722926690526,1637.5854126689096,10
0.2,24,23,7005073,greedy,2290,10,10,7,3,70.0,229.72146422309785,172.20211034752936,443.5722926690526,1608.0502495616852,10
0.2,24,23,7005073,global_min_cost,2290,10,10,7,3,70.0,229.72146422309785,172.20211034752936,443.5722926690526,1608.050249561685,10
0.2,32,23,7005073,greedy,2290,10,10,7,3,70.0,228.89073487458708,172.20211034752936,440.0832294053074,1602.2351441221097,10
0.2,32,23,7005073,global_min_cost,2290,10,10,7,3,70.0,228.89073487458708,172.20211034752936,440.0832294053074,1602.2351441221094,10
0.2,8,24,7005074,greedy,2225,10,10,5,5,50.0,486.30967057551567,402.35708975227504,908.7049709605107,2431.548352877578,12
0.2,8,24,7005074,global_min_cost,2225,10,10,5,5,50.0,486.30967057551567,381.7264036238379,908.7049709605107,2431.5483528775785,12
0.2,10,24,7005074,greedy,2225,10,10,5,5,50.0,460.62454286999,402.35708975227504,857.3347155494594,2303.12271434995,12
0.2,10,24,7005074,global_min_cost,2225,10,10,5,5,50.0,460.62454286999,402.35708975227504,857.3347155494594,2303.12271434995,12
0.2,12,24,7005074,greedy,2225,10,10,5,5,50.0,460.62454286999,402.35708975227504,857.3347155494594,2303.12271434995,12
0.2,12,24,7005074,global_min_cost,2225,10,10,5,5,50.0,460.62454286999,381.7264036238379,854.6039842413302,2303.12271434995,12
0.2,14,24,7005074,greedy,2225,10,10,5,5,50.0,370.73070941503306,402.35708975227504,623.6995473655586,1853.6535470751655,12
0.2,14,24,7005074,global_min_cost,2225,10,10,5,5,50.0,343.56255322561714,162.9147762314254,718.6229683636084,1717.8127661280855,12
0.2,16,24,7005074,greedy,2225,10,10,6,4,60.0,367.51829662864697,376.9066612244958,611.1286412519014,2205.109779771882,10
0.2,16,24,7005074,global_min_cost,2225,10,10,6,4,60.0,321.56042781615264,247.32602803165872,602.8356680072553,1929.362566896916,10
0.2,20,24,7005074,greedy,2225,10,10,7,3,70.0,255.47810827855125,143.19582336660085,472.926530029138,1788.3467579498586,9
0.2,20,24,7005074,global_min_cost,2225,10,10,7,3,70.0,255.47810827855125,143.19582336660085,472.926530029138,1788.346757949859,9
0.2,24,24,7005074,greedy,2225,10,10,8,2,80.0,179.02836211570215,142.73995673479453,366.72648981338415,1432.2268969256172,8
0.2,24,24,7005074,global_min_cost,2225,10,10,8,2,80.0,179.02836211570215,142.73995673479453,366.72648981338415,1432.2268969256174,8
0.2,32,24,7005074,greedy,2225,10,10,8,2,80.0,178.57622787736756,142.5026653083811,364.5267460756892,1428.6098230189405,8
0.2,32,24,7005074,global_min_cost,2225,10,10,8,2,80.0,178.57622787736756,152.8180083725997,358.33754023715807,1428.6098230189405,8
0.2,8,25,7005075,greedy,2302,10,10,7,3,70.0,1030.2388089818112,884.6486448902722,1756.143157679534,7211.671662872678,12
0.2,8,25,7005075,global_min_cost,2302,10,10,7,3,70.0,861.0964131897213,602.4890709945988,1376.213997113858,6027.674892328049,11
0.2,10,25,7005075,greedy,2302,10,10,8,2,80.0,818.4998929247135,614.3217859775737,1359.8940655592273,6547.999143397708,9
0.2,10,25,7005075,global_min_cost,2302,10,10,8,2,80.0,786.8167820279238,578.688500071806,1296.0243383931372,6294.534256223389,9
0.2,12,25,7005075,greedy,2302,10,10,8,2,80.0,573.6338715195533,487.20304230530985,961.0072803388794,4589.070972156425,9
0.2,12,25,7005075,global_min_cost,2302,10,10,8,2,80.0,521.6911352082092,476.6301391551839,935.7517306031571,4173.529081665673,9
0.2,14,25,7005075,greedy,2302,10,10,8,2,80.0,533.9255350813419,483.67439150811595,845.3922213324435,4271.404280650735,9
0.2,14,25,7005075,global_min_cost,2302,10,10,8,2,80.0,487.87975182292166,430.26860312529624,888.7650739864752,3903.0380145833724,9
0.2,16,25,7005075,greedy,2302,10,10,9,1,90.0,544.822981303466,419.51815546160657,889.9907087404928,4903.406831731194,5
0.2,16,25,7005075,global_min_cost,2302,10,10,9,1,90.0,503.8933961848702,419.51815546160657,945.832337063124,4535.040565663831,5
0.2,20,25,7005075,greedy,2302,10,10,9,1,90.0,498.5503874068231,419.51815546160657,889.9907087404928,4486.953486661408,5
0.2,20,25,7005075,global_min_cost,2302,10,10,9,1,90.0,474.30118669999587,380.9698114989063,945.832337063124,4268.710680299962,5
0.2,24,25,7005075,greedy,2302,10,10,9,1,90.0,422.1533100087885,380.9698114989063,689.108888496825,3799.3797900790964,5
0.2,24,25,7005075,global_min_cost,2302,10,10,9,1,90.0,420.8251384965088,380.9698114989063,689.108888496825,3787.42624646858,5
0.2,32,25,7005075,greedy,2302,10,10,9,1,90.0,371.2101913806614,373.93723216957545,614.2101760711157,3340.891722425953,5
0.2,32,25,7005075,global_min_cost,2302,10,10,9,1,90.0,369.8820198683818,373.93723216957545,614.2101760711157,3328.9381788154365,5
0.2,8,26,7005076,greedy,2274,10,10,4,6,40.0,560.3193653033948,547.8199979496292,1086.128582003636,2241.277461213579,17
0.2,8,26,7005076,global_min_cost,2274,10,10,5,5,50.0,516.7490472325126,86.77776188950295,1215.972514123968,2583.745236162563,15
0.2,10,26,7005076,greedy,2274,10,10,4,6,40.0,560.3193653033948,547.8199979496292,1086.128582003636,2241.277461213579,17
0.2,10,26,7005076,global_min_cost,2274,10,10,5,5,50.0,516.7490472325126,86.77776188950295,1215.972514123968,2583.745236162563,15
0.2,12,26,7005076,greedy,2274,10,10,5,5,50.0,514.6799626164567,332.1223518687042,1078.2718900985171,2573.3998130822833,14
0.2,12,26,7005076,global_min_cost,2274,10,10,6,4,60.0,485.9779313385445,209.45005687910356,1198.2602047231387,2915.867588031267,12
0.2,14,26,7005076,greedy,2274,10,10,6,4,60.0,443.2718355115841,209.45005687910356,1070.1419172422575,2659.6310130695047,12
0.2,14,26,7005076,global_min_cost,2274,10,10,6,4,60.0,443.2718355115841,209.45005687910356,1070.1419172422575,2659.6310130695047,12
0.2,16,26,7005076,greedy,2274,10,10,6,4,60.0,438.9935684129576,196.6152555832241,1070.1419172422575,2633.9614104777456,12
0.2,16,26,7005076,global_min_cost,2274,10,10,6,4,60.0,438.9935684129576,196.6152555832241,1070.1419172422575,2633.9614104777456,12
0.2,20,26,7005076,greedy,2274,10,10,6,4,60.0,438.9935684129576,196.6152555832241,1070.1419172422575,2633.9614104777456,12
0.2,20,26,7005076,global_min_cost,2274,10,10,6,4,60.0,438.9935684129576,196.6152555832241,1070.1419172422575,2633.9614104777456,12
0.2,24,26,7005076,greedy,2274,10,10,6,4,60.0,313.61687153206503,196.6152555832241,694.0118265995798,1881.7012291923902,12
0.2,24,26,7005076,global_min_cost,2274,10,10,6,4,60.0,313.61687153206503,196.6152555832241,694.0118265995798,1881.7012291923902,12
0.2,32,26,7005076,greedy,2274,10,10,6,4,60.0,242.35812502453294,164.27696939759824,512.5738732626094,1454.1487501471977,12
0.2,32,26,7005076,global_min_cost,2274,10,10,6,4,60.0,242.35812502453294,164.27696939759824,512.5738732626094,1454.1487501471977,12
0.2,8,27,7005077,greedy,2385,10,10,4,6,40.0,885.1702299059821,1020.4489850404101,1226.5084796457181,3540.6809196239283,16
0.2,8,27,7005077,global_min_cost,2385,10,10,4,6,40.0,731.8733106001243,648.1359477152664,1080.3320022763648,2927.493242400498,17
0.2,10,27,7005077,greedy,2385,10,10,6,4,60.0,762.7516565947815,465.5849118380056,1596.9615189629862,4576.509939568688,11
0.2,10,27,7005077,global_min_cost,2385,10,10,6,4,60.0,587.2615786839766,498.40879875556163,965.3378224446872,3523.56947210386,12
0.2,12,27,7005077,greedy,2385,10,10,7,3,70.0,717.1236746627834,336.6601858613471,1470.1051631223886,5019.865722639484,10
0.2,12,27,7005077,global_min_cost,2385,10,10,7,3,70.0,636.4188104554282,769.7079604801515,992.426171159028,4454.931673187998,8
0.2,14,27,7005077,greedy,2385,10,10,8,2,80.0,796.031058087008,477.53985421319317,1747.4066625137566,6368.248464696064,6
0.2,14,27,7005077,global_min_cost,2385,10,10,8,2,80.0,704.770493775616,528.1252239057886,1396.8403861439913,5638.163950204928,6
0.2,16,27,7005077,greedy,2385,10,10,8,2,80.0,599.6712915861943,298.03811485168103,1394.715912912528,4797.370332689555,6
0.2,16,27,7005077,global_min_cost,2385,10,10,8,2,80.0,515.5351590855093,319.7865222846568,994.36075673312,4124.281272684075,6
0.2,20,27,7005077,greedy,2385,10,10,8,2,80.0,513.015934751663,298.03811485168103,950.6332882913387,4104.127478013304,6
0.2,20,27,7005077,global_min_cost,2385,10,10,8,2,80.0,469.4416466580294,308.643772972259,822.9546826690087,3755.5331732642353,6
0.2,24,27,7005077,greedy,2385,10,10,9,1,90.0,455.9419570574832,259.416043842015,839.4325389757579,4103.477613517349,2
0.2,24,27,7005077,global_min_cost,2385,10,10,9,1,90.0,421.11127426166195,259.416043842015,739.2897628064002,3790.001468354957,2
0.2,32,27,7005077,greedy,2385,10,10,9,1,90.0,299.69815882081707,209.21440485388445,487.2821458424842,2697.283429387354,2
0.2,32,27,7005077,global_min_cost,2385,10,10,9,1,90.0,294.38116588732015,187.8288923960264,487.2821458424842,2649.4304929858813,2
0.2,8,28,7005078,greedy,2293,10,10,5,5,50.0,518.0699077360409,399.4325170773013,925.7415780919814,2590.349538680204,11
0.2,8,28,7005078,global_min_cost,2293,10,10,5,5,50.0,392.2327367165111,399.4325170773013,577.6044247847614,1961.1636835825557,14
0.2,10,28,7005078,greedy,2293,10,10,7,3,70.0,464.26385514886266,399.4325170773013,775.0863449206466,3249.846986042038,6
0.2,10,28,7005078,global_min_cost,2293,10,10,7,3,70.0,403.53884609010436,362.8851955887069,749.6683933356092,2824.771922630731,7
0.2,12,28,7005078,greedy,2293,10,10,7,3,70.0,241.22882172221048,221.41528819837131,377.5041241841447,1688.6017520554733,6
0.2,12,28,7005078,global_min_cost,2293,10,10,8,2,80.0,382.35872388774845,381.1588563330041,634.4152131735807,3058.869791101988,3
0.2,14,28,7005078,greedy,2293,10,10,7,3,70.0,241.22882172221048,221.41528819837131,377.5041241841447,1688.6017520554733,6
0.2,14,28,7005078,global_min_cost,2293,10,10,8,2,80.0,370.57720129355414,381.1588563330041,634.4152131735807,2964.617610348433,3
0.2,16,28,7005078,greedy,2293,10,10,7,3,70.0,241.22882172221048,221.41528819837131,377.5041241841447,1688.6017520554733,6
0.2,16,28,7005078,global_min_cost,2293,10,10,8,2,80.0,370.57720129355414,292.1502418935391,622.1191361223168,2964.617610348433,3
0.2,20,28,7005078,greedy,2293,10,10,7,3,70.0,241.22882172221048,221.41528819837131,377.5041241841447,1688.6017520554733,6
0.2,20,28,7005078,global_min_cost,2293,10,10,8,2,80.0,370.57720129355414,292.1502418935391,622.1191361223168,2964.617610348433,3
0.2,24,28,7005078,greedy,2293,10,10,9,1,90.0,203.18958799974777,175.82398462052467,341.17491110290865,1828.7062919977302,1
0.2,24,28,7005078,global_min_cost,2293,10,10,9,1,90.0,203.18958799974777,175.82398462052467,341.17491110290865,1828.70629199773,1
0.2,32,28,7005078,greedy,2293,10,10,9,1,90.0,143.41735025568462,130.39597926671996,232.22162077297324,1290.756152301162,1
0.2,32,28,7005078,global_min_cost,2293,10,10,9,1,90.0,134.89210715604656,135.13708028635355,191.102029495682,1214.028964404419,1
0.2,8,29,7005079,greedy,2232,10,10,7,3,70.0,903.8798759786551,895.6903906634909,1839.958789854601,6327.159131850585,14
0.2,8,29,7005079,global_min_cost,2232,10,10,7,3,70.0,832.4652845308483,895.6903906634909,1493.6964058255244,5827.256991715937,11
0.2,10,29,7005079,greedy,2232,10,10,8,2,80.0,981.4667664633272,917.1249470056368,1830.351775832035,7851.734131706617,9
0.2,10,29,7005079,global_min_cost,2232,10,10,8,2,80.0,893.6764687485216,861.7033323283946,1625.4695343060391,7149.411749988172,9
0.2,12,29,7005079,greedy,2232,10,10,8,2,80.0,799.3587824487392,780.6850005256682,1540.3365610355302,6394.870259589914,9
0.2,12,29,7005079,global_min_cost,2232,10,10,8,2,80.0,727.428017984019,722.5315579205708,1330.8984216933068,5819.424143872152,9
0.2,14,29,7005079,greedy,2232,10,10,8,2,80.0,743.570993593786,763.5846271487089,1423.1409977796166,5948.567948750288,9
0.2,14,29,7005079,global_min_cost,2232,10,10,8,2,80.0,674.6955686541545,722.5315579205708,1100.5555447703898,5397.564549233235,9
0.2,16,29,7005079,greedy,2232,10,10,8,2,80.0,507.6586310214469,517.89977941121,1018.8998577201095,4061.2690481715754,9
0.2,16,29,7005079,global_min_cost,2232,10,10,8,2,80.0,484.7606585574794,592.4800548609094,848.108508994356,3878.085268459835,9
0.2,20,29,7005079,greedy,2232,10,10,8,2,80.0,364.20776814573264,356.0041990903353,657.9126798708273,2913.6621451658607,9
0.2,20,29,7005079,global_min_cost,2232,10,10,8,2,80.0,364.20776814573264,376.75994275355237,657.9126798708273,2913.6621451658607,9
0.2,24,29,7005079,greedy,2232,10,10,8,2,80.0,330.93768226201325,243.67959921867492,657.9126798708273,2647.501458096106,9
0.2,24,29,7005079,global_min_cost,2232,10,10,8,2,80.0,309.924691753611,236.93974056262027,657.9126798708273,2479.397534028888,9
0.2,32,29,7005079,greedy,2232,10,10,8,2,80.0,261.953307924456,231.66861616464888,545.3131129128591,2095.626463395648,9
0.2,32,29,7005079,global_min_cost,2232,10,10,8,2,80.0,240.94031741605372,224.92875750859423,449.8191138763493,1927.5225393284295,9
0.2,8,30,7005080,greedy,2276,10,10,5,5,50.0,429.2493545268653,414.24813378324257,738.0150906653375,2146.2467726343266,11
0.2,8,30,7005080,global_min_cost,2276,10,10,5,5,50.0,347.208750453601,444.93150401088724,539.7751512606609,1736.043752268005,10
0.2,10,30,7005080,greedy,2276,10,10,6,4,60.0,371.87251241580384,299.7348308555981,719.1792912403782,2231.235074494823,7
0.2,10,30,7005080,global_min_cost,2276,10,10,6,4,60.0,303.50534235475027,277.4141682864513,536.7315149828294,1821.0320541285014,6
0.2,12,30,7005080,greedy,2276,10,10,6,4,60.0,256.0935075013858,147.55918024498447,524.0179271077376,1536.5610450083145,7
0.2,12,30,7005080,global_min_cost,2276,10,10,7,3,70.0,293.67280285411465,360.87332859124615,475.5642358440009,2055.7096199788025,3
0.2,14,30,7005080,greedy,2276,10,10,6,4,60.0,254.68323288274553,147.55918024498447,519.7871032518169,1528.099397296473,7
0.2,14,30,7005080,global_min_cost,2276,10,10,7,3,70.0,292.7066554538878,360.87332859124615,475.5642358440009,2048.946588177215,3
0.2,16,30,7005080,greedy,2276,10,10,6,4,60.0,223.11440597354272,147.55918024498447,425.0806225242085,1338.6864358412563,7
0.2,16,30,7005080,global_min_cost,2276,10,10,7,3,70.0,237.01746860132093,227.87932446398364,394.4965987591026,1659.1222802092464,3
0.2,20,30,7005080,greedy,2276,10,10,7,3,70.0,246.3162120720657,185.2215279279536,427.03139578079043,1724.2134845044598,6
0.2,20,30,7005080,global_min_cost,2276,10,10,8,2,80.0,240.28451535050618,275.33996372757866,386.09078121713844,1922.2761228040492,2
0.2,24,30,7005080,greedy,2276,10,10,7,3,70.0,246.3162120720657,185.2215279279536,427.03139578079043,1724.2134845044598,6
0.2,24,30,7005080,global_min_cost,2276,10,10,8,2,80.0,240.28451535050618,275.33996372757866,386.09078121713844,1922.2761228040492,2
0.2,32,30,7005080,greedy,2276,10,10,7,3,70.0,203.70983263006875,109.89683256201535,427.03139578079043,1425.9688284104814,6
0.2,32,30,7005080,global_min_cost,2276,10,10,8,2,80.0,203.00393333875888,168.8880785129995,363.29626566244957,1624.0314667100708,2
0.2,8,31,7005081,greedy,2282,10,10,6,4,60.0,356.63848140671297,357.32504276212075,612.0096196933789,2139.8308884402777,11
0.2,8,31,7005081,global_min_cost,2282,10,10,6,4,60.0,251.0319037658608,222.47789626888976,496.0989940882573,1506.1914225951648,14
0.2,10,31,7005081,greedy,2282,10,10,6,4,60.0,356.63848140671297,357.32504276212075,612.0096196933789,2139.8308884402777,11
0.2,10,31,7005081,global_min_cost,2282,10,10,6,4,60.0,251.0319037658608,222.47789626888976,496.0989940882573,1506.1914225951648,14
0.2,12,31,7005081,greedy,2282,10,10,6,4,60.0,356.63848140671297,357.32504276212075,612.0096196933789,2139.8308884402777,11
0.2,12,31,7005081,global_min_cost,2282,10,10,6,4,60.0,251.0319037658608,222.47789626888976,496.0989940882573,1506.1914225951648,14
0.2,14,31,7005081,greedy,2282,10,10,8,2,80.0,563.4173795182743,394.82419855745144,1125.5105505476843,4507.339036146194,6
0.2,14,31,7005081,global_min_cost,2282,10,10,8,2,80.0,471.98315839214644,394.82419855745144,926.2846103821737,3775.8652671371715,8
0.2,16,31,7005081,greedy,2282,10,10,8,2,80.0,516.5604242195183,350.94213937306245,928.2462378094028,4132.483393756146,6
0.2,16,31,7005081,global_min_cost,2282,10,10,9,1,90.0,454.2804884037235,341.5693335887722,958.5136716609321,4088.524395633511,4
0.2,20,31,7005081,greedy,2282,10,10,9,1,90.0,435.9941257176309,341.5693335887722,781.5480114104504,3923.947131458678,4
0.2,20,31,7005081,global_min_cost,2282,10,10,9,1,90.0,412.6888599136437,201.07502146047426,929.5605302806482,3714.199739222793,4
0.2,24,31,7005081,greedy,2282,10,10,9,1,90.0,349.31379362197663,185.9305341921969,632.5013270974315,3143.8241425977894,4
0.2,24,31,7005081,global_min_cost,2282,10,10,9,1,90.0,349.31379362197663,185.9305341921969,632.5013270974315,3143.8241425977894,4
0.2,32,31,7005081,greedy,2282,10,10,9,1,90.0,322.9477950316019,161.2633525113702,578.2506136632578,2906.530155284417,4
0.2,32,31,7005081,global_min_cost,2282,10,10,9,1,90.0,304.592359047465,160.48306623837158,536.020825870869,2741.3312314271852,4
0.2,8,32,7005082,greedy,2280,10,10,6,4,60.0,1033.8034352111758,1253.6953010642987,1712.5054698698832,6202.820611267054,13
0.2,8,32,7005082,global_min_cost,2280,10,10,6,4,60.0,978.4586656226103,920.4487808016031,1592.3470606284632,5870.751993735662,13
0.2,10,32,7005082,greedy,2280,10,10,7,3,70.0,899.6908749183048,1219.005547606304,1458.2059008186568,6297.836124428133,12
0.2,10,32,7005082,global_min_cost,2280,10,10,7,3,70.0,842.2974218173504,895.3481105073898,1407.3615935624086,5896.081952721453,12
0.2,12,32,7005082,greedy,2280,10,10,7,3,70.0,824.9146765536054,1158.1734209996912,1265.1236422503416,5774.402735875238,12
0.2,12,32,7005082,global_min_cost,2280,10,10,7,3,70.0,713.7226117654411,597.2076352625257,1265.1236422503416,4996.058282358088,12
0.2,14,32,7005082,greedy,2280,10,10,7,3,70.0,751.1284638866869,1158.1734209996912,1250.341152844496,5257.8992472068085,12
0.2,14,32,7005082,global_min_cost,2280,10,10,7,3,70.0,589.1371307727845,268.00575790231966,1265.1236422503416,4123.959915409492,12
0.2,16,32,7005082,greedy,2280,10,10,7,3,70.0,751.1284638866869,1158.1734209996912,1250.341152844496,5257.8992472068085,12
0.2,16,32,7005082,global_min_cost,2280,10,10,7,3,70.0,589.1371307727845,268.00575790231966,1265.1236422503416,4123.959915409492,12
0.2,20,32,7005082,greedy,2280,10,10,7,3,70.0,456.81782054052655,157.59655851313272,989.3587151092588,3197.724743783686,12
0.2,20,32,7005082,global_min_cost,2280,10,10,7,3,70.0,406.01855221478843,150.810914806305,1028.536192879125,2842.129865503519,12
0.2,24,32,7005082,greedy,2280,10,10,7,3,70.0,447.8423885206466,157.59655851313272,951.6619006257629,3134.896719644526,12
0.2,24,32,7005082,global_min_cost,2280,10,10,7,3,70.0,397.04312019490845,150.810914806305,990.8393783956292,2779.3018413643595,12
0.2,32,32,7005082,greedy,2280,10,10,7,3,70.0,225.8305576337143,150.810914806305,396.9823303454876,1580.8139034360001,12
0.2,32,32,7005082,global_min_cost,2280,10,10,7,3,70.0,225.8305576337143,150.810914806305,396.9823303454876,1580.8139034360004,12
0.2,8,33,7005083,greedy,2224,10,10,3,7,30.0,768.6402752704295,332.37458377172834,1381.6682050145978,2305.9208258112885,19
0.2,8,33,7005083,global_min_cost,2224,10,10,3,7,30.0,234.94836221136163,306.4112389451797,327.1819148064186,704.845086634085,21
0.2,10,33,7005083,greedy,2224,10,10,4,6,40.0,939.3969872661876,913.2923704322177,1599.9031599727778,3757.5879490647503,15
0.2,10,33,7005083,global_min_cost,2224,10,10,4,6,40.0,539.1280524718867,296.7114184100898,1139.8444480886874,2156.5122098875468,17
0.2,12,33,7005083,greedy,2224,10,10,5,5,50.0,775.2357716049697,582.0617686754097,1370.4263657341157,3876.1788580248485,14
0.2,12,33,7005083,global_min_cost,2224,10,10,5,5,50.0,454.99452427630405,287.0115978749998,1020.7825610681862,2274.97262138152,16
0.2,14,33,7005083,greedy,2224,10,10,6,4,60.0,937.7393387101129,800.1159306327366,1704.8189707029794,5626.436032260677,11
0.2,14,33,7005083,global_min_cost,2224,10,10,6,4,60.0,513.5227226463077,296.7114184100898,1151.5969118232579,3081.136335877846,13
0.2,16,33,7005083,greedy,2224,10,10,7,3,70.0,502.5976498643456,287.0115978749998,1068.6242366964323,3518.1835490504195,9
0.2,16,33,7005083,global_min_cost,2224,10,10,7,3,70.0,462.4011174187861,287.0115978749998,1082.5102723578716,3236.8078219315025,9
0.2,20,33,7005083,greedy,2224,10,10,7,3,70.0,379.9344611883447,287.0115978749998,696.2408017418144,2659.541228318413,9
0.2,20,33,7005083,global_min_cost,2224,10,10,7,3,70.0,339.7379287427852,287.0115978749998,705.4981588494406,2378.165501199496,9
0.2,24,33,7005083,greedy,2224,10,10,7,3,70.0,340.0748672704259,287.0115978749998,557.7570139483705,2380.5240708929814,9
0.2,24,33,7005083,global_min_cost,2224,10,10,8,2,80.0,293.4163950144862,221.34154196432826,634.977479227733,2347.33116011589,4
0.2,32,33,7005083,greedy,2224,10,10,7,3,70.0,340.0748672704259,287.0115978749998,557.7570139483705,2380.5240708929814,9
0.2,32,33,7005083,global_min_cost,2224,10,10,8,2,80.0,293.4163950144862,221.34154196432826,634.977479227733,2347.33116011589,4
0.2,8,34,7005084,greedy,2311,10,10,6,4,60.0,388.6560119922265,310.2791773847931,716.7515895646843,2331.9360719533593,15
0.2,8,34,7005084,global_min_cost,2311,10,10,6,4,60.0,304.48262956826875,234.36080741829483,637.0653640931089,1826.8957774096127,19
0.2,10,34,7005084,greedy,2311,10,10,6,4,60.0,384.18653582158976,310.2791773847931,703.3431610527741,2305.119214929539,15
0.2,10,34,7005084,global_min_cost,2311,10,10,7,3,70.0,313.9553670995859,383.2236580487967,624.2872867913601,2197.6875696971015,14
0.2,12,34,7005084,greedy,2311,10,10,7,3,70.0,245.11631578160905,91.30161835852657,526.4917674843831,1715.8142104712633,14
0.2,12,34,7005084,global_min_cost,2311,10,10,7,3,70.0,245.11631578160905,91.30161835852657,526.4917674843831,1715.8142104712633,14
0.2,14,34,7005084,greedy,2311,10,10,8,2,80.0,207.33230108961635,187.9469130102384,391.3112942559785,1658.6584087169308,9
0.2,14,34,7005084,global_min_cost,2311,10,10,8,2,80.0,189.7670397585364,117.68586768591857,391.3112942559785,1518.1363180682913,9
0.2,16,34,7005084,greedy,2311,10,10,8,2,80.0,207.33230108961635,187.9469130102384,391.3112942559785,1658.6584087169308,9
0.2,16,34,7005084,global_min_cost,2311,10,10,8,2,80.0,189.7670397585364,117.68586768591857,391.3112942559785,1518.1363180682913,9
0.2,20,34,7005084,greedy,2311,10,10,8,2,80.0,205.26877397682463,187.9469130102384,386.35882918527835,1642.150191814597,9
0.2,20,34,7005084,global_min_cost,2311,10,10,8,2,80.0,187.70351264574467,117.68586768591857,386.35882918527835,1501.6281011659576,9
0.2,24,34,7005084,greedy,2311,10,10,9,1,90.0,192.63485287377293,168.2395745709644,366.10103864920376,1733.7136758639563,5
0.2,24,34,7005084,global_min_cost,2311,10,10,9,1,90.0,177.0212872461463,144.07011701331058,366.10103864920376,1593.1915852153165,5
0.2,32,34,7005084,greedy,2311,10,10,9,1,90.0,151.83180142655831,91.30161835852657,306.95019242076154,1366.4862128390248,5
0.2,32,34,7005084,global_min_cost,2311,10,10,9,1,90.0,136.2182357989317,91.30161835852657,306.95019242076154,1225.9641221903853,5
0.2,8,35,7005085,greedy,2277,10,10,7,3,70.0,1478.5840260622865,1095.01495656819,2795.859444228623,10350.088182436006,8
0.2,8,35,7005085,global_min_cost,2277,10,10,7,3,70.0,1036.7400600417593,913.7883090377725,1853.8219225297141,7257.180420292316,11
0.2,10,35,7005085,greedy,2277,10,10,8,2,80.0,1035.694218718562,975.3417024214136,1521.7450326691453,8285.553749748497,6
0.2,10,35,7005085,global_min_cost,2277,10,10,8,2,80.0,814.4035933520531,909.8527371272208,1253.8669372243444,6515.228746816425,6
0.2,12,35,7005085,greedy,2277,10,10,8,2,80.0,810.3342139721193,805.8330176644153,1175.2176753840702,6482.673711776954,6
0.2,12,35,7005085,global_min_cost,2277,10,10,8,2,80.0,746.2570415894611,888.3731011118305,1118.7274136961726,5970.05633271569,6
0.2,14,35,7005085,greedy,2277,10,10,8,2,80.0,712.416979221397,703.9630650777547,1174.2794097147125,5699.335833771176,6
0.2,14,35,7005085,global_min_cost,2277,10,10,8,2,80.0,643.7693376181675,676.9901925164628,960.9169869074822,5150.15470094534,6
0.2,16,35,7005085,greedy,2277,10,10,8,2,80.0,712.416979221397,703.9630650777547,1174.2794097147125,5699.335833771176,6
0.2,16,35,7005085,global_min_cost,2277,10,10,8,2,80.0,623.9084420092471,662.5426294233577,959.1471177656861,4991.267536073977,6
0.2,20,35,7005085,greedy,2277,10,10,8,2,80.0,532.3322907345323,516.5963559869112,947.0491089222743,4258.658325876258,6
0.2,20,35,7005085,global_min_cost,2277,10,10,8,2,80.0,494.38512250853637,446.8450348475951,947.0491089222743,3955.0809800682914,6
0.2,24,35,7005085,greedy,2277,10,10,8,2,80.0,402.35544024567974,315.83030136932007,947.0491089222743,3218.8435219654384,6
0.2,24,35,7005085,global_min_cost,2277,10,10,8,2,80.0,389.1497112934665,315.83030136932007,948.8189780640704,3113.197690347732,6
0.2,32,35,7005085,greedy,2277,10,10,8,2,80.0,340.9193311227364,315.83030136932007,661.9791841054557,2727.3546489818914,6
0.2,32,35,7005085,global_min_cost,2277,10,10,8,2,80.0,327.71360217052313,315.83030136932007,661.9791841054557,2621.708817364185,6
0.2,8,36,7005086,greedy,2318,10,10,4,6,40.0,1159.043599180463,1143.3768966686403,1783.5456419132138,4636.174396721852,18
0.2,8,36,7005086,global_min_cost,2318,10,10,4,6,40.0,891.7354318420382,799.1529835272994,1495.4657461111935,3566.9417273681534,20
0.2,10,36,7005086,greedy,2318,10,10,4,6,40.0,1038.9129466970678,903.1155917018502,1783.5456419132138,4155.651786788271,18
0.2,10,36,7005086,global_min_cost,2318,10,10,4,6,40.0,771.6047793586432,558.8916785605093,1351.3089631311195,3086.419117434573,20
0.2,12,36,7005086,greedy,2318,10,10,5,5,50.0,1135.618533518357,626.9701106478789,2159.95368094402,5678.092667591785,15
0.2,12,36,7005086,global_min_cost,2318,10,10,5,5,50.0,903.2891348906111,626.9701106478789,1678.0916648715665,4516.445674453056,15
0.2,14,36,7005086,greedy,2318,10,10,5,5,50.0,1135.618533518357,626.9701106478789,2159.95368094402,5678.092667591785,15
0.2,14,36,7005086,global_min_cost,2318,10,10,5,5,50.0,903.2891348906111,626.9701106478789,1678.0916648715665,4516.445674453056,15
0.2,16,36,7005086,greedy,2318,10,10,6,4,60.0,999.9189867144097,736.2192610521689,1905.7095444026277,5999.5139202864575,10
0.2,16,36,7005086,global_min_cost,2318,10,10,6,4,60.0,792.9316300756018,558.8916785605093,1545.8832284640669,4757.589780453611,12
0.2,20,36,7005086,greedy,2318,10,10,8,2,80.0,475.1580592345177,422.57740453362703,850.1300840370869,3801.264473876141,6
0.2,20,36,7005086,global_min_cost,2318,10,10,8,2,80.0,474.35828052199,463.60380328371593,823.5947758769673,3794.8662441759207,6
0.2,24,36,7005086,greedy,2318,10,10,8,2,80.0,356.27875874280693,277.329358511415,704.3313913814861,2850.230069942455,6
0.2,24,36,7005086,global_min_cost,2318,10,10,8,2,80.0,353.913993715987,277.329358511415,704.3313913814861,2831.311949727896,6
0.2,32,36,7005086,greedy,2318,10,10,8,2,80.0,317.85536793028837,238.845337716519,704.3313913814861,2542.842943442307,6
0.2,32,36,7005086,global_min_cost,2318,10,10,8,2,80.0,315.49060290346847,244.4534813097407,704.3313913814861,2523.9248232277478,6
0.2,8,37,7005087,greedy,2252,10,10,4,6,40.0,1057.320863868165,628.3464020781158,2008.111743670928,4229.28345547266,20
0.2,8,37,7005087,global_min_cost,2252,10,10,5,5,50.0,412.6868656884428,426.93284826286106,630.1406389543668,2063.434328442214,17
0.2,10,37,7005087,greedy,2252,10,10,5,5,50.0,527.9853931725453,612.9938807401962,640.4097298955058,2639.9269658627263,16
0.2,10,37,7005087,global_min_cost,2252,10,10,6,4,60.0,433.24708251202816,481.49050744640806,621.9595988402939,2599.482495072169,12
0.2,12,37,7005087,greedy,2252,10,10,7,3,70.0,835.7223445623546,635.4759396147116,1510.2694323260864,5850.056411936483,12
0.2,12,37,7005087,global_min_cost,2252,10,10,8,2,80.0,581.6941140193842,558.5512824499423,985.4139841648653,4653.5529121550735,7
0.2,14,37,7005087,greedy,2252,10,10,7,3,70.0,455.7945751093026,368.02766598409397,746.1971893837435,3190.5620257651185,12
0.2,14,37,7005087,global_min_cost,2252,10,10,8,2,80.0,478.1708564902165,481.49050744640806,744.2196412391313,3825.3668519217326,7
0.2,16,37,7005087,greedy,2252,10,10,8,2,80.0,424.7386949505779,336.04450417839007,663.0958444995268,3397.9095596046236,7
0.2,16,37,7005087,global_min_cost,2252,10,10,8,2,80.0,396.5036949597066,356.9951145657893,662.5079834464965,3172.0295596776527,7
0.2,20,37,7005087,greedy,2252,10,10,8,2,80.0,345.27117727311435,336.04450417839007,485.120742072655,2762.169418184915,7
0.2,20,37,7005087,global_min_cost,2252,10,10,8,2,80.0,282.85166422037776,318.89965724573966,445.2123240974692,2262.813313763022,7
0.2,24,37,7005087,greedy,2252,10,10,8,2,80.0,283.7793451406276,311.18664559367915,439.9294215277023,2270.2347611250207,7
0.2,24,37,7005087,global_min_cost,2252,10,10,8,2,80.0,242.06305884921738,273.0911882736295,386.5940850323093,1936.504470793739,7
0.2,32,37,7005087,greedy,2252,10,10,8,2,80.0,270.5943566201533,281.8234566418544,439.9294215277023,2164.7548529612263,7
0.2,32,37,7005087,global_min_cost,2252,10,10,8,2,80.0,239.9190689408351,273.0911882736295,386.5940850323093,1919.3525515266808,7
0.2,8,38,7005088,greedy,2337,10,10,4,6,40.0,689.3691436186632,525.840645705435,1356.3165807055318,2757.476574474653,13
0.2,8,38,7005088,global_min_cost,2337,10,10,4,6,40.0,620.9943397819598,389.0910380320281,1274.2668161014876,2483.977359127839,16
0.2,10,38,7005088,greedy,2337,10,10,6,4,60.0,477.2429022762077,331.2973486493327,1053.6744773671394,2863.457413657246,9
0.2,10,38,7005088,global_min_cost,2337,10,10,6,4,60.0,472.78266049599375,331.2973486493327,1040.2937520264977,2836.6959629759626,11
0.2,12,38,7005088,greedy,2337,10,10,7,3,70.0,455.7577151130666,326.8465921342198,939.3640903977732,3190.304005791466,6
0.2,12,38,7005088,global_min_cost,2337,10,10,7,3,70.0,451.934650730026,326.8465921342198,923.307219989003,3163.5425551101825,8
0.2,14,38,7005088,greedy,2337,10,10,7,3,70.0,455.7577151130666,326.8465921342198,939.3640903977732,3190.304005791466,6
0.2,14,38,7005088,global_min_cost,2337,10,10,7,3,70.0,451.934650730026,326.8465921342198,929.8596015381719,3163.5425551101825,8
0.2,16,38,7005088,greedy,2337,10,10,8,2,80.0,427.3672449416876,324.8337881796267,806.3206879515074,3418.937959533501,5
0.2,16,38,7005088,global_min_cost,2337,10,10,8,2,80.0,427.3672449416876,324.8337881796267,806.3206879515074,3418.937959533501,5
0.2,20,38,7005088,greedy,2337,10,10,8,2,80.0,401.5239251606941,299.0984842486959,717.7650776750368,3212.1914012855527,5
0.2,20,38,7005088,global_min_cost,2337,10,10,8,2,80.0,401.5239251606941,291.1780768656948,717.7650776750368,3212.1914012855523,5
0.2,24,38,7005088,greedy,2337,10,10,8,2,80.0,399.0522839289768,292.22796578848533,716.3605381581453,3192.4182714318144,5
0.2,24,38,7005088,global_min_cost,2337,10,10,8,2,80.0,399.0522839289768,291.1780768656948,722.6569022543188,3192.4182714318144,5
0.2,32,38,7005088,greedy,2337,10,10,8,2,80.0,366.6684725012376,257.4652869648372,716.3605381581453,2933.3477800099004,5
0.2,32,38,7005088,global_min_cost,2337,10,10,8,2,80.0,366.6684725012376,244.08456162419537,722.6569022543188,2933.347780009901,5
0.2,8,39,7005089,greedy,2212,10,10,3,7,30.0,468.5836485688974,629.4765026993427,703.9271012594015,1405.7509457066922,20
0.2,8,39,7005089,global_min_cost,2212,10,10,3,7,30.0,356.8613766171061,387.37293504404244,581.0557891682827,1070.5841298513183,20
0.2,10,39,7005089,greedy,2212,10,10,5,5,50.0,511.66003811979385,629.4765026993427,668.5945655655856,2558.300190598969,15
0.2,10,39,7005089,global_min_cost,2212,10,10,5,5,50.0,330.98820350914303,365.2047594632747,532.6350756372226,1654.9410175457153,14
0.2,12,39,7005089,greedy,2212,10,10,6,4,60.0,445.1982417291892,481.77947548893457,642.6215979339039,2671.189450375135,14
0.2,12,39,7005089,global_min_cost,2212,10,10,6,4,60.0,341.95186116674506,376.28884725365856,513.1233260770489,2051.71116700047,11
0.2,14,39,7005089,greedy,2212,10,10,7,3,70.0,440.97398052888923,542.175822126229,680.6057280962585,3086.8178637022247,9
0.2,14,39,7005089,global_min_cost,2212,10,10,7,3,70.0,310.12263267017875,365.2047594632747,489.85269075259015,2170.858428691251,10
0.2,16,39,7005089,greedy,2212,10,10,8,2,80.0,371.08572649421495,374.6163559649233,637.3635598400795,2968.6858119537196,6
0.2,16,39,7005089,global_min_cost,2212,10,10,8,2,80.0,309.70024555261557,292.1784438471985,568.3660262981631,2477.6019644209246,6
0.2,20,39,7005089,greedy,2212,10,10,8,2,80.0,371.08572649421495,374.6163559649233,637.3635598400795,2968.6858119537196,6
0.2,20,39,7005089,global_min_cost,2212,10,10,8,2,80.0,309.70024555261557,292.1784438471985,568.3660262981631,2477.6019644209246,6
0.2,24,39,7005089,greedy,2212,10,10,9,1,90.0,342.66171362108264,352.46256247509154,559.6359582408518,3083.955422589744,1
0.2,24,39,7005089,global_min_cost,2212,10,10,9,1,90.0,302.5276910313554,245.14725486127386,559.6359582408518,2722.7492192821983,1
0.2,32,39,7005089,greedy,2212,10,10,9,1,90.0,339.63975032507994,352.46256247509154,559.6359582408518,3056.7577529257196,1
0.2,32,39,7005089,global_min_cost,2212,10,10,9,1,90.0,299.53617570347484,245.14725486127386,559.6359582408518,2695.8255813312735,1
0.2,8,40,7005090,greedy,2348,10,10,5,5,50.0,908.2916019695705,763.6484268978645,1298.3185464382286,4541.458009847853,14
0.2,8,40,7005090,global_min_cost,2348,10,10,5,5,50.0,767.0254377596406,696.7083913623729,1296.60268298041,3835.127188798203,14
0.2,10,40,7005090,greedy,2348,10,10,6,4,60.0,904.1112475560141,771.4513621616749,1337.3317211742587,5424.667485336085,10
0.2,10,40,7005090,global_min_cost,2348,10,10,6,4,60.0,630.0228763589316,679.0707634812942,851.4514758247503,3780.1372581535893,13
0.2,12,40,7005090,greedy,2348,10,10,7,3,70.0,906.4815267892022,763.6484268978645,1430.7493055091427,6345.370687524416,8
0.2,12,40,7005090,global_min_cost,2348,10,10,7,3,70.0,605.517208532566,661.4331356002155,836.1541084159879,4238.620459727961,10
0.2,14,40,7005090,greedy,2348,10,10,8,2,80.0,789.150660339372,696.8512976190414,1294.9559667039114,6313.205282714976,5
0.2,14,40,7005090,global_min_cost,2348,10,10,8,2,80.0,564.9414014818744,659.4593253244772,820.8567410072254,4519.531211854995,6
0.2,16,40,7005090,greedy,2348,10,10,9,1,90.0,751.681154630785,657.4855150487389,1306.6111373926678,6765.130391677066,4
0.2,16,40,7005090,global_min_cost,2348,10,10,9,1,90.0,507.2120702263452,549.6158036154785,752.6217671011735,4564.908632037106,2
0.2,20,40,7005090,greedy,2348,10,10,10,0,100.0,754.414335276298,696.8512976190414,1345.5669176807405,7544.14335276298,0
0.2,20,40,7005090,global_min_cost,2348,10,10,10,0,100.0,563.3172959218365,603.5506593321087,928.0564009075329,5633.172959218365,0
0.2,24,40,7005090,greedy,2348,10,10,10,0,100.0,572.198440779074,618.6965338992993,797.1566908815098,5721.98440779074,0
0.2,24,40,7005090,global_min_cost,2348,10,10,10,0,100.0,512.8782760264957,603.5506593321087,926.132312270722,5128.782760264957,0
0.2,32,40,7005090,greedy,2348,10,10,10,0,100.0,567.7464610463784,618.6965338992993,783.3286101122654,5677.464610463783,0
0.2,32,40,7005090,global_min_cost,2348,10,10,10,0,100.0,508.4262962938,553.7731657037336,965.5155360356098,5084.262962938001,0
0.2,8,41,7005091,greedy,2348,10,10,6,4,60.0,507.8964444729687,335.7339497852839,1114.6655200762007,3047.3786668378125,14
0.2,8,41,7005091,global_min_cost,2348,10,10,6,4,60.0,507.89644447296865,335.7339497852839,1114.6655200762004,3047.378666837812,14
0.2,10,41,7005091,greedy,2348,10,10,6,4,60.0,483.4755078359074,262.4711398741001,1114.6655200762007,2900.8530470154446,14
0.2,10,41,7005091,global_min_cost,2348,10,10,6,4,60.0,474.9771527739328,236.97607468817625,1114.6655200762007,2849.8629166435967,14
0.2,12,41,7005091,greedy,2348,10,10,6,4,60.0,483.4755078359074,262.4711398741001,1114.6655200762007,2900.8530470154446,14
0.2,12,41,7005091,global_min_cost,2348,10,10,6,4,60.0,474.97715277393274,236.97607468817625,1114.6655200762004,2849.8629166435967,14
0.2,14,41,7005091,greedy,2348,10,10,6,4,60.0,429.9000592715935,120.51109781997425,1114.6655200762007,2579.4003556295606,14
0.2,14,41,7005091,global_min_cost,2348,10,10,6,4,60.0,429.9000592715935,120.51109781997425,1114.6655200762007,2579.400355629561,14
0.2,16,41,7005091,greedy,2348,10,10,6,4,60.0,388.49692040875686,120.51109781997425,990.4561034876907,2330.981522452541,14
0.2,16,41,7005091,global_min_cost,2348,10,10,6,4,60.0,388.49692040875686,120.51109781997425,990.4561034876907,2330.981522452541,14
0.2,20,41,7005091,greedy,2348,10,10,6,4,60.0,306.72418453178847,120.51109781997425,745.1378958567855,1840.3451071907307,14
0.2,20,41,7005091,global_min_cost,2348,10,10,6,4,60.0,306.72418453178847,120.51109781997425,745.1378958567855,1840.3451071907307,14
0.2,24,41,7005091,greedy,2348,10,10,6,4,60.0,216.51719026376756,120.51109781997425,474.51691305272277,1299.1031415826055,14
0.2,24,41,7005091,global_min_cost,2348,10,10,6,4,60.0,216.51719026376756,120.51109781997425,474.51691305272277,1299.1031415826053,14
0.2,32,41,7005091,greedy,2348,10,10,6,4,60.0,144.8286369074673,101.39749057800393,278.5648602257924,868.9718214448039,14
0.2,32,41,7005091,global_min_cost,2348,10,10,6,4,60.0,144.8286369074673,101.39749057800393,278.5648602257924,868.9718214448038,14
0.2,8,42,7005092,greedy,2212,10,10,5,5,50.0,653.255579976064,551.0718339551678,878.8526605716095,3266.27789988032,13
0.2,8,42,7005092,global_min_cost,2212,10,10,5,5,50.0,424.05853085323247,435.58458901736003,761.6223328373526,2120.2926542661626,14
0.2,10,42,7005092,greedy,2212,10,10,6,4,60.0,585.1140372352003,526.9894139442378,873.0684926914762,3510.6842234112014,9
0.2,10,42,7005092,global_min_cost,2212,10,10,6,4,60.0,394.11649629950733,339.9954562741207,726.530583023655,2364.698977797044,10
0.2,12,42,7005092,greedy,2212,10,10,6,4,60.0,528.1840440514961,484.5345402710999,873.0684926914762,3169.1042643089763,9
0.2,12,42,7005092,global_min_cost,2212,10,10,6,4,60.0,337.18650311580313,226.94909919191207,668.7869605547512,2023.1190186948188,10
0.2,14,42,7005092,greedy,2212,10,10,7,3,70.0,424.35566844753606,294.8116584789136,867.284324811343,2970.489679132752,8
0.2,14,42,7005092,global_min_cost,2212,10,10,7,3,70.0,406.3195441849171,244.4063235308814,873.1851186243288,2844.23680929442,8
0.2,16,42,7005092,greedy,2212,10,10,7,3,70.0,412.09888939023836,294.8116584789136,867.284324811343,2884.6922257316683,8
0.2,16,42,7005092,global_min_cost,2212,10,10,7,3,70.0,394.0627651276194,227.48925356296564,918.55986831645,2758.4393558933357,8
0.2,20,42,7005092,greedy,2212,10,10,7,3,70.0,358.8508390983849,227.48925356296564,778.9550471058187,2511.955873688694,8
0.2,20,42,7005092,global_min_cost,2212,10,10,7,3,70.0,358.8508390983849,227.48925356296564,778.9550471058187,2511.955873688694,8
0.2,24,42,7005092,greedy,2212,10,10,7,3,70.0,358.8508390983849,227.48925356296564,778.9550471058187,2511.955873688694,8
0.2,24,42,7005092,global_min_cost,2212,10,10,7,3,70.0,358.8508390983849,227.48925356296564,778.9550471058187,2511.955873688694,8
0.2,32,42,7005092,greedy,2212,10,10,7,3,70.0,274.94796021741297,201.18629033597426,507.439526955386,1924.6357215218904,8
0.2,32,42,7005092,global_min_cost,2212,10,10,7,3,70.0,274.94796021741297,201.18629033597426,507.439526955386,1924.6357215218907,8
0.2,8,43,7005093,greedy,2282,10,10,5,5,50.0,323.261141728766,255.9764757456528,559.7445488067692,1616.3057086438303,12
0.2,8,43,7005093,global_min_cost,2282,10,10,5,5,50.0,304.5152654019316,255.9764757456528,477.035418523357,1522.576327009658,12
0.2,10,43,7005093,greedy,2282,10,10,5,5,50.0,323.261141728766,255.9764757456528,559.7445488067692,1616.3057086438303,12
0.2,10,43,7005093,global_min_cost,2282,10,10,5,5,50.0,304.5152654019316,255.9764757456528,477.035418523357,1522.576327009658,12
0.2,12,43,7005093,greedy,2282,10,10,5,5,50.0,297.3209195533313,255.9764757456528,481.923882280465,1486.6045977666565,12
0.2,12,43,7005093,global_min_cost,2282,10,10,5,5,50.0,257.76043175925173,255.9764757456528,340.5307100116373,1288.8021587962587,12
0.2,14,43,7005093,greedy,2282,10,10,5,5,50.0,297.3209195533313,255.9764757456528,481.923882280465,1486.6045977666565,12
0.2,14,43,7005093,global_min_cost,2282,10,10,5,5,50.0,257.76043175925173,255.9764757456528,340.5307100116373,1288.8021587962587,12
0.2,16,43,7005093,greedy,2282,10,10,5,5,50.0,297.3209195533313,255.9764757456528,481.923882280465,1486.6045977666565,12
0.2,16,43,7005093,global_min_cost,2282,10,10,5,5,50.0,257.76043175925173,255.9764757456528,340.5307100116373,1288.8021587962587,12
0.2,20,43,7005093,greedy,2282,10,10,5,5,50.0,296.20217340559356,255.9764757456528,481.923882280465,1481.0108670279678,12
0.2,20,43,7005093,global_min_cost,2282,10,10,5,5,50.0,256.641685611514,255.9764757456528,340.5307100116373,1283.2084280575698,12
0.2,24,43,7005093,greedy,2282,10,10,5,5,50.0,296.20217340559356,255.9764757456528,481.923882280465,1481.0108670279678,12
0.2,24,43,7005093,global_min_cost,2282,10,10,5,5,50.0,256.641685611514,255.9764757456528,340.5307100116373,1283.2084280575698,12
0.2,32,43,7005093,greedy,2282,10,10,5,5,50.0,183.70002792695198,175.76349120365424,332.2691103632222,918.5001396347598,12
0.2,32,43,7005093,global_min_cost,2282,10,10,5,5,50.0,183.70002792695198,175.76349120365424,332.2691103632222,918.5001396347598,12
0.2,8,44,7005094,greedy,2283,10,10,7,3,70.0,556.6962443067208,532.8294075533659,994.9329068461282,3896.873710147046,10
0.2,8,44,7005094,global_min_cost,2283,10,10,7,3,70.0,525.9911802704744,430.3750410579034,978.9020687772327,3681.93826189332,10
0.2,10,44,7005094,greedy,2283,10,10,8,2,80.0,605.3187299957799,586.4969816101068,1040.9070303203855,4842.549839966239,7
0.2,10,44,7005094,global_min_cost,2283,10,10,8,2,80.0,586.138792175708,542.0926130346311,1011.8678471200349,4689.110337405664,7
0.2,12,44,7005094,greedy,2283,10,10,8,2,80.0,605.3187299957799,586.4969816101068,1040.9070303203855,4842.549839966239,7
0.2,12,44,7005094,global_min_cost,2283,10,10,8,2,80.0,586.138792175708,535.2697983623755,984.8758693138413,4689.110337405664,7
0.2,14,44,7005094,greedy,2283,10,10,8,2,80.0,392.4694188618755,314.50763498896947,759.8187521616542,3139.755350895004,7
0.2,14,44,7005094,global_min_cost,2283,10,10,8,2,80.0,379.4539349079792,396.1414889589978,570.9207278973668,3035.631479263834,7
0.2,16,44,7005094,greedy,2283,10,10,8,2,80.0,392.4694188618755,314.50763498896947,759.8187521616542,3139.755350895004,7
0.2,16,44,7005094,global_min_cost,2283,10,10,8,2,80.0,379.4539349079792,351.4521829571601,602.9406714292984,3035.631479263833,7
0.2,20,44,7005094,greedy,2283,10,10,8,2,80.0,283.72762187185765,238.33390715192138,488.11539872822266,2269.820974974861,7
0.2,20,44,7005094,global_min_cost,2283,10,10,8,2,80.0,259.95989756035243,235.2766302041352,407.33462629213676,2079.6791804828194,7
0.2,24,44,7005094,greedy,2283,10,10,8,2,80.0,223.75626561966655,182.00016876893505,382.4480681194355,1790.0501249573322,7
0.2,24,44,7005094,global_min_cost,2283,10,10,8,2,80.0,223.75626561966655,182.00016876893505,382.4480681194355,1790.0501249573324,7
0.2,32,44,7005094,greedy,2283,10,10,9,1,90.0,230.07708203786814,192.51453769827194,375.6013576996544,2070.693738340813,5
0.2,32,44,7005094,global_min_cost,2283,10,10,9,1,90.0,228.5683151932797,231.85967718858268,329.14584044484917,2057.1148367395176,5
0.2,8,45,7005095,greedy,2307,10,10,5,5,50.0,980.9100222666202,906.0982616638029,1342.0164738043284,4904.550111333101,10
0.2,8,45,7005095,global_min_cost,2307,10,10,6,4,60.0,835.5415505402302,886.3181711342472,1274.6730725877233,5013.249303241381,10
0.2,10,45,7005095,greedy,2307,10,10,6,4,60.0,1000.3657940495763,1001.8714573140799,1321.57004085388,6002.194764297458,8
0.2,10,45,7005095,global_min_cost,2307,10,10,6,4,60.0,835.5415505402302,886.3181711342472,1274.6730725877233,5013.249303241381,10
0.2,12,45,7005095,greedy,2307,10,10,6,4,60.0,924.3880618131191,799.8225171726392,1321.57004085388,5546.328370878715,8
0.2,12,45,7005095,global_min_cost,2307,10,10,6,4,60.0,765.6097989394513,788.5658043255141,1162.630184594119,4593.658793636708,10
0.2,14,45,7005095,greedy,2307,10,10,7,3,70.0,891.4315052215876,814.7695674688301,1376.0015965911477,6240.020536551113,6
0.2,14,45,7005095,global_min_cost,2307,10,10,7,3,70.0,891.4315052215876,814.7695674688301,1376.0015965911477,6240.020536551113,6
0.2,16,45,7005095,greedy,2307,10,10,7,3,70.0,832.3297916660828,698.1868707631621,1376.0015965911477,5826.308541662579,6
0.2,16,45,7005095,global_min_cost,2307,10,10,7,3,70.0,832.3297916660828,698.1868707631621,1376.0015965911477,5826.308541662579,6
0.2,20,45,7005095,greedy,2307,10,10,7,3,70.0,811.2704016417007,698.1868707631621,1376.0015965911477,5678.892811491905,6
0.2,20,45,7005095,global_min_cost,2307,10,10,7,3,70.0,811.2704016417006,580.1325227813579,1647.6172742575843,5678.8928114919045,6
0.2,24,45,7005095,greedy,2307,10,10,8,2,80.0,641.5295084649703,586.3978636972859,1280.6771749529833,5132.236067719762,2
0.2,24,45,7005095,global_min_cost,2307,10,10,8,2,80.0,634.7862099990087,527.3706897063838,1374.2665570320578,5078.289679992071,5
0.2,32,45,7005095,greedy,2307,10,10,8,2,80.0,416.3338079756801,340.01138566371554,833.2334276287869,3330.670463805441,2
0.2,32,45,7005095,global_min_cost,2307,10,10,8,2,80.0,409.5905095097186,340.01138566371554,833.2334276287869,3276.7240760777486,5
0.2,8,46,7005096,greedy,2231,10,10,6,4,60.0,566.8965900931884,502.51836867748625,1105.800374846353,3401.379540559131,12
0.2,8,46,7005096,global_min_cost,2231,10,10,6,4,60.0,376.34873387042893,265.14570788166367,765.1246661040939,2258.0924032225735,12
0.2,10,46,7005096,greedy,2231,10,10,6,4,60.0,270.7078949211772,217.23428933031954,502.51836867748625,1624.2473695270633,12
0.2,10,46,7005096,global_min_cost,2231,10,10,6,4,60.0,265.5248653707383,195.2803998091993,502.51836867748625,1593.1491922244297,12
0.2,12,46,7005096,greedy,2231,10,10,6,4,60.0,270.7078949211772,217.23428933031954,502.51836867748625,1624.2473695270633,12
0.2,12,46,7005096,global_min_cost,2231,10,10,6,4,60.0,265.5248653707383,195.2803998091993,502.51836867748625,1593.1491922244297,12
0.2,14,46,7005096,greedy,2231,10,10,6,4,60.0,267.67241693411836,208.12785536914288,502.51836867748625,1606.03450160471,12
0.2,14,46,7005096,global_min_cost,2231,10,10,6,4,60.0,262.4893873836794,186.17396584802265,502.51836867748625,1574.9363243020764,12
0.2,16,46,7005096,greedy,2231,10,10,6,4,60.0,260.8856794201229,208.12785536914288,482.1581561355,1565.3140765207374,12
0.2,16,46,7005096,global_min_cost,2231,10,10,6,4,60.0,255.702649869684,186.17396584802265,482.1581561355,1534.215899218104,12
0.2,20,46,7005096,greedy,2231,10,10,6,4,60.0,251.27941164676358,208.12785536914288,453.339352815422,1507.6764698805812,12
0.2,20,46,7005096,global_min_cost,2231,10,10,6,4,60.0,246.09638209632465,186.17396584802265,453.339352815422,1476.5782925779476,12
0.2,24,46,7005096,greedy,2231,10,10,6,4,60.0,251.27941164676358,208.12785536914288,453.339352815422,1507.6764698805812,12
0.2,24,46,7005096,global_min_cost,2231,10,10,6,4,60.0,246.09638209632465,186.17396584802265,453.339352815422,1476.5782925779476,12
0.2,32,46,7005096,greedy,2231,10,10,7,3,70.0,187.48241130924276,155.47263143341877,372.92658563152764,1312.3768791646992,8
0.2,32,46,7005096,global_min_cost,2231,10,10,7,3,70.0,183.06518360936641,127.18564661584203,372.92658563152764,1281.456285265565,8
0.2,8,47,7005097,greedy,2252,10,10,5,5,50.0,218.97115595271984,268.16948550212857,273.8716940408538,1094.8557797635992,14
0.2,8,47,7005097,global_min_cost,2252,10,10,5,5,50.0,218.97115595271984,268.16948550212857,273.8716940408538,1094.8557797635992,14
0.2,10,47,7005097,greedy,2252,10,10,5,5,50.0,218.97115595271984,268.16948550212857,273.8716940408538,1094.8557797635992,14
0.2,10,47,7005097,global_min_cost,2252,10,10,5,5,50.0,218.97115595271984,268.16948550212857,273.8716940408538,1094.8557797635992,14
0.2,12,47,7005097,greedy,2252,10,10,6,4,60.0,332.9600924619465,269.3538246274886,589.4994112871351,1997.7605547716787,10
0.2,12,47,7005097,global_min_cost,2252,10,10,6,4,60.0,298.88376810635356,269.3538246274886,487.27043822035637,1793.3026086381215,11
0.2,14,47,7005097,greedy,2252,10,10,6,4,60.0,332.9600924619465,269.3538246274886,589.4994112871351,1997.7605547716787,10
0.2,14,47,7005097,global_min_cost,2252,10,10,6,4,60.0,298.88376810635356,269.3538246274886,487.27043822035637,1793.3026086381215,11
0.2,16,47,7005097,greedy,2252,10,10,6,4,60.0,332.9600924619465,269.3538246274886,589.4994112871351,1997.7605547716787,10
0.2,16,47,7005097,global_min_cost,2252,10,10,6,4,60.0,298.88376810635356,269.3538246274886,487.27043822035637,1793.3026086381215,11
0.2,20,47,7005097,greedy,2252,10,10,6,4,60.0,332.9600924619465,269.3538246274886,589.4994112871351,1997.7605547716787,10
0.2,20,47,7005097,global_min_cost,2252,10,10,6,4,60.0,298.88376810635356,269.3538246274886,487.27043822035637,1793.3026086381215,11
0.2,24,47,7005097,greedy,2252,10,10,7,3,70.0,270.91856196405905,270.53816375284873,455.8912876050533,1896.429933748413,7
0.2,24,47,7005097,global_min_cost,2252,10,10,7,3,70.0,270.91856196405905,270.53816375284873,455.8912876050533,1896.4299337484135,7
0.2,32,47,7005097,greedy,2252,10,10,7,3,70.0,192.2910501099737,268.16948550212857,320.7803192210596,1346.0373507698157,7
0.2,32,47,7005097,global_min_cost,2252,10,10,7,3,70.0,192.2910501099737,268.16948550212857,320.7803192210596,1346.037350769816,7
0.2,8,48,7005098,greedy,2319,10,10,4,6,40.0,488.3504364220886,359.9089895171504,841.6464372149915,1953.4017456883546,23
0.2,8,48,7005098,global_min_cost,2319,10,10,4,6,40.0,452.98671924548444,356.1189375720671,873.4317907099864,1811.9468769819377,21
0.2,10,48,7005098,greedy,2319,10,10,4,6,40.0,488.3504364220886,359.9089895171504,841.6464372149915,1953.4017456883546,23
0.2,10,48,7005098,global_min_cost,2319,10,10,4,6,40.0,452.98671924548444,356.1189375720671,873.4317907099864,1811.9468769819377,21
0.2,12,48,7005098,greedy,2319,10,10,5,5,50.0,440.6941668336274,358.27030805634496,773.0608991811292,2203.470834168137,19
0.2,12,48,7005098,global_min_cost,2319,10,10,5,5,50.0,439.1781460555941,250.06908847978258,815.4413705077892,2195.8907302779708,19
0.2,14,48,7005098,greedy,2319,10,10,5,5,50.0,168.40112050577844,186.18071533747562,247.93706342768093,842.0056025288923,19
0.2,14,48,7005098,global_min_cost,2319,10,10,6,4,60.0,320.94972315810844,198.33528938616794,715.6734523063054,1925.6983389486506,15
0.2,16,48,7005098,greedy,2319,10,10,5,5,50.0,168.40112050577844,186.18071533747562,247.93706342768093,842.0056025288923,19
0.2,16,48,7005098,global_min_cost,2319,10,10,6,4,60.0,320.94972315810844,215.45987059350202,648.7360698981803,1925.6983389486506,15
0.2,20,48,7005098,greedy,2319,10,10,5,5,50.0,168.40112050577844,186.18071533747562,247.93706342768093,842.0056025288923,19
0.2,20,48,7005098,global_min_cost,2319,10,10,6,4,60.0,320.94972315810844,198.33528938616794,715.6734523063054,1925.6983389486506,15
0.2,24,48,7005098,greedy,2319,10,10,6,4,60.0,247.11345729275214,215.45987059350202,445.37211485370153,1482.6807437565128,15
0.2,24,48,7005098,global_min_cost,2319,10,10,7,3,70.0,324.2166232510024,244.73902584952842,591.7387556879239,2269.5163627570164,11
0.2,32,48,7005098,greedy,2319,10,10,6,4,60.0,245.86672269729792,211.7196668071394,445.37211485370153,1475.2003361837876,15
0.2,32,48,7005098,global_min_cost,2319,10,10,7,3,70.0,243.43008955094112,242.03618054368752,368.52862435684233,1704.0106268565876,11
0.2,8,49,7005099,greedy,2249,10,10,5,5,50.0,787.2259387871454,468.9677174348692,1633.007300671792,3936.129693935727,18
0.2,8,49,7005099,global_min_cost,2249,10,10,5,5,50.0,651.2469337960054,501.963483899043,1039.9723392936644,3256.234668980027,16
0.2,10,49,7005099,greedy,2249,10,10,5,5,50.0,787.2259387871454,468.9677174348692,1633.007300671792,3936.129693935727,18
0.2,10,49,7005099,global_min_cost,2249,10,10,5,5,50.0,651.2469337960054,501.963483899043,1039.9723392936644,3256.234668980027,16
0.2,12,49,7005099,greedy,2249,10,10,7,3,70.0,983.2063142291423,873.7659098005802,2190.1019741243676,6882.444199603996,12
0.2,12,49,7005099,global_min_cost,2249,10,10,7,3,70.0,924.5681843910029,936.2811800403109,1720.0495544711969,6471.977290737021,12
0.2,14,49,7005099,greedy,2249,10,10,7,3,70.0,873.1004497761304,873.7659098005802,1817.96083792526,6111.703148432914,12
0.2,14,49,7005099,global_min_cost,2249,10,10,7,3,70.0,814.4623199379911,936.2811800403109,1411.7531340027635,5701.2362395659375,12
0.2,16,49,7005099,greedy,2249,10,10,7,3,70.0,690.0488988535513,723.7026895100179,1299.9266958094554,4830.34229197486,12
0.2,16,49,7005099,global_min_cost,2249,10,10,7,3,70.0,631.4107690154121,723.7026895100179,991.7378811151362,4419.875383107885,12
0.2,20,49,7005099,greedy,2249,10,10,7,3,70.0,533.2303809404234,539.7027150406808,978.0232088733588,3732.6126665829634,12
0.2,20,49,7005099,global_min_cost,2249,10,10,7,3,70.0,530.5434159634634,473.8619146642268,954.2287189712978,3713.803911744244,12
0.2,24,49,7005099,greedy,2249,10,10,7,3,70.0,523.0847096737298,513.4975136512227,954.2418494811612,3661.5929677161075,12
0.2,24,49,7005099,global_min_cost,2249,10,10,7,3,70.0,516.234955962387,420.9748817644296,930.4473595791002,3613.6446917367084,12
0.2,32,49,7005099,greedy,2249,10,10,7,3,70.0,506.8461710618307,473.8619146642268,909.821346703383,3547.923197432815,12
0.2,32,49,7005099,global_min_cost,2249,10,10,7,3,70.0,463.72406355167175,208.63106667612217,898.7151398392218,3246.068444861702,12
